SALE TYPE,SOLD DATE,PROPERTY TYPE,ADDRESS,CITY,STATE OR PROVINCE,ZIP OR POSTAL CODE,PRICE,BEDS,BATHS,LOCATION,SQUARE FEET,LOT SIZE,YEAR BUILT,DAYS ON MARKET,$/SQUARE FEET,HOA/MONTH,STATUS,NEXT OPEN HOUSE START TIME,NEXT OPEN HOUSE END TIME,URL,SOURCE,MLS#,FAVORITE,INTERESTED,LATITUDE,LONGITUDE,HAS_GARAGE,FLOORING_FEATURES,HEATING_FEATURES,COOLING_FEATURES,ELEMENTARY_SCHOOL_RATING,MIDDLE_SCHOOL_RATING,HIGH_SCHOOL_RATING,BUYER_AGENCY_COMPENSATION,PRICE_PR_SQFT,EST_MONTHLY_PAY,Bike Score,Bike Score_type,Walk Score,Walk Score_type,Transit Score,Transit Score_type,Flood Factor,Fire Factor,Heat Factor,Wind Factor,OVERALL_NEARBY_PLACES,PRICE_HISTORY1_EVENT_DATE,PRICE_HISTORY1_EVENT_TYPE,PRICE_HISTORY1_PRICE,PRICE_HISTORY2_EVENT_DATE,PRICE_HISTORY2_EVENT_TYPE,PRICE_HISTORY2_PRICE,PRICE_HISTORY3_EVENT_DATE,PRICE_HISTORY3_EVENT_TYPE,PRICE_HISTORY3_PRICE,PRICE_HISTORY4_EVENT_DATE,PRICE_HISTORY4_EVENT_TYPE,PRICE_HISTORY4_PRICE,url,REDFIN_ESTIMATE,PRICE_HISTORY5_EVENT_DATE,PRICE_HISTORY5_EVENT_TYPE,PRICE_HISTORY5_PRICE,PRICE_HISTORY6_EVENT_DATE,PRICE_HISTORY6_EVENT_TYPE,PRICE_HISTORY6_PRICE,UTILITIES,PRICE_HISTORY7_EVENT_DATE,PRICE_HISTORY7_EVENT_TYPE,PRICE_HISTORY7_PRICE,PRICE_HISTORY8_EVENT_DATE,PRICE_HISTORY8_EVENT_TYPE,PRICE_HISTORY8_PRICE,PRICE_HISTORY9_EVENT_DATE,PRICE_HISTORY9_EVENT_TYPE,PRICE_HISTORY9_PRICE,NUM_STORIES,PARK_DESCRIPTION,BATH_DESCRIPTION,DINNING_DESC,LAUNDARY_FEATURES
MLS Listing,,Single Family Residential,1709 Chase St,Oakland,CA,94607,995000,4.0,3.0,WEST OAKLAND,1756.0,2291.0,1889.0,2,567.0,,Active,October-1-2023 02:00 PM,October-1-2023 04:00 PM,https://www.redfin.com/CA/Oakland/1709-Chase-St-94607/home/1113120,"bridgeMLS, Bay East AOR, or Contra Costa AOR",41040500,N,Y,37.8081553,-122.3004971,1.0,"Concrete, Hardwood, Tile",Forced Air,Central Air,2,3,2,2.5,567.0,7035.0,92,Biker's paradise,75,Very walkable,65,Good transit,Minimal,Minimal,Moderate,Minimal,"Places10 groceries, 19 restaurants, 9 parksTransit14, 29, 314, 36, 62, 705, 800, 88, 96, Blue-N, Blue-S, Green-N, Green-S, Megabus, NL, O, OA, OX, Red-N, Red-S, S, SB, SSF, W, Yellow-N, Yellow-S","Sep 28, 2023","Listed (Active)bridgeMLS, Bay East AOR, or Contra Costa AOR #41040500",995000.0,"Oct 25, 2018","PendingbridgeMLS, Bay East AOR, or Contra Costa AOR #40832183",NA,"Sep 17, 2018","Price ChangedbridgeMLS, Bay East AOR, or Contra Costa AOR #40832183",849000.0,"Jul 27, 2018","Listed (New)bridgeMLS, Bay East AOR, or Contra Costa AOR #40832183",899000.0,https://www.redfin.com/CA/Oakland/1709-Chase-St-94607/home/1113120,,,,,,,,,,,,,,,,,,,,,,
MLS Listing,,Single Family Residential,4349 Hyacinth Ave,Oakland,CA,94619,799000,2.0,1.0,UPPER LAUREL,1006.0,3200.0,1940.0,8,794.0,,Active,October-1-2023 02:00 PM,October-1-2023 04:00 PM,https://www.redfin.com/CA/Oakland/4349-Hyacinth-Ave-94619/home/1465453,"bridgeMLS, Bay East AOR, or Contra Costa AOR",41039961,N,Y,37.7896676,-122.1879749,,"Hardwood, Tile, Carpet",Wall Furnace,No Air Conditioning,4,NA,5,2.5,794.0,5649.0,37,Somewhat bikeable,69,Somewhat walkable,48,Some transit,Minimal,Moderate,Moderate,Minimal,"Places3 groceries, 24 restaurants, 2 parksTransit14, 45, 47, 54, 57, 617, 638, 648, 650, 654, 655, 657, 680, 682, 696, 805, NL, NX, NX2, NX3, NXC","Sep 22, 2023","Listed (New)bridgeMLS, Bay East AOR, or Contra Costa AOR #41039961",799000.0,"Oct 8, 2018","PendingbridgeMLS, Bay East AOR, or Contra Costa AOR #40839551",NA,"Sep 21, 2018","Listed (New)bridgeMLS, Bay East AOR, or Contra Costa AOR #40839551",580000.0,,,,https://www.redfin.com/CA/Oakland/4349-Hyacinth-Ave-94619/home/1465453,,,,,,,,,,,,,,,,,,,,,,
MLS Listing,,Single Family Residential,6585 Oakwood Dr,Oakland,CA,94611,1695000,4.0,3.0,MONTCLAIR,3611.0,15120.0,2011.0,9,469.0,,Active,October-1-2023 02:00 PM,October-1-2023 04:00 PM,https://www.redfin.com/CA/Oakland/6585-Oakwood-Dr-94611/home/22690242,"bridgeMLS, Bay East AOR, or Contra Costa AOR",41039353,N,Y,37.8409922,-122.200456,2.0,"Concrete, Hardwood, Tile",Zoned,Zoned,8,5,5,2.5,469.0,11985.0,14,Somewhat bikeable,12,Car-dependent,9,Minimal transit,Minimal,Moderate,Minimal,Minimal,"Places4 groceries, 22 restaurants, 6 parksTransit33, 605, 642, 646, 649, 650, 653, 655, 660, 662, 677, 682, 688, 696, CB, E, V","Sep 21, 2023","Listed (New)bridgeMLS, Bay East AOR, or Contra Costa AOR #41039353",1695000.0,"May 26, 2020","PendingbridgeMLS, Bay East AOR, or Contra Costa AOR #40905651",NA,"May 22, 2020","Listed (New)bridgeMLS, Bay East AOR, or Contra Costa AOR #40905651",1599000.0,,,,https://www.redfin.com/CA/Oakland/6585-Oakwood-Dr-94611/home/22690242,,,,,,,,,,,,,,,,,,,,,,
MLS Listing,,Condo/Co-op,655 12th St #113,Oakland,CA,94607,599000,2.0,2.0,DOWNTOWN,979.0,29749.0,2003.0,16,612.0,480.0,Active,,,https://www.redfin.com/CA/Oakland/655-12th-St-94607/unit-113/home/1232465,"bridgeMLS, Bay East AOR, or Contra Costa AOR",41039159,N,Y,37.8045763,-122.2773515,,"Laminate, Vinyl, Engineered Wood",Electric,No Air Conditioning,NA,3,2,2.5,612.0,4715.0,91,Biker's paradise,97,Walker's paradise,87,Excellent transit,Minimal,Minimal,Moderate,Minimal,"Places7 groceries, 30 restaurants, 1 parkTransit1, 12, 14, 18, 19, 20, 29, 314, 33, 40, 51A, 6, 611, 62, 72, 72M, 72R, 800, 801, 802, 805, 840, 851, 88, 96, BSD, BSN, Orange-N, Orange-S, Red-N, Red-S, Yellow-N, Yellow-S","Sep 14, 2023","Listed (New)bridgeMLS, Bay East AOR, or Contra Costa AOR #41039159",599000.0,"Feb 23, 2012","Pending (Pending - Subject to Lender Approval)bridgeMLS, Bay East AOR, or Contra Costa AOR #40557836",NA,"Feb 13, 2012","Price Changed (Price Change)bridgeMLS, Bay East AOR, or Contra Costa AOR #40557836",198000.0,"Jan 16, 2012","Listed (New)bridgeMLS, Bay East AOR, or Contra Costa AOR #40557836",215000.0,https://www.redfin.com/CA/Oakland/655-12th-St-94607/unit-113/home/1232465,596946.0,,,,,,,,,,,,,,,,,,,,,
MLS Listing,,Condo/Co-op,22 Moss Ave #212,Oakland,CA,94610,635000,2.0,2.0,ROSE GARDEN,1159.0,,1965.0,22,548.0,545.0,Active,,,https://www.redfin.com/CA/Oakland/22-Moss-Ave-94610/unit-212/home/1890779,"bridgeMLS, Bay East AOR, or Contra Costa AOR",41038579,N,Y,37.8189103,-122.2509358,1.0,"Tile, Carpet",Forced Air,No Air Conditioning,4,3,6,2.5,548.0,5035.0,69,Bikeable,84,Very walkable,54,Good transit,Minimal,Minimal,Moderate,Minimal,"Places3 groceries, 14 restaurants, 5 parksTransit12, 29, 33, 51A, 57, 611, 653, 657, 658, 660, 662, 680, 682, 688, 805, 851, B, C, CB, NL, NX, NX1, P","Sep 8, 2023","Listed (New)bridgeMLS, Bay East AOR, or Contra Costa AOR #41038579",635000.0,"Dec 20, 2022",ContingentMLSListings #ML81913154,NA,"Nov 16, 2022",Listed (Active)MLSListings #ML81913154,649000.0,,,,https://www.redfin.com/CA/Oakland/22-Moss-Ave-94610/unit-212/home/1890779,,,,,,,,,,,,,,,,,,,,,,
MLS Listing,,Condo/Co-op,901 Jefferson #314,Oakland,CA,94607,595000,2.0,2.0,DOWNTOWN,909.0,,2009.0,25,655.0,543.0,Active,,,https://www.redfin.com/CA/Oakland/901-Jefferson-St-94607/unit-314/home/174293623,"bridgeMLS, Bay East AOR, or Contra Costa AOR",41038091,N,Y,37.8027513,-122.2768642,1.0,"Carpet, Engineered Wood",Forced Air,,NA,3,6,2.5,655.0,4750.0,89,Very bikeable,98,Walker's paradise,87,Excellent transit,Minimal,Minimal,Moderate,Minimal,"Places6 groceries, 31 restaurants, 1 parkTransit1, 12, 14, 18, 19, 20, 29, 314, 33, 40, 51A, 6, 611, 62, 72, 72M, 72R, 800, 801, 802, 805, 840, 851, 88, 96, BSD, BSN, O, Orange-N, Orange-S, Red-N, Red-S, Yellow-N, Yellow-S","Sep 5, 2023","Listed (New)bridgeMLS, Bay East AOR, or Contra Costa AOR #41038091",595000.0,"Apr 5, 2023",Pending (Pending (Do Not Show))MLSListings #ML81919268,NA,"Mar 1, 2023",ContingentMLSListings #ML81919268,NA,"Feb 17, 2023",Listed (Active)MLSListings #ML81919268,655000.0,https://www.redfin.com/CA/Oakland/901-Jefferson-St-94607/unit-314/home/174293623,,,,,,,,,,,,,,,,,,,,,,
MLS Listing,,Single Family Residential,6625 Hillmont Dr,Oakland,CA,94605,779000,2.0,2.0,MILLSMONT AREA,957.0,7400.0,1925.0,28,814.0,,Active,,,https://www.redfin.com/CA/Oakland/6625-Hillmont-Dr-94605/home/786998,"bridgeMLS, Bay East AOR, or Contra Costa AOR",41037914,N,Y,37.7757449,-122.170902,,"Laminate, Parquet, Tile","Natural Gas, Wall Furnace, MultiUnits",Ceiling Fan(s),2,1,1,,814.0,5508.0,24,Somewhat bikeable,42,Car-dependent,52,Good transit,Minimal,Major,Moderate,Minimal,"Places3 groceries, 23 restaurants, 5 parksTransit356, 40, 45, 46, 46L, 54, 57, 617, 638, 646, 648, 650, 657, 680, 73, 805, 840, 98, NL, NX3, NX4, NXC","Sep 2, 2023","Listed (New)bridgeMLS, Bay East AOR, or Contra Costa AOR #41037914",779000.0,"Sep 2, 2023","Listed (New)bridgeMLS, Bay East AOR, or Contra Costa AOR #41037915",779000.0,,,,,,,https://www.redfin.com/CA/Oakland/6625-Hillmont-Dr-94605/home/786998,775047.0,,,,,,,,,,,,,,,,,,,,,
MLS Listing,,Condo/Co-op,385 Jayne Ave #315,Oakland,CA,94610,589000,2.0,1.0,ADAMS POINT,1108.0,23958.0,1970.0,36,532.0,480.0,Active,,,https://www.redfin.com/CA/Oakland/385-Jayne-Ave-94610/unit-315/home/1840909,"bridgeMLS, Bay East AOR, or Contra Costa AOR",41037165,N,Y,37.8146792,-122.2541779,1.0,"Laminate, Tile",Wall Furnace,No Air Conditioning,4,3,6,2.5,532.0,4645.0,70,Very bikeable,82,Very walkable,60,Good transit,Minimal,Minimal,Moderate,Minimal,"Places6 groceries, 22 restaurants, 3 parksTransit12, 29, 33, 51A, 57, 611, 653, 657, 658, 680, 688, 805, 851, B, BSD, BSN, C, NL, NX, NX1, P","Sep 7, 2023","Price ChangedbridgeMLS, Bay East AOR, or Contra Costa AOR #41037165",589000.0,"Aug 25, 2023","Listed (New)bridgeMLS, Bay East AOR, or Contra Costa AOR #41037165",599000.0,"Feb 17, 1999","DelistedbridgeMLS, Bay East AOR, or Contra Costa AOR #28116699",NA,"Jul 15, 1998","ListedbridgeMLS, Bay East AOR, or Contra Costa AOR #28116699",149900.0,https://www.redfin.com/CA/Oakland/385-Jayne-Ave-94610/unit-315/home/1840909,,,,,,,,,,,,,,,,,,,,,,
MLS Listing,,Single Family Residential,5018 Congress Ave,Oakland,CA,94601,799000,3.0,3.0,FAIRFAX,1056.0,3900.0,1925.0,36,757.0,,Active,,,https://www.redfin.com/CA/Oakland/5018-Congress-Ave-94601/home/1843258,"bridgeMLS, Bay East AOR, or Contra Costa AOR",41037152,N,Y,37.7762942,-122.2020271,1.0,"Tile, Engineered Wood",Forced Air,No Air Conditioning,1,1,1,2.5,757.0,5649.0,42,Somewhat bikeable,79,Very walkable,49,Some transit,Minimal,Minimal,Moderate,Minimal,"Places6 groceries, 22 restaurants, 4 parksTransit1, 14, 356, 40, 45, 47, 57, 617, 648, 650, 657, 680, 801, 805, 840, NL, NX, NX2, NX3, NXC","Aug 25, 2023","Listed (New)bridgeMLS, Bay East AOR, or Contra Costa AOR #41037152",799000.0,,,,,,,,,,https://www.redfin.com/CA/Oakland/5018-Congress-Ave-94601/home/1843258,,,,,,,,,,,,,,,,,,,,,,
MLS Listing,,Single Family Residential,5056 Congress Ave,Oakland,CA,94601,799000,3.0,2.0,FAIRFAX,1369.0,6500.0,1913.0,65,584.0,,Active,,,https://www.redfin.com/CA/Oakland/5056-Congress-Ave-94601/home/1843255,"bridgeMLS, Bay East AOR, or Contra Costa AOR",41034343,N,Y,37.7756766,-122.2017714,1.0,"Laminate, Vinyl",Forced Air,Central Air,1,1,1,2.5,584.0,5649.0,42,Somewhat bikeable,79,Very walkable,49,Some transit,Minimal,Minimal,Moderate,Minimal,"Places5 groceries, 21 restaurants, 4 parksTransit1, 14, 356, 40, 45, 47, 57, 617, 638, 648, 650, 657, 680, 801, 805, 840, NL, NX, NX2, NX3, NXC","Aug 25, 2023","Price ChangedbridgeMLS, Bay East AOR, or Contra Costa AOR #41034343",799000.0,"Jul 27, 2023","Listed (New)bridgeMLS, Bay East AOR, or Contra Costa AOR #41034343",849000.0,,,,,,,https://www.redfin.com/CA/Oakland/5056-Congress-Ave-94601/home/1843255,,,,,,,,,,,,,,,,,,,,,,
MLS Listing,,Condo/Co-op,3750 Harrison St #202,Oakland,CA,94611,679000,2.0,2.0,PIEDMONT AVENUE,1133.0,,1966.0,79,599.0,563.0,Active,,,https://www.redfin.com/CA/Oakland/3750-Harrison-St-94611/unit-202/home/1542284,"bridgeMLS, Bay East AOR, or Contra Costa AOR",41033045,N,Y,37.8204286,-122.2526712,1.0,"Tile, Engineered Wood","Baseboard, Wall Furnace",No Air Conditioning,4,3,6,2.5,599.0,5364.0,65,Bikeable,88,Very walkable,56,Good transit,Minimal,Minimal,Moderate,Minimal,"Places6 groceries, 23 restaurants, 4 parksTransit12, 29, 33, 51A, 57, 611, 653, 657, 658, 660, 662, 680, 682, 688, 696, 805, 851, B, C, CB, NL, NX, NX1, P","Sep 14, 2023","Price ChangedbridgeMLS, Bay East AOR, or Contra Costa AOR #41033045",679000.0,"Aug 14, 2023","Price ChangedbridgeMLS, Bay East AOR, or Contra Costa AOR #41033045",698000.0,"Jul 13, 2023","Listed (New)bridgeMLS, Bay East AOR, or Contra Costa AOR #41033045",699000.0,"Apr 24, 2019","PendingbridgeMLS, Bay East AOR, or Contra Costa AOR #40859645",NA,https://www.redfin.com/CA/Oakland/3750-Harrison-St-94611/unit-202/home/1542284,667993.0,"Apr 16, 2019","Pending (Pending - Show for Backups)bridgeMLS, Bay East AOR, or Contra Costa AOR #40859645",NA,"Apr 4, 2019","Listed (New)bridgeMLS, Bay East AOR, or Contra Costa AOR #40859645",649000.0,,,,,,,,,,,,,,,
MLS Listing,,Single Family Residential,732 54th St,Oakland,CA,94609,699000,2.0,2.0,NORTH OAKLAND,952.0,5190.0,1905.0,1,734.0,,Active,,,https://www.redfin.com/CA/Oakland/732-54th-St-94609/home/1755204,"bridgeMLS, Bay East AOR, or Contra Costa AOR",41040707,N,Y,37.839367,-122.267905,,"Hardwood, Tile","Natural Gas, Central",,4,7,6,3.0,734.0,4942.0,99,Biker's paradise,91,Walker's paradise,63,Good transit,Minimal,Minimal,Moderate,Minimal,"Places5 groceries, 25 restaurants, 2 parksTransit12, 18, 57, 6, 657, 688, 800, 88, BridgeA, BridgeB, C, E, F, Orange-N, Orange-S, Red-N, Red-S, Yellow-N, Yellow-S","Sep 30, 2023","Listed (Active)bridgeMLS, Bay East AOR, or Contra Costa AOR #41040707",699000.0,"Sep 30, 2023","Listed (Active)bridgeMLS, Bay East AOR, or Contra Costa AOR #41040710",699000.0,,,,,,,https://www.redfin.com/CA/Oakland/732-54th-St-94609/home/1755204,701829.0,,,,,,,"Individual Electric Meter, Individual Gas Meter",,,,,,,,,,,,,,
MLS Listing,,Single Family Residential,4101 39th Ave,Oakland,CA,94619,1278900,3.0,2.5,REDWOOD HEIGHTS,2013.0,7439.0,1950.0,1,635.0,,Active,October-1-2023 02:00 PM,October-1-2023 04:30 PM,https://www.redfin.com/CA/Oakland/4101-39th-Ave-94619/home/1030943,"bridgeMLS, Bay East AOR, or Contra Costa AOR",41040706,N,Y,37.7945613,-122.1906352,2.0,"Hardwood, Laminate",Forced Air,Ceiling Fan(s),4,NA,5,2.75,635.0,9043.0,32,Somewhat bikeable,62,Somewhat walkable,47,Some transit,Minimal,Moderate,Moderate,Minimal,"Places3 groceries, 24 restaurants, 2 parksTransit14, 339, 39, 47, 54, 57, 604, 638, 646, 648, 649, 650, 654, 655, 657, 658, 662, 680, 682, 696, 805, NL, NX, NX2, NX3, NXC","Sep 30, 2023","Listed (Active)bridgeMLS, Bay East AOR, or Contra Costa AOR #41040706",1278900.0,"May 11, 1997","DelistedbridgeMLS, Bay East AOR, or Contra Costa AOR #27450393",NA,"Mar 17, 1997","ListedbridgeMLS, Bay East AOR, or Contra Costa AOR #27450393",279500.0,,,,https://www.redfin.com/CA/Oakland/4101-39th-Ave-94619/home/1030943,1348230.0,,,,,,,"All Public Utilities, DSL Available, Internet Available, Natural Gas Connected, Individual Electric Meter, Individual Gas Meter",,,,,,,,,,,,,,
MLS Listing,,Condo/Co-op,,Oakland,CA,94605,549000,2.0,2.0,SEQUOYAH HEIGHTS,1123.0,58667.0,1986.0,1,489.0,659.0,Active,,,https://www.redfin.com/CA/Oakland/Undisclosed-address-94605/home/12116851,"bridgeMLS, Bay East AOR, or Contra Costa AOR",41040704,N,Y,37.7732886,-122.1454652,,"Concrete, Hardwood, Carpet, Engineered Wood","Gravity, Natural Gas",,2,1,5,3.0,489.0,4541.0,13,Somewhat bikeable,23,Car-dependent,23,Minimal transit,Minimal,Major,Moderate,Minimal,"Places6 groceries, 10 restaurants, 7 parksTransit356, 46, 46L, 57, 617, 646, 649, 650, 652, 680, 682, 98, NX3, NX4, NXC","Sep 30, 2023","Listed (Active)bridgeMLS, Bay East AOR, or Contra Costa AOR #41040704",549000.0,"Mar 29, 2013","Pending (Pending - Subject to Lender Approval)bridgeMLS, Bay East AOR, or Contra Costa AOR #40608170",NA,"Mar 25, 2013","Listed (New-Short Sale)bridgeMLS, Bay East AOR, or Contra Costa AOR #40608170",200000.0,,,,https://www.redfin.com/CA/Oakland/Undisclosed-address-94605/home/12116851,548998.0,,,,,,,,,,,,,,,,,,,,,
MLS Listing,,Single Family Residential,1464 55th Ave,Oakland,CA,94621,799000,9.0,4.0,OAKLAND,2436.0,3000.0,1912.0,1,328.0,,Active,October-1-2023 01:00 PM,October-1-2023 04:00 PM,https://www.redfin.com/CA/Oakland/1464-55th-Ave-94621/home/536764,"bridgeMLS, Bay East AOR, or Contra Costa AOR",41040703,N,Y,37.76791,-122.2022946,,Laminate,,,NA,NA,1,2.5,328.0,5649.0,66,Bikeable,85,Very walkable,52,Good transit,Minimal,Minimal,Moderate,Minimal,"Places5 groceries, 26 restaurants, 1 parkTransit1, 14, 356, 40, 45, 46, 46L, 47, 617, 648, 650, 657, 73, 801, 805, 840, 98","Sep 30, 2023","Listed (Active)bridgeMLS, Bay East AOR, or Contra Costa AOR #41040693",799000.0,"Sep 30, 2023","Listed (Active)bridgeMLS, Bay East AOR, or Contra Costa AOR #41040703",799000.0,,,,,,,https://www.redfin.com/CA/Oakland/1464-55th-Ave-94621/home/536764,794504.0,,,,,,,,,,,,,,,,,,,,,
MLS Listing,,Condo/Co-op,200 2nd St #315,Oakland,CA,94607,849000,3.0,2.5,JACK LONDON SQ,1525.0,19986.0,2006.0,1,557.0,790.0,Active,October-1-2023 02:00 PM,October-1-2023 04:30 PM,https://www.redfin.com/CA/Oakland/200-2nd-St-94607/unit-315/home/12116132,"bridgeMLS, Bay East AOR, or Contra Costa AOR",41039590,N,Y,37.7941167,-122.27075,1.0,"Hardwood, Tile, Carpet",Forced Air,No Air Conditioning,8,3,6,2.5,557.0,6793.0,86,Very bikeable,95,Walker's paradise,83,Excellent transit,Minimal,Minimal,Moderate,Minimal,"Places13 groceries, 30 restaurants, 3 parksTransit1, 12, 18, 19, 20, 29, 314, 33, 40, 51A, 611, 62, 72, 72M, 72R, 801, 840, 851, 88, 96, AMSJ2, BSD, BSN, Blue-N, Blue-S, CC, Green-N, Green-S, O, OA, Orange-N, Orange-S, SSF, W","Sep 30, 2023","Listed (Active)bridgeMLS, Bay East AOR, or Contra Costa AOR #41039590",849000.0,"Nov 21, 2010","PendingbridgeMLS, Bay East AOR, or Contra Costa AOR #40497988",NA,"Nov 19, 2010","Listed (New)bridgeMLS, Bay East AOR, or Contra Costa AOR #40497988",500000.0,,,,https://www.redfin.com/CA/Oakland/200-2nd-St-94607/unit-315/home/12116132,851537.0,,,,,,,Sewer Connected,,,,,,,,,,,,,,
MLS Listing,,Condo/Co-op,466 Crescent St #124,Oakland,CA,94610,299900,1.0,1.0,GRAND LAKE,629.0,42488.0,1971.0,1,477.0,502.0,Active,,,https://www.redfin.com/CA/Oakland/466-Crescent-St-94610/unit-124/home/1267039,"bridgeMLS, Bay East AOR, or Contra Costa AOR",41040699,N,Y,37.8134229,-122.2498794,1.0,"Tile, Bamboo",Electric,,4,3,6,2.5,477.0,2622.0,77,Very bikeable,90,Walker's paradise,54,Good transit,Minimal,Minimal,Moderate,Minimal,"Places3 groceries, 31 restaurants, 3 parksTransit12, 29, 33, 57, 606, 611, 653, 657, 658, 680, 688, 805, B, NL, NX, NX1, P","Sep 30, 2023","Listed (Active)bridgeMLS, Bay East AOR, or Contra Costa AOR #41040699",299900.0,"Mar 25, 2021","PendingbridgeMLS, Bay East AOR, or Contra Costa AOR #40942559",NA,"Mar 24, 2021","Listed (New)bridgeMLS, Bay East AOR, or Contra Costa AOR #40942559",359900.0,,,,https://www.redfin.com/CA/Oakland/466-Crescent-St-94610/unit-124/home/1267039,300070.0,,,,,,,Individual Electric Meter,,,,,,,,,,,,,,
MLS Listing,,Single Family Residential,2902 Morcom Ave,Oakland,CA,94619,1095000,5.0,3.0,Oakland,2206.0,3144.0,1988.0,1,496.0,,Active,October-1-2023 02:00 PM,October-1-2023 04:00 PM,https://www.redfin.com/CA/Oakland/2902-Morcom-Ave-94619/home/49876123,San Francisco MLS,423913561,N,Y,37.7778248,-122.1918912,,Laminate,Central,,4,1,1,,496.0,7742.0,55,Bikeable,69,Somewhat walkable,52,Good transit,Minimal,Minor,Moderate,Minimal,"Places3 groceries, 21 restaurants, 3 parksTransit14, 40, 45, 47, 57, 617, 638, 648, 650, 657, 680, 805, 840, NL, NX, NX2, NX3, NXC","Sep 30, 2023",Listed (Active)San Francisco MLS #423913561,1095000.0,"Sep 22, 2023",Listed (Active)San Francisco MLS #423911782,1095000.0,,,,,,,https://www.redfin.com/CA/Oakland/2902-Morcom-Ave-94619/home/49876123,1094133.0,,,,,,,,,,,,,,,,,,,,,
MLS Listing,,Single Family Residential,7030 Buckingham Blvd,Berkeley,CA,94705,1695000,4.0,3.0,CLAREMONT HILLS,3593.0,15561.0,1994.0,1,472.0,,Active,October-1-2023 02:00 PM,October-1-2023 04:30 PM,https://www.redfin.com/CA/Berkeley/7030-Buckingham-Blvd-94705/home/634451,"bridgeMLS, Bay East AOR, or Contra Costa AOR",41040690,N,Y,37.8596509,-122.2229651,2.0,"Hardwood, Tile, Carpet","Zoned, Natural Gas",Zoned,8,7,6,3.0,472.0,11985.0,27,Somewhat bikeable,5,Car-dependent,16,Minimal transit,Minimal,Major,Minor,Minimal,"Places4 groceries, 13 restaurants, 20 parksTransit604, 605, 660, 662, 677, 682, 688, 696, 79, 80, CB, E, V","Sep 30, 2023","Listed (Active)bridgeMLS, Bay East AOR, or Contra Costa AOR #41040690",1695000.0,"Aug 9, 2006","DelistedbridgeMLS, Bay East AOR, or Contra Costa AOR #40189255",NA,"Jul 19, 2006","ListedbridgeMLS, Bay East AOR, or Contra Costa AOR #40189255",1195000.0,,,,https://www.redfin.com/CA/Berkeley/7030-Buckingham-Blvd-94705/home/634451,1766440.0,,,,,,,,,,,,,,,,,,,,,
MLS Listing,,Condo/Co-op,940 Edy Ln,Oakland,CA,94607,699000,2.0,2.5,WEST OAKLAND,1214.0,31249.0,2020.0,1,576.0,183.0,Active,October-1-2023 02:00 PM,October-1-2023 04:00 PM,https://www.redfin.com/CA/Oakland/940-Edy-Ln-94607/home/167188588,"bridgeMLS, Bay East AOR, or Contra Costa AOR",41040691,N,Y,37.8153588,-122.27894,2.0,Vinyl,Central,Central Air,NA,3,2,2.5,576.0,5125.0,99,Biker's paradise,91,Walker's paradise,70,Excellent transit,Major,Minimal,Moderate,Minimal,"Places8 groceries, 15 restaurants, 5 parksTransit14, 18, 20, 29, 314, 36, 6, 705, 72, 72M, 72R, 800, 802, 88, NL","Sep 30, 2023","Listed (Active)bridgeMLS, Bay East AOR, or Contra Costa AOR #41040691",699000.0,,,,,,,,,,https://www.redfin.com/CA/Oakland/940-Edy-Ln-94607/home/167188588,698292.0,,,,,,,,,,,,,,,,,,,,,
MLS Listing,,Single Family Residential,2245 High St,Oakland,CA,94601,599000,4.0,2.0,STEINWAY TERRACE,1254.0,4160.0,1915.0,1,478.0,,Active,October-1-2023 01:00 PM,October-1-2023 04:00 PM,https://www.redfin.com/CA/Oakland/2245-High-St-94601/home/1667210,"bridgeMLS, Bay East AOR, or Contra Costa AOR",41040685,N,Y,37.7793054,-122.2076604,,"Laminate, Tile",Forced Air,,3,3,1,2.5,478.0,4235.0,49,Somewhat bikeable,79,Very walkable,54,Good transit,Minimal,Minimal,Moderate,Minimal,"Places6 groceries, 32 restaurants, 4 parksTransit1, 14, 40, 47, 54, 648, 654, 655, 801, 840, NX3","Sep 30, 2023","Listed (Active)bridgeMLS, Bay East AOR, or Contra Costa AOR #41040685",599000.0,"Oct 19, 2015","PendingbridgeMLS, Bay East AOR, or Contra Costa AOR #40706570",NA,"Sep 25, 2015","Relisted (Back On Market)bridgeMLS, Bay East AOR, or Contra Costa AOR #40706570",NA,"Sep 16, 2015","PendingbridgeMLS, Bay East AOR, or Contra Costa AOR #40706570",NA,https://www.redfin.com/CA/Oakland/2245-High-St-94601/home/1667210,601285.0,"Sep 4, 2015","Price ChangedbridgeMLS, Bay East AOR, or Contra Costa AOR #40706570",375000.0,"Aug 25, 2015","Price ChangedbridgeMLS, Bay East AOR, or Contra Costa AOR #40706570",399000.0,,"Aug 19, 2015","Price ChangedbridgeMLS, Bay East AOR, or Contra Costa AOR #40706570",410000.0,"Aug 3, 2015","Price ChangedbridgeMLS, Bay East AOR, or Contra Costa AOR #40706570",430000.0,"Jul 9, 2015","Listed (New)bridgeMLS, Bay East AOR, or Contra Costa AOR #40706570",449000.0,,,,,
MLS Listing,,Single Family Residential,1833 100th,Oakland,CA,94603,499888,1.0,1.0,ELMHURST,626.0,4025.0,1926.0,1,799.0,,Active,,,https://www.redfin.com/CA/Oakland/1833-100th-Ave-94603/home/1287551,"bridgeMLS, Bay East AOR, or Contra Costa AOR",41040671,N,Y,37.7444103,-122.1637824,,,,,2,2,1,2.0,799.0,3535.0,63,Bikeable,68,Somewhat walkable,57,Good transit,Minimal,Minor,Moderate,Minimal,"Places8 groceries, 19 restaurants, 1 parkTransit1, 34, 35, 356, 40, 45, 57, 652, 680, 682, 801, 90, 98, NX3, NXC","Sep 29, 2023","Listed (Active)bridgeMLS, Bay East AOR, or Contra Costa AOR #41040671",499888.0,,,,,,,,,,https://www.redfin.com/CA/Oakland/1833-100th-Ave-94603/home/1287551,493935.0,,,,,,,All Public Utilities,,,,,,,,,,,,,,
MLS Listing,,Multi-Family (2-4 Unit),1725 13th Ave,Oakland,CA,94606,2000000,,,CLINTON PARK,4129.0,4500.0,1955.0,1,484.0,,Active,,,https://www.redfin.com/CA/Oakland/1725-13th-Ave-94606/home/40089983,"bridgeMLS, Bay East AOR, or Contra Costa AOR",41040668,N,Y,37.7923181,-122.2442401,,"Hardwood, Laminate",Forced Air,No Air Conditioning,6,4,4,2.5,484.0,14141.0,87,Very bikeable,88,Very walkable,57,Good transit,Minimal,Minimal,Moderate,Minimal,"Places7 groceries, 26 restaurants, 4 parksTransit1, 14, 33, 40, 611, 62, 801, 840, 96","Sep 29, 2023","Listed (Active)bridgeMLS, Bay East AOR, or Contra Costa AOR #41040668",2000000.0,"Aug 4, 2023",,NA,,,,,,,https://www.redfin.com/CA/Oakland/1725-13th-Ave-94606/home/40089983,1917798.0,,,,,,,,,,,,,,,,,,,,,
MLS Listing,,Single Family Residential,354 Santa Clara Ave,Oakland,CA,94610,895000,3.0,2.0,OAKLAND,1524.0,4058.0,1912.0,1,587.0,,Active,,,https://www.redfin.com/CA/Oakland/354-Santa-Clara-Ave-94610/home/1868809,"bridgeMLS, Bay East AOR, or Contra Costa AOR",41040665,N,Y,37.8145758,-122.2484834,2.0,"Laminate, Carpet","Electric, Individual Rm Controls",,4,3,6,2.5,587.0,6328.0,66,Bikeable,96,Walker's paradise,53,Good transit,Minimal,Minimal,Moderate,Minimal,"Places3 groceries, 27 restaurants, 2 parksTransit12, 29, 33, 57, 606, 611, 653, 657, 658, 680, 688, 805, B, C, NL, NX, NX1, P","Sep 29, 2023","Listed (Active)bridgeMLS, Bay East AOR, or Contra Costa AOR #41040665",895000.0,,,,,,,,,,https://www.redfin.com/CA/Oakland/354-Santa-Clara-Ave-94610/home/1868809,897441.0,,,,,,,"Water/Sewer Meter on Site, All Public Utilities, Individual Electric Meter, Master Gas Meter",,,,,,,,,,,,,,
MLS Listing,,Multi-Family (5+ Unit),791 Alcatraz,Oakland,CA,94609,995000,,,Oakland,3624.0,4160.0,1918.0,1,275.0,,Active,,,https://www.redfin.com/CA/Oakland/791-Alcatraz-Ave-94609/home/1077314,"bridgeMLS, Bay East AOR, or Contra Costa AOR",41032451,N,Y,37.8489879,-122.2682226,,"Concrete, Hardwood, Laminate, Linoleum, Carpet",Natural Gas,,7,7,6,2.5,275.0,7035.0,98,Biker's paradise,94,Walker's paradise,61,Good transit,Moderate,Minimal,Moderate,Minimal,"Places4 groceries, 22 restaurants, 3 parksTransit12, 18, 6, 688, 80, 800, 88, F, Orange-N, Orange-S, Red-N, Red-S","Sep 29, 2023","Relisted (Active)bridgeMLS, Bay East AOR, or Contra Costa AOR #41032451",NA,"Sep 27, 2023","PendingbridgeMLS, Bay East AOR, or Contra Costa AOR #41032451",NA,"Aug 6, 2023","DelistedbridgeMLS, Bay East AOR, or Contra Costa AOR #41032451",NA,"Jul 7, 2023","ListedbridgeMLS, Bay East AOR, or Contra Costa AOR #41032451",995000.0,https://www.redfin.com/CA/Oakland/791-Alcatraz-Ave-94609/home/1077314,,,,,,,,"Wired For Cable TV, All Public Utilities, Cable Available, Internet Available",,,,,,,,,,,,,,
MLS Listing,,Condo/Co-op,428 Alice St #504,Oakland,CA,94607,724800,2.0,2.0,JACK LONDON SQ,1156.0,30927.0,2006.0,1,627.0,899.0,Active,October-1-2023 02:00 PM,October-1-2023 04:30 PM,https://www.redfin.com/CA/Oakland/428-Alice-St-94607/unit-504/home/12116069,"bridgeMLS, Bay East AOR, or Contra Costa AOR",41040656,N,Y,37.7957152,-122.2703955,2.0,"Laminate, Vinyl",Forced Air,Central Air,8,3,6,2.5,627.0,6024.0,84,Very bikeable,96,Walker's paradise,86,Excellent transit,Minimal,NA,Moderate,Minimal,"Places18 groceries, 30 restaurants, 1 parkTransit1, 12, 18, 19, 20, 29, 314, 33, 40, 51A, 6, 611, 62, 72, 72M, 72R, 801, 840, 851, 88, 96, AMSJ2, BSD, BSN, Blue-N, Blue-S, CC, Green-N, Green-S, O, Orange-N, Orange-S, W","Sep 29, 2023","Listed (Active)bridgeMLS, Bay East AOR, or Contra Costa AOR #41040656",724800.0,,,,,,,,,,https://www.redfin.com/CA/Oakland/428-Alice-St-94607/unit-504/home/12116069,724511.0,,,,,,,"All Public Utilities, Natural Gas Available, Natural Gas Connected",,,,,,,,,,,,,,
MLS Listing,,Condo/Co-op,222 Broadway #1309,Oakland,CA,94607,675000,1.0,1.0,JACK LONDON SQ,766.0,35016.0,2009.0,1,881.0,976.0,Active,October-1-2023 01:00 PM,October-1-2023 04:00 PM,https://www.redfin.com/CA/Oakland/222-Broadway-94607/unit-1309/home/28696768,"bridgeMLS, Bay East AOR, or Contra Costa AOR",41040654,N,Y,37.7962024,-122.2756237,1.0,"Hardwood, Tile, Carpet","Forced Air, Heat Pump",Central Air,8,3,6,2.5,881.0,5749.0,82,Very bikeable,97,Walker's paradise,83,Excellent transit,Minimal,NA,Moderate,Minimal,"Places5 groceries, 37 restaurants, 3 parksTransit1, 12, 18, 19, 20, 29, 314, 33, 40, 51A, 6, 611, 62, 72, 72M, 72R, 800, 801, 840, 851, 88, 96, AMSJ2, BSD, BSN, CC, O, OA, SSF, W","Sep 29, 2023","Listed (Active)bridgeMLS, Bay East AOR, or Contra Costa AOR #41040654",675000.0,"Mar 7, 2017","PendingbridgeMLS, Bay East AOR, or Contra Costa AOR #40770491",NA,"Feb 16, 2017","Listed (New)bridgeMLS, Bay East AOR, or Contra Costa AOR #40770491",698000.0,,,,https://www.redfin.com/CA/Oakland/222-Broadway-94607/unit-1309/home/28696768,675227.0,,,,,,,"Internet Available, Natural Gas Available, Natural Gas Connected, Individual Electric Meter",,,,,,,,,,,,,,
MLS Listing,,Multi-Family (2-4 Unit),830 36th St,Oakland,CA,94608,799900,5.0,2.0,Becketts Addition,,6410.0,1912.0,1,,,Active,,,https://www.redfin.com/CA/Oakland/830-36th-St-94608/home/1605821,MetroList,223095164,N,Y,37.8260582,-122.2730793,,"Carpet, Vinyl, Wood",Fireplace(s),Ceiling Fan(s),4,3,2,,,5656.0,92,Biker's paradise,81,Very walkable,74,Excellent transit,Major,Minimal,Moderate,Minimal,"Places5 groceries, 20 restaurants, 4 parksTransit18, 36, 57, 6, 657, 705, 72, 72M, 72R, 800, 802, 88, BridgeA, BridgeB, C, F, Orange-N, Orange-S, Red-N, Red-S, Yellow-N, Yellow-S",,,,,,,,,,,,,https://www.redfin.com/CA/Oakland/830-36th-St-94608/home/1605821,795291.0,,,,,,,"Cable Available, Natural Gas Connected, Dish Antenna, Internet Available",,,,,,,,,,2.0,,,,
MLS Listing,,Single Family Residential,7701 Crest Ave,Oakland,CA,94605,929000,4.0,2.0,EASTMONT HILLS,1454.0,4500.0,1940.0,1,639.0,,Active,October-1-2023 02:00 PM,October-1-2023 04:00 PM,https://www.redfin.com/CA/Oakland/7701-Crest-Ave-94605/home/980733,"bridgeMLS, Bay East AOR, or Contra Costa AOR",41040643,N,Y,37.7703832,-122.1638947,,"Hardwood, Tile, Vinyl, Wood","Heat Pump, Central, Heat Pump-Air","Central Air, Heat Pump",2,1,1,2.5,639.0,6569.0,23,Somewhat bikeable,41,Car-dependent,53,Good transit,Minimal,Major,Moderate,Minimal,"Places8 groceries, 19 restaurants, 4 parksTransit356, 40, 45, 46, 46L, 57, 617, 638, 646, 650, 652, 657, 680, 73, 805, 840, 90, 98, NL, NX3, NX4, NXC","Sep 29, 2023","Listed (Active)bridgeMLS, Bay East AOR, or Contra Costa AOR #41040643",929000.0,"Oct 26, 2020","PendingbridgeMLS, Bay East AOR, or Contra Costa AOR #40925724",NA,"Oct 16, 2020","Listed (New)bridgeMLS, Bay East AOR, or Contra Costa AOR #40925724",699000.0,,,,https://www.redfin.com/CA/Oakland/7701-Crest-Ave-94605/home/980733,927925.0,,,,,,,"All Public Utilities, Individual Electric Meter",,,,,,,,,,,,,,
MLS Listing,,Single Family Residential,9899 Thermal,Oakland,CA,94605,789000,3.0,2.0,ALAMEDA,1160.0,4312.0,1939.0,1,680.0,,Active,,,https://www.redfin.com/CA/Oakland/9899-Thermal-St-94605/home/711000,"bridgeMLS, Bay East AOR, or Contra Costa AOR",41040635,N,Y,37.747708,-122.1565322,1.0,Vinyl,Forced Air,"Ceiling Fan(s), Central Air",2,1,1,2.5,680.0,5579.0,59,Bikeable,72,Very walkable,57,Good transit,Minimal,Moderate,Moderate,Minimal,"Places7 groceries, 16 restaurants, 4 parksTransit1, 34, 35, 356, 40, 45, 46, 46L, 57, 646, 649, 652, 680, 682, 801, 90, 98, NX3, NX4, NXC","Sep 29, 2023","Listed (Active)bridgeMLS, Bay East AOR, or Contra Costa AOR #41040635",789000.0,,,,,,,,,,https://www.redfin.com/CA/Oakland/9899-Thermal-St-94605/home/711000,788807.0,,,,,,,,,,,,,,,,,,,,,
MLS Listing,,Multi-Family (2-4 Unit),8016 Atherton St,Oakland,CA,94605,549888,3.0,,Oakland,1415.0,5937.0,1944.0,1,389.0,,Active,,,https://www.redfin.com/CA/Oakland/8016-Atherton-St-94605/home/1564250,"bridgeMLS, Bay East AOR, or Contra Costa AOR",41040632,N,Y,37.761489,-122.1708133,,"Hardwood, Laminate, Tile, Carpet",Wall Furnace,No Air Conditioning,2,1,1,2.5,389.0,3888.0,66,Bikeable,75,Very walkable,59,Good transit,Minimal,Moderate,Moderate,Minimal,"Places9 groceries, 18 restaurants, 2 parksTransit1, 356, 40, 45, 46, 46L, 57, 638, 646, 652, 657, 680, 73, 801, 805, 840, 90, 98, NL, NX3, NXC","Sep 29, 2023","Listed (Active)bridgeMLS, Bay East AOR, or Contra Costa AOR #41040632",549888.0,"Feb 4, 2013","Pending (Pending - Subject to Lender Approval)bridgeMLS, Bay East AOR, or Contra Costa AOR #40602112",NA,"Jan 30, 2013","Listed (New)bridgeMLS, Bay East AOR, or Contra Costa AOR #40602112",165000.0,,,,https://www.redfin.com/CA/Oakland/8016-Atherton-St-94605/home/1564250,549653.0,,,,,,,All Public Utilities,,,,,,,,,,,,,,
MLS Listing,,Condo/Co-op,556 Merritt Ave,Oakland,CA,94610,525000,1.0,1.0,CLEVELAND HEIGHTS,934.0,4300.0,1925.0,1,562.0,,Active,October-1-2023 01:00 PM,October-1-2023 03:00 PM,https://www.redfin.com/CA/Oakland/556-Merritt-Ave-94610/home/187761330,"bridgeMLS, Bay East AOR, or Contra Costa AOR",41040631,N,Y,37.8076263,-122.2467537,1.0,"Hardwood Flrs Throughout, Tile",Forced Air,,7,3,6,3.0,562.0,3712.0,71,Very bikeable,95,Walker's paradise,58,Good transit,Minimal,Minimal,Moderate,Minimal,"Places6 groceries, 29 restaurants, 5 parksTransit12, 14, 29, 33, 40, 57, 606, 62, 653, 657, 658, 680, 688, 805, 840, B, NL, NX, NX1","Sep 29, 2023","Listed (Active)bridgeMLS, Bay East AOR, or Contra Costa AOR #41040631",525000.0,,,,,,,,,,https://www.redfin.com/CA/Oakland/556-Merritt-Ave-94610/home/187761330,522670.0,,,,,,,,,,,,,,,,,,,,,
MLS Listing,,Single Family Residential,5824 Skyline,Oakland,CA,94611,2995000,4.0,4.5,MONTCLAIR,5169.0,19775.0,2015.0,1,579.0,,Active,October-1-2023 02:00 PM,October-1-2023 04:30 PM,https://www.redfin.com/CA/Oakland/5824-Skyline-Blvd-94611/home/2111529,"bridgeMLS, Bay East AOR, or Contra Costa AOR",41040627,N,Y,37.8535971,-122.2126035,3.0,"Tile, Carpet, Engineered Wood","Zoned, Radiant",Central Air,8,5,5,2.5,579.0,21177.0,26,Somewhat bikeable,6,Car-dependent,16,Minimal transit,Minimal,Major,Minimal,Minimal,"Places4 groceries, 17 restaurants, 11 parksTransit604, 605, 642, 660, 662, 677, 682, 688, 696, CB, E, V","Sep 29, 2023","Listed (Active)bridgeMLS, Bay East AOR, or Contra Costa AOR #41040627",2995000.0,"May 11, 2021","PendingbridgeMLS, Bay East AOR, or Contra Costa AOR #40940393",NA,"May 4, 2021","ContingentbridgeMLS, Bay East AOR, or Contra Costa AOR #40940393",NA,"Mar 6, 2021","Listed (New)bridgeMLS, Bay East AOR, or Contra Costa AOR #40940393",2995000.0,https://www.redfin.com/CA/Oakland/5824-Skyline-Blvd-94611/home/2111529,3034010.0,,,,,,,"All Public Utilities, Natural Gas Available, Individual Gas Meter",,,,,,,,,,,,,,
MLS Listing,,Single Family Residential,1418 Barrows Rd,Oakland,CA,94610,1950000,4.0,3.0,CROCKER HGHLANDS,2450.0,4557.0,1922.0,1,796.0,19.0,Active,October-1-2023 02:00 PM,October-1-2023 04:30 PM,https://www.redfin.com/CA/Oakland/1418-Barrows-Rd-94610/home/1340556,"bridgeMLS, Bay East AOR, or Contra Costa AOR",41040358,N,Y,37.8085703,-122.2261901,1.0,"Hardwood Flrs Throughout, Tile","Zoned, Radiant",Zoned,8,7,4,2.5,796.0,13807.0,46,Somewhat bikeable,81,Very walkable,52,Good transit,Major,Minimal,Moderate,Minimal,"Places3 groceries, 25 restaurants, 2 parksTransit20, 21, 29, 33, 339, 39, 57, 606, 611, 62, 650, 653, 657, 658, 680, 688, 805, 96, B, NL, NX, NX1, NX2, NXC, V","Sep 29, 2023","Listed (Active)bridgeMLS, Bay East AOR, or Contra Costa AOR #41040358",1950000.0,"Sep 9, 2009","DelistedbridgeMLS, Bay East AOR, or Contra Costa AOR #40424607",NA,"Aug 25, 2009","Price Changed (Price Change)bridgeMLS, Bay East AOR, or Contra Costa AOR #40424607",675000.0,"Aug 14, 2009","Listed (New)bridgeMLS, Bay East AOR, or Contra Costa AOR #40424607",740000.0,https://www.redfin.com/CA/Oakland/1418-Barrows-Rd-94610/home/1340556,1944130.0,,,,,,,,,,,,,,,,,,,,,
MLS Listing,,Single Family Residential,452 42nd St,Oakland,CA,94609,1098000,6.0,3.0,TEMESCAL,2796.0,6656.0,1912.0,1,393.0,,Active,October-1-2023 02:00 PM,October-1-2023 04:00 PM,https://www.redfin.com/CA/Oakland/452-42nd-St-94609/home/833733,"bridgeMLS, Bay East AOR, or Contra Costa AOR",41040602,N,Y,37.8311648,-122.261339,3.0,"Hardwood, Hardwood Flrs Throughout, Tile, Vinyl",Wall Furnace,,4,7,6,2.5,393.0,7764.0,98,Biker's paradise,95,Walker's paradise,71,Excellent transit,Moderate,Minimal,Moderate,Minimal,"Places1 grocery, 38 restaurants, 1 parkTransit12, 18, 51A, 57, 6, 605, 653, 657, 658, 660, 662, 682, 696, 705, 800, 851, BridgeA, BridgeB, C, CB, Orange-N, Orange-S, Red-N, Red-S, V, Yellow-N, Yellow-S","Sep 29, 2023","Listed (Active)bridgeMLS, Bay East AOR, or Contra Costa AOR #41040602",1098000.0,"Sep 29, 2023","Listed (Active)bridgeMLS, Bay East AOR, or Contra Costa AOR #41040680",1098000.0,,,,,,,https://www.redfin.com/CA/Oakland/452-42nd-St-94609/home/833733,1103162.0,,,,,,,,,,,,,,,,,,,,,
MLS Listing,,Single Family Residential,3229 Elm St,Oakland,CA,94609,1699000,8.0,4.0,PILL HILL,3093.0,4370.0,1896.0,1,549.0,,Active,,,https://www.redfin.com/CA/Oakland/3229-Elm-St-94609/home/147712932,"bridgeMLS, Bay East AOR, or Contra Costa AOR",41040598,N,Y,37.8213735,-122.265721,,"Laminate, Tile",Forced Air,Zoned,2,3,6,2.5,549.0,12013.0,88,Very bikeable,92,Walker's paradise,70,Excellent transit,Minimal,Minimal,Moderate,Minimal,"Places5 groceries, 19 restaurants, 3 parksTransit12, 18, 33, 51A, 57, 6, 611, 653, 657, 658, 660, 662, 682, 705, 72, 72M, 72R, 800, 802, 851, 88, BSD, BSN, BridgeA, BridgeB, C, CB, Orange-N, Orange-S, Red-N, Red-S, Yellow-N, Yellow-S","Sep 29, 2023","Listed (Active)bridgeMLS, Bay East AOR, or Contra Costa AOR #41040598",1699000.0,"Sep 29, 2023","Listed (Active)bridgeMLS, Bay East AOR, or Contra Costa AOR #41040614",1699000.0,,,,,,,https://www.redfin.com/CA/Oakland/3229-Elm-St-94609/home/147712932,1662015.0,,,,,,,"Water/Sewer Meter on Site, Individual Electric Meter",,,,,,,,,,,,,,
MLS Listing,,Multi-Family (2-4 Unit),516 Wesley Ave,Oakland,CA,94606,1150000,6.0,,LAKE MERRITT,3126.0,2490.0,1960.0,1,368.0,,Active,October-5-2023 10:30 AM,October-5-2023 12:00 PM,https://www.redfin.com/CA/Oakland/516-Wesley-Ave-94606/home/535223,"bridgeMLS, Bay East AOR, or Contra Costa AOR",41040596,N,Y,37.8050363,-122.2486164,,"Laminate, Tile, Vinyl, Carpet","Natural Gas, Wall Furnace, Central",No Air Conditioning,7,7,4,2.5,368.0,8131.0,76,Very bikeable,89,Very walkable,61,Good transit,Major,Minimal,Moderate,Minimal,"Places4 groceries, 26 restaurants, 7 parksTransit1, 12, 14, 29, 33, 40, 57, 606, 62, 653, 657, 658, 680, 688, 801, 805, 840, B, NL, NX, NX1","Sep 29, 2023","Listed (Active)bridgeMLS, Bay East AOR, or Contra Costa AOR #41040596",1150000.0,,,,,,,,,,https://www.redfin.com/CA/Oakland/516-Wesley-Ave-94606/home/535223,1151234.0,,,,,,,"Individual Electric Meter, Individual Gas Meter",,,,,,,,,,,,,,
MLS Listing,,Single Family Residential,3677 Virden Ave,Oakland,CA,94619,1100000,4.0,3.5,REDWOOD HEIGHTS,1925.0,3088.0,1931.0,1,571.0,,Active,October-1-2023 02:00 PM,October-1-2023 04:30 PM,https://www.redfin.com/CA/Oakland/3677-Virden-Ave-94619/home/1816895,"bridgeMLS, Bay East AOR, or Contra Costa AOR",41040594,N,Y,37.7961685,-122.1919653,1.0,Hardwood,Forced Air,,4,NA,5,3.0,571.0,7778.0,36,Somewhat bikeable,69,Somewhat walkable,47,Some transit,Minimal,Moderate,Moderate,Minimal,"Places4 groceries, 23 restaurants, 3 parksTransit14, 339, 39, 47, 54, 57, 604, 605, 606, 638, 646, 648, 649, 650, 653, 654, 655, 657, 658, 662, 680, 682, 696, 805, NL, NX, NX2, NX3, NXC","Sep 29, 2023","Listed (Active)bridgeMLS, Bay East AOR, or Contra Costa AOR #41040594",1100000.0,,,,,,,,,,https://www.redfin.com/CA/Oakland/3677-Virden-Ave-94619/home/1816895,1137516.0,,,,,,,,,,,,,,,,,,,,,
MLS Listing,,Multi-Family (2-4 Unit),1312 92nd Ave,Oakland,CA,94603,499000,2.0,,E OAKLAND,1294.0,4313.0,1921.0,1,386.0,,Active,,,https://www.redfin.com/CA/Oakland/1312-92nd-Ave-94603/home/1862786,"bridgeMLS, Bay East AOR, or Contra Costa AOR",41040591,N,Y,37.7476581,-122.1749478,,"Linoleum, Tile",Wall Furnace,No Air Conditioning,2,2,1,2.5,386.0,3528.0,55,Bikeable,77,Very walkable,52,Good transit,Moderate,Minimal,Moderate,Minimal,"Places8 groceries, 21 restaurants, 3 parksTransit1, 356, 40, 45, 46, 46L, 646, 652, 801, 90, 98","Sep 29, 2023","Listed (Active)bridgeMLS, Bay East AOR, or Contra Costa AOR #41040591",499000.0,"Sep 29, 2023",,NA,,,,,,,https://www.redfin.com/CA/Oakland/1312-92nd-Ave-94603/home/1862786,496930.0,,,,,,,,,,,,,,,,,,,,,
MLS Listing,,Single Family Residential,1459 E 38th St,Oakland,CA,94602,849000,2.0,2.0,GLENVIEW,1157.0,3780.0,1920.0,1,734.0,,Active,October-1-2023 02:00 PM,October-1-2023 04:30 PM,https://www.redfin.com/CA/Oakland/1459-E-38th-St-94602/home/535493,"bridgeMLS, Bay East AOR, or Contra Costa AOR",41040590,N,Y,37.8035065,-122.2260571,,"Hardwood, Tile",Forced Air,,7,7,4,2.5,734.0,6003.0,75,Very bikeable,83,Very walkable,57,Good transit,Minimal,Minimal,Moderate,Minimal,"Places3 groceries, 27 restaurants, 3 parksTransit14, 20, 21, 29, 33, 339, 39, 57, 606, 611, 62, 653, 657, 658, 680, 688, 805, 96, B, NL, NX, NX1, NX2, NXC, V","Sep 29, 2023","Listed (Active)bridgeMLS, Bay East AOR, or Contra Costa AOR #41040590",849000.0,"Nov 21, 2018","PendingbridgeMLS, Bay East AOR, or Contra Costa AOR #40845616",NA,"Nov 9, 2018","Listed (New)bridgeMLS, Bay East AOR, or Contra Costa AOR #40845616",749000.0,,,,https://www.redfin.com/CA/Oakland/1459-E-38th-St-94602/home/535493,901413.0,,,,,,,,,,,,,,,,,,,,,
MLS Listing,,Single Family Residential,2250 39th Ave,Oakland,CA,94601,765000,2.0,1.0,OAKLAND,1175.0,4800.0,1912.0,1,651.0,,Active,October-1-2023 01:00 PM,October-1-2023 04:00 PM,https://www.redfin.com/CA/Oakland/2250-39th-Ave-94601/home/1422472,MLSListings,ML81943579,N,Y,37.7821581,-122.2103364,1.0,"Laminate, Vinyl/Linoleum",Central Forced Air,,3,3,1,2.5,651.0,5409.0,63,Bikeable,73,Very walkable,57,Good transit,Minimal,Minimal,Moderate,Minimal,"Places6 groceries, 29 restaurants, 7 parksTransit1, 14, 20, 21, 339, 39, 40, 47, 54, 648, 654, 655, 801, 840","Sep 29, 2023",Listed (Active)MLSListings #ML81943579,765000.0,,,,,,,,,,https://www.redfin.com/CA/Oakland/2250-39th-Ave-94601/home/1422472,760157.0,,,,,,,Public Utilities,,,,,,,,,,1.0,Detached,Stall Shower,Formal Dining Room,
MLS Listing,,Condo/Co-op,615 Canyon Oaks Dr Unit C,Oakland,CA,94605,580000,2.0,2.0,OAKLAND HILLS,1123.0,12264.0,1986.0,1,516.0,659.0,Active,,,https://www.redfin.com/CA/Oakland/615-Canyon-Oaks-Dr-94605/unit-C/home/12116848,"bridgeMLS, Bay East AOR, or Contra Costa AOR",41040586,N,Y,37.774052,-122.1457757,,Laminate,Forced Air,No Air Conditioning,2,1,5,2.5,516.0,4760.0,12,Somewhat bikeable,20,Car-dependent,23,Minimal transit,Minimal,Major,Moderate,Minimal,"Places6 groceries, 10 restaurants, 8 parksTransit356, 46, 46L, 57, 617, 646, 649, 650, 652, 680, 682, 98, NX3, NX4, NXC","Sep 29, 2023","Listed (Active)bridgeMLS, Bay East AOR, or Contra Costa AOR #41040586",580000.0,"Sep 13, 2023",,NA,"Jul 20, 2023",,NA,"Jun 28, 2023",,NA,https://www.redfin.com/CA/Oakland/615-Canyon-Oaks-Dr-94605/unit-C/home/12116848,579450.0,,,,,,,,,,,,,,,,,,,,,
MLS Listing,,Single Family Residential,22 Foster Ct,Oakland,CA,94603,475000,3.0,1.0,ALAMEDA,947.0,3864.0,1943.0,1,502.0,,Active,,,https://www.redfin.com/CA/Oakland/22-Foster-Ct-94603/home/1833646,"bridgeMLS, Bay East AOR, or Contra Costa AOR",41040584,N,Y,37.7317253,-122.1861124,,"Laminate, Tile","Natural Gas, Wall Furnace",Ceiling Fan(s),2,NA,1,2.0,502.0,3359.0,56,Bikeable,43,Car-dependent,39,Some transit,Major,Minimal,Moderate,Minimal,"Places2 groceries, 22 restaurants, 2 parksTransit1, 314, 34, 35, 356, 45, 46, 646, 73, 801, 805, 90, 98","Sep 29, 2023","Listed (Active)bridgeMLS, Bay East AOR, or Contra Costa AOR #41040584",475000.0,,,,,,,,,,https://www.redfin.com/CA/Oakland/22-Foster-Ct-94603/home/1833646,476672.0,,,,,,,,,,,,,,,,,,,,,
MLS Listing,,Single Family Residential,6251 Girvin Dr,Oakland,CA,94611,1295000,4.0,3.0,PIEDMONT PINES,2092.0,9435.0,1956.0,1,619.0,,Active,October-1-2023 02:00 PM,October-1-2023 04:30 PM,https://www.redfin.com/CA/Oakland/6251-Girvin-Dr-94611/home/1650019,"bridgeMLS, Bay East AOR, or Contra Costa AOR",41040581,N,Y,37.8286831,-122.1981284,2.0,Hardwood,"Forced Air, Natural Gas, Solar",,7,5,5,2.5,619.0,9156.0,25,Somewhat bikeable,6,Car-dependent,29,Some transit,Minimal,Moderate,Minor,Minimal,"Places4 groceries, 23 restaurants, 7 parksTransit33, 339, 39, 604, 605, 606, 642, 646, 649, 650, 653, 655, 658, 660, 662, 677, 682, 688, 696, CB, V","Sep 29, 2023","Listed (Active)bridgeMLS, Bay East AOR, or Contra Costa AOR #41040581",1295000.0,,,,,,,,,,https://www.redfin.com/CA/Oakland/6251-Girvin-Dr-94611/home/1650019,,,,,,,,,,,,,,,,,,,,,,
MLS Listing,,Single Family Residential,1301 60th Ave,Oakland,CA,94621,549950,2.0,1.0,SEMINARY,1589.0,4000.0,1927.0,1,346.0,,Active,,,https://www.redfin.com/CA/Oakland/1301-60th-Ave-94621/home/618702,"bridgeMLS, Bay East AOR, or Contra Costa AOR",41040580,N,Y,37.7637628,-122.2004339,1.0,Laminate,Central,,2,NA,1,3.0,346.0,3888.0,59,Bikeable,75,Very walkable,61,Good transit,Minimal,Minimal,Moderate,Minimal,"Places4 groceries, 21 restaurants, 1 parkTransit1, 14, 356, 40, 45, 46, 46L, 47, 617, 638, 646, 648, 650, 657, 73, 801, 805, 840, 90, 98, Beige-N, Beige-S, Blue-N, Blue-S, CC, Green-N, Green-S, Orange-N, Orange-S","Sep 29, 2023","Listed (Active)bridgeMLS, Bay East AOR, or Contra Costa AOR #41040580",549950.0,,,,,,,,,,https://www.redfin.com/CA/Oakland/1301-60th-Ave-94621/home/618702,551747.0,,,,,,,,,,,,,,,,,,,,,
MLS Listing,,Single Family Residential,2820 Alida St,Oakland,CA,94602,1095000,3.0,2.0,LINCOLN HEIGHTS,1370.0,5850.0,1954.0,1,799.0,,Active,October-1-2023 02:00 PM,October-1-2023 04:30 PM,https://www.redfin.com/CA/Oakland/2820-Alida-St-94602/home/1563746,"bridgeMLS, Bay East AOR, or Contra Costa AOR",41038556,N,Y,37.8054687,-122.2011876,2.0,"Hardwood, Tile",Forced Air,"Ceiling Fan(s), Central Air",7,NA,5,2.5,799.0,7742.0,18,Somewhat bikeable,35,Car-dependent,41,Some transit,Minimal,Moderate,Moderate,Minimal,"Places6 groceries, 13 restaurants, 6 parksTransit14, 339, 39, 54, 57, 604, 605, 606, 642, 646, 649, 650, 653, 654, 655, 657, 658, 660, 662, 677, 680, 682, 696, 805, NL, NX, NX2, NXC","Sep 29, 2023","Listed (Active)bridgeMLS, Bay East AOR, or Contra Costa AOR #41038556",1095000.0,"Feb 22, 2017","PendingbridgeMLS, Bay East AOR, or Contra Costa AOR #40769409",NA,"Feb 6, 2017","Listed (New)bridgeMLS, Bay East AOR, or Contra Costa AOR #40769409",769000.0,,,,https://www.redfin.com/CA/Oakland/2820-Alida-St-94602/home/1563746,1237196.0,,,,,,,,,,,,,,,,,,,,,
MLS Listing,,Single Family Residential,2915 Magnolia St,Oakland,CA,94608,1399000,5.0,3.5,NEAR EMERYVILLE,2156.0,4256.0,1907.0,1,649.0,,Active,,,https://www.redfin.com/CA/Oakland/2915-Magnolia-St-94608/home/1455028,"bridgeMLS, Bay East AOR, or Contra Costa AOR",41040566,N,Y,37.8218647,-122.2831566,1.0,Engineered Wood,Central,Central Air,2,3,2,2.5,649.0,9892.0,98,Biker's paradise,89,Very walkable,60,Good transit,Minimal,Minimal,Moderate,Minimal,"Places7 groceries, 23 restaurants, 3 parksTransit18, 29, 36, 57, 657, 705, 72, 72M, 72R, 802, 88, C, F, J, NL","Sep 29, 2023","Listed (Active)bridgeMLS, Bay East AOR, or Contra Costa AOR #41040566",1399000.0,,,,,,,,,,https://www.redfin.com/CA/Oakland/2915-Magnolia-St-94608/home/1455028,1374664.0,,,,,,,,,,,,,,,,,,,,,
MLS Listing,,Condo/Co-op,1201 Pine #115,Oakland,CA,94607,499900,1.0,1.5,PRESCOTT,973.0,118657.0,2009.0,1,514.0,403.0,Active,October-1-2023 02:00 PM,October-1-2023 04:00 PM,https://www.redfin.com/CA/Oakland/1201-Pine-St-94607/unit-115/home/22961826,"bridgeMLS, Bay East AOR, or Contra Costa AOR",41040567,N,Y,37.8127409,-122.3002689,1.0,"Carpet, Wood",Electric,,2,3,2,2.5,514.0,3938.0,83,Very bikeable,67,Somewhat walkable,60,Good transit,Moderate,Minimal,Moderate,Minimal,"Places12 groceries, 17 restaurants, 10 parksTransit14, 29, 314, 36, 57, 62, 705, 800, 88, Blue-N, Blue-S, C, F, Green-N, Green-S, J, Megabus, NL, O, OX, Red-N, Red-S, S, SB, W, Yellow-N, Yellow-S","Sep 29, 2023","Listed (Active)bridgeMLS, Bay East AOR, or Contra Costa AOR #41040567",499900.0,"Aug 8, 2018","Pending (Pending - Show for Backups)bridgeMLS, Bay East AOR, or Contra Costa AOR #40830046",NA,"Jul 13, 2018","Listed (New)bridgeMLS, Bay East AOR, or Contra Costa AOR #40830046",540000.0,,,,https://www.redfin.com/CA/Oakland/1201-Pine-St-94607/unit-115/home/22961826,499520.0,,,,,,,"All Electric, All Public Utilities",,,,,,,,,,,,,,
MLS Listing,,Single Family Residential,2929 21st Ave,Oakland,CA,94606,599000,3.0,2.5,HIGHLAND TERRACE,1315.0,4446.0,1915.0,1,456.0,,Active,October-1-2023 02:00 PM,October-1-2023 04:30 PM,https://www.redfin.com/CA/Oakland/2929-21st-Ave-94606/home/1936446,"bridgeMLS, Bay East AOR, or Contra Costa AOR",41040564,N,Y,37.796719,-122.2282733,,"Hardwood, Laminate, Tile",Central,,7,7,4,2.5,456.0,4235.0,59,Bikeable,71,Very walkable,57,Good transit,Minimal,Minimal,Moderate,Minimal,"Places2 groceries, 30 restaurants, 3 parksTransit14, 20, 21, 33, 339, 39, 57, 611, 62, 653, 657, 658, 680, 688, 805, 96, B, NL, NX, NX1, NX2, NXC, V","Sep 29, 2023","Listed (Active)bridgeMLS, Bay East AOR, or Contra Costa AOR #41040564",599000.0,"Oct 3, 2014","PendingbridgeMLS, Bay East AOR, or Contra Costa AOR #40670826",NA,"Sep 30, 2014","Pending (Pending - Show for Backups)bridgeMLS, Bay East AOR, or Contra Costa AOR #40670826",NA,"Sep 21, 2014","PendingbridgeMLS, Bay East AOR, or Contra Costa AOR #40670826",NA,https://www.redfin.com/CA/Oakland/2929-21st-Ave-94606/home/1936446,623296.0,"Sep 11, 2014","Price Changed (Price Change)bridgeMLS, Bay East AOR, or Contra Costa AOR #40670826",485000.0,"Aug 20, 2014","Listed (New)bridgeMLS, Bay East AOR, or Contra Costa AOR #40670826",495000.0,,,,,,,,,,,,,,,
MLS Listing,,Single Family Residential,1532 69th Ave,Oakland,CA,94621,450000,2.0,1.0,OAKLAND,1032.0,3115.0,1927.0,1,436.0,,Active,October-1-2023 02:00 PM,October-1-2023 04:00 PM,https://www.redfin.com/CA/Oakland/1532-69th-Ave-94621/home/2029784,"bridgeMLS, Bay East AOR, or Contra Costa AOR",41040561,N,Y,37.7615147,-122.1888289,,"Laminate, Tile, Carpet",Forced Air,Ceiling Fan(s),2,NA,1,2.5,436.0,3182.0,63,Bikeable,81,Very walkable,66,Good transit,Minimal,Minimal,Moderate,Minimal,"Places7 groceries, 23 restaurants, 5 parksTransit1, 356, 40, 45, 46, 46L, 47, 617, 638, 646, 650, 657, 73, 801, 805, 840, 90, 98, Beige-N, Beige-S, Blue-N, Blue-S, CC, Green-N, Green-S, Orange-N, Orange-S","Sep 29, 2023","Listed (Active)bridgeMLS, Bay East AOR, or Contra Costa AOR #41040561",450000.0,,,,,,,,,,https://www.redfin.com/CA/Oakland/1532-69th-Ave-94621/home/2029784,450122.0,,,,,,,,,,,,,,,,,,,,,
MLS Listing,,Multi-Family (2-4 Unit),1055 48th St,Emeryville,CA,94608,1150000,8.0,,EMERYVILLE,2102.0,3774.0,1900.0,1,547.0,,Active,October-1-2023 02:00 PM,October-1-2023 04:00 PM,https://www.redfin.com/CA/Emeryville/1055-48th-St-94608/home/1357768,"bridgeMLS, Bay East AOR, or Contra Costa AOR",41040555,N,Y,37.8365449,-122.2793066,,"Hardwood, Laminate, Linoleum, Tile, Engineered Wood","Forced Air, Wall Furnace",No Air Conditioning,NA,NA,4,2.5,547.0,8131.0,97,Biker's paradise,90,Walker's paradise,,,Minimal,Minimal,Moderate,Minimal,"Places4 groceries, 29 restaurants, 3 parksTransit12, 18, 29, 36, 57, 657, 688, 72, 72M, 72R, 802, 88, C, F, J","Sep 29, 2023","Listed (Active)bridgeMLS, Bay East AOR, or Contra Costa AOR #41040555",1150000.0,"Dec 11, 2019","PendingbridgeMLS, Bay East AOR, or Contra Costa AOR #40890048",NA,"Dec 3, 2019","Listed (New)bridgeMLS, Bay East AOR, or Contra Costa AOR #40890048",995000.0,,,,https://www.redfin.com/CA/Emeryville/1055-48th-St-94608/home/1357768,1149149.0,,,,,,,,,,,,,,,,,,,,,
MLS Listing,,Single Family Residential,3525 Oak Knoll Blvd,Oakland,CA,94605,809999,2.0,1.0,Oakland,996.0,7022.0,1941.0,1,813.0,,Active,,,https://www.redfin.com/CA/Oakland/3525-Oak-Knoll-Blvd-94605/home/1889008,MetroList,223094329,N,Y,37.7568612,-122.1498685,1.0,"Carpet, Vinyl",Other,Other,2,1,1,,813.0,5727.0,29,Somewhat bikeable,38,Car-dependent,41,Some transit,Minimal,Moderate,Moderate,Minimal,"Places7 groceries, 14 restaurants, 5 parksTransit34, 35, 356, 40, 45, 46, 46L, 57, 617, 646, 649, 650, 652, 680, 682, 90, 98, NX3, NX4, NXC",,,,,,,,,,,,,https://www.redfin.com/CA/Oakland/3525-Oak-Knoll-Blvd-94605/home/1889008,811050.0,,,,,,,Other,,,,,,,,,,2.0,,,,
MLS Listing,,Single Family Residential,4481 Malcolm Ave,Oakland,CA,94605,1188000,4.0,3.5,ALAMEDA,2898.0,18674.0,1955.0,1,410.0,,Active,October-1-2023 02:00 PM,October-1-2023 04:00 PM,https://www.redfin.com/CA/Oakland/4481-Malcolm-Ave-94605/home/1543925,"bridgeMLS, Bay East AOR, or Contra Costa AOR",41040548,N,Y,37.7521272,-122.1281417,1.0,Hardwood Flrs Throughout,"Baseboard, Hot Water, Fireplace(s)","Central Air, Heat Pump, ENERGY STAR Qualified Equipment",2,2,5,2.5,410.0,8400.0,18,Somewhat bikeable,9,Car-dependent,19,Minimal transit,Minimal,Moderate,Moderate,Minimal,"Places4 groceries, 17 restaurants, 7 parksTransit34, 35, 40, 45, 46, 46L, 57, 617, 646, 649, 650, 652, 680, 682, 90, NX3, NX4, NXC","Sep 29, 2023","Listed (Active)bridgeMLS, Bay East AOR, or Contra Costa AOR #41040548",1188000.0,"Mar 17, 2023",Contingent (Contingent (Show))BAREIS #323006549,NA,"Feb 25, 2023",Relisted (Active)BAREIS #323006549,NA,"Feb 17, 2023",Contingent (Contingent (Show))BAREIS #323006549,NA,https://www.redfin.com/CA/Oakland/4481-Malcolm-Ave-94605/home/1543925,1187133.0,"Feb 4, 2023",Listed (Active)BAREIS #323006549,950000.0,,,,"All Public Utilities, Natural Gas Available, Natural Gas Connected, Master Electric Meter",,,,,,,,,,,,,,
MLS Listing,,Single Family Residential,2038 Melvin Rd,Oakland,CA,94602,1495000,3.0,2.5,OAKMORE,2237.0,8634.0,1992.0,1,668.0,,Active,October-1-2023 02:00 PM,October-1-2023 04:00 PM,https://www.redfin.com/CA/Oakland/2038-Melvin-Rd-94602/home/1306966,"bridgeMLS, Bay East AOR, or Contra Costa AOR",41040543,N,Y,37.8135096,-122.2050004,2.0,"Tile, Carpet, Wood",Forced Air,Central Air,7,5,5,2.5,668.0,10571.0,20,Somewhat bikeable,26,Car-dependent,37,Some transit,Minimal,Moderate,Moderate,Minimal,"Places5 groceries, 25 restaurants, 7 parksTransit33, 339, 39, 57, 604, 605, 606, 642, 646, 649, 650, 653, 655, 657, 658, 660, 662, 677, 680, 682, 688, 696, 805, NL, NX, NX2, NXC, V","Sep 29, 2023","Listed (Active)bridgeMLS, Bay East AOR, or Contra Costa AOR #41040543",1495000.0,"Mar 28, 2014","PendingbridgeMLS, Bay East AOR, or Contra Costa AOR #40648956",NA,"Mar 12, 2014","Listed (New)bridgeMLS, Bay East AOR, or Contra Costa AOR #40648956",749000.0,,,,https://www.redfin.com/CA/Oakland/2038-Melvin-Rd-94602/home/1306966,,,,,,,,All Public Utilities,,,,,,,,,,,,,,
MLS Listing,,Single Family Residential,45 Saint James Pl,Piedmont,CA,94611,2695000,4.0,4.0,PIEDMONT,3265.0,12150.0,1949.0,1,825.0,,Active,October-1-2023 02:00 PM,October-1-2023 04:30 PM,https://www.redfin.com/CA/Piedmont/45-Saint-James-Pl-94611/home/1466621,"bridgeMLS, Bay East AOR, or Contra Costa AOR",41040192,N,Y,37.8140077,-122.2203389,2.0,"Hardwood, Tile, Carpet",Forced Air,No Air Conditioning,NA,9,10,2.5,825.0,19055.0,30,Somewhat bikeable,56,Somewhat walkable,,,Minimal,Minimal,Moderate,Minimal,"Places5 groceries, 27 restaurants, 5 parksTransit20, 21, 29, 33, 339, 39, 57, 606, 611, 62, 650, 653, 657, 658, 680, 688, 805, 96, B, NL, NX, NX1, NX2, NXC, V","Sep 29, 2023","Listed (Active)bridgeMLS, Bay East AOR, or Contra Costa AOR #41040192",2695000.0,,,,,,,,,,https://www.redfin.com/CA/Piedmont/45-Saint-James-Pl-94611/home/1466621,2701447.0,,,,,,,All Public Utilities,,,,,,,,,,,,,,
MLS Listing,,Multi-Family (2-4 Unit),6410 Outlook Ave,Oakland,CA,94605,749000,2.0,,CHEVROLET PARK,1668.0,6850.0,1950.0,1,449.0,,Active,,,https://www.redfin.com/CA/Oakland/6410-Outlook-Ave-94605/home/2029766,"bridgeMLS, Bay East AOR, or Contra Costa AOR",41040541,N,Y,37.7760578,-122.1764944,,"Hardwood, Tile","Forced Air, Natural Gas","Central Air, No Air Conditioning",2,1,1,3.0,449.0,5296.0,29,Somewhat bikeable,64,Somewhat walkable,54,Good transit,Minimal,Moderate,Moderate,Minimal,"Places1 grocery, 23 restaurants, 4 parksTransit356, 40, 45, 57, 617, 638, 648, 650, 657, 680, 73, 805, 840, 98, NL, NX, NX3, NX4, NXC","Sep 29, 2023","Listed (Active)bridgeMLS, Bay East AOR, or Contra Costa AOR #41040541",749000.0,,,,,,,,,,https://www.redfin.com/CA/Oakland/6410-Outlook-Ave-94605/home/2029766,757103.0,,,,,,,"All Public Utilities, Cable Connected, Internet Available, Individual Electric Meter, Individual Gas Meter",,,,,,,,,,,,,,
MLS Listing,,Single Family Residential,830 Trestle Glen Rd,Oakland,CA,94610,1925000,4.0,2.5,CROCKER HGHLANDS,2656.0,6803.0,1925.0,1,725.0,19.0,Active,October-1-2023 02:00 PM,October-1-2023 04:30 PM,https://www.redfin.com/CA/Oakland/830-Trestle-Glen-Rd-94610/home/527276,"bridgeMLS, Bay East AOR, or Contra Costa AOR",41040272,N,Y,37.8084316,-122.239088,1.0,"Hardwood Flrs Throughout, Tile, Carpet","Forced Air, Natural Gas, Fireplace(s)",,8,7,4,2.5,725.0,13630.0,60,Bikeable,90,Walker's paradise,53,Good transit,Major,Minimal,Moderate,Minimal,"Places5 groceries, 27 restaurants, 1 parkTransit12, 29, 33, 57, 606, 62, 653, 657, 658, 680, 688, 805, B, NL, NX, NX1, V","Sep 29, 2023","Listed (Active)bridgeMLS, Bay East AOR, or Contra Costa AOR #41040272",1925000.0,,,,,,,,,,https://www.redfin.com/CA/Oakland/830-Trestle-Glen-Rd-94610/home/527276,1987533.0,,,,,,,,,,,,,,,,,,,,,
MLS Listing,,Condo/Co-op,550 Canyon Oaks Dr Unit A,Oakland,CA,94605,499999,2.0,2.0,SHADOW WOODS,1123.0,139460.0,1986.0,1,445.0,659.0,Active,October-1-2023 02:30 PM,October-1-2023 04:30 PM,https://www.redfin.com/CA/Oakland/550-Canyon-Oaks-Dr-94605/unit-A/home/12116914,"bridgeMLS, Bay East AOR, or Contra Costa AOR",41040394,N,Y,37.7728027,-122.1470621,1.0,Wood,Central,Central Air,2,1,5,2.5,445.0,4194.0,7,Somewhat bikeable,21,Car-dependent,23,Minimal transit,Minimal,Major,Moderate,Minimal,"Places6 groceries, 10 restaurants, 8 parksTransit356, 46, 46L, 57, 617, 646, 649, 650, 652, 680, 682, 98, NX3, NX4, NXC","Sep 29, 2023","Listed (Active)bridgeMLS, Bay East AOR, or Contra Costa AOR #41040394",499999.0,"Sep 24, 2023",,NA,"Sep 23, 2023",,NA,"Sep 20, 2023",,NA,https://www.redfin.com/CA/Oakland/550-Canyon-Oaks-Dr-94605/unit-A/home/12116914,500932.0,,,,,,,,,,,,,,,,,,,,,
MLS Listing,,Single Family Residential,5715 Cabot Dr,Oakland,CA,94611,1250000,3.0,2.0,MONTCLAIR,2151.0,9248.0,1938.0,1,581.0,,Active,October-1-2023 02:00 PM,October-1-2023 05:00 PM,https://www.redfin.com/CA/Oakland/5715-Cabot-Dr-94611/home/1965194,"bridgeMLS, Bay East AOR, or Contra Costa AOR",41040539,N,Y,37.8330481,-122.2133407,2.0,Hardwood,Forced Air,,8,5,5,2.5,581.0,8838.0,36,Somewhat bikeable,73,Very walkable,34,Some transit,Minimal,Moderate,Minor,Minimal,"Places4 groceries, 24 restaurants, 5 parksTransit33, 605, 606, 642, 646, 649, 650, 653, 655, 660, 662, 677, 682, 688, 696, CB, V","Sep 29, 2023","Listed (Active)bridgeMLS, Bay East AOR, or Contra Costa AOR #41040539",1250000.0,,,,,,,,,,https://www.redfin.com/CA/Oakland/5715-Cabot-Dr-94611/home/1965194,1243160.0,,,,,,,,,,,,,,,,,,,,,
MLS Listing,,Single Family Residential,3824 Suter St,Oakland,CA,94619,725000,3.0,1.0,ALLENDALE PARK,1158.0,3465.0,1914.0,1,626.0,,Active,October-1-2023 02:00 PM,October-1-2023 04:30 PM,https://www.redfin.com/CA/Oakland/3824-Suter-St-94619/home/1809225,"bridgeMLS, Bay East AOR, or Contra Costa AOR",41040532,N,Y,37.7889486,-122.2015743,2.0,"Tile, Vinyl, Bamboo","Natural Gas, Wall Furnace",,3,NA,5,3.0,626.0,5126.0,69,Bikeable,86,Very walkable,51,Good transit,Minimal,Minimal,Moderate,Minimal,"Places4 groceries, 26 restaurants, 4 parksTransit14, 47, 54, 57, 648, 654, 655, 657, 658, 680, 805, NL, NX, NX2, NX3, NXC","Sep 29, 2023","Listed (Active)bridgeMLS, Bay East AOR, or Contra Costa AOR #41040532",725000.0,,,,,,,,,,https://www.redfin.com/CA/Oakland/3824-Suter-St-94619/home/1809225,732857.0,,,,,,,,,,,,,,,,,,,,,
MLS Listing,,Single Family Residential,4300 Adeline St,Emeryville,CA,94608,1488000,4.0,3.0,EMERYVILLE,1923.0,4400.0,1939.0,2,774.0,,Active,October-1-2023 02:00 PM,October-1-2023 04:00 PM,https://www.redfin.com/CA/Emeryville/4300-Adeline-St-94608/home/634083,"bridgeMLS, Bay East AOR, or Contra Costa AOR",41040528,N,Y,37.8338408,-122.2770636,1.0,Engineered Wood,"Forced Air, Heat Pump",Central Air,4,7,6,2.5,774.0,10521.0,97,Biker's paradise,93,Walker's paradise,,,Minimal,Minimal,Moderate,Minimal,"Places5 groceries, 32 restaurants, 5 parksTransit12, 18, 29, 36, 57, 657, 72, 72M, 72R, 802, 88, C, F, J","Sep 28, 2023","Listed (Active)bridgeMLS, Bay East AOR, or Contra Costa AOR #41040528",1488000.0,"Aug 3, 2023",,NA,,,,,,,https://www.redfin.com/CA/Emeryville/4300-Adeline-St-94608/home/634083,1494971.0,,,,,,,All Public Utilities,,,,,,,,,,,,,,
MLS Listing,,Single Family Residential,8133 Idlewood Dr,Oakland,CA,94605,685000,3.0,2.0,EASTMONT AREA,1118.0,3610.0,1925.0,2,613.0,,Active,October-1-2023 02:00 PM,October-1-2023 04:00 PM,https://www.redfin.com/CA/Oakland/8133-Idlewood-St-94605/home/1412745,"bridgeMLS, Bay East AOR, or Contra Costa AOR",41039903,N,Y,37.7622342,-122.1665607,,Engineered Wood,"Central, Fireplace(s)",No Air Conditioning,2,1,1,2.5,613.0,4843.0,57,Bikeable,71,Very walkable,56,Good transit,Minimal,Moderate,Moderate,Minimal,"Places9 groceries, 15 restaurants, 3 parksTransit356, 40, 45, 46, 46L, 57, 617, 638, 646, 650, 652, 657, 680, 73, 805, 840, 90, 98, NL, NX3, NXC","Sep 28, 2023","Listed (Active)bridgeMLS, Bay East AOR, or Contra Costa AOR #41039903",685000.0,"Apr 6, 2022","PendingbridgeMLS, Bay East AOR, or Contra Costa AOR #40986134",NA,"Mar 24, 2022","Listed (New)bridgeMLS, Bay East AOR, or Contra Costa AOR #40986134",569000.0,,,,https://www.redfin.com/CA/Oakland/8133-Idlewood-St-94605/home/1412745,684361.0,,,,,,,"All Public Utilities, Natural Gas Connected",,,,,,,,,,,,,,
MLS Listing,,Single Family Residential,181 Hermosa Ave,Oakland,CA,94618,1350000,2.0,1.0,ROCKRIDGE UPPER,1441.0,4180.0,1934.0,2,937.0,,Active,October-1-2023 12:00 PM,October-1-2023 03:00 PM,https://www.redfin.com/CA/Oakland/181-Hermosa-Ave-94618/home/1517374,"bridgeMLS, Bay East AOR, or Contra Costa AOR",41040522,N,Y,37.8402728,-122.2320577,1.0,"Hardwood, Carpet",Forced Air,,NA,7,6,2.5,937.0,9545.0,42,Somewhat bikeable,45,Car-dependent,27,Some transit,Minimal,Moderate,Moderate,Minimal,"Places5 groceries, 16 restaurants, 12 parksTransit33, 604, 605, 606, 660, 662, 677, 682, 688, 696, C, CB, E, P, V","Sep 28, 2023","Listed (Active)bridgeMLS, Bay East AOR, or Contra Costa AOR #41040522",1350000.0,,,,,,,,,,https://www.redfin.com/CA/Oakland/181-Hermosa-Ave-94618/home/1517374,1352156.0,,,,,,,,,,,,,,,,,,,,,
MLS Listing,,Single Family Residential,5939 Laird Ave,Oakland,CA,94605,898000,4.0,4.5,MILLSMONT AREA,2532.0,7508.0,1925.0,2,355.0,,Active,October-1-2023 02:00 PM,October-1-2023 04:30 PM,https://www.redfin.com/CA/Oakland/5939-Laird-Ave-94605/home/564648,"bridgeMLS, Bay East AOR, or Contra Costa AOR",41040517,N,Y,37.7773682,-122.1812389,2.0,"Tile, Vinyl",Forced Air,No Air Conditioning,2,1,1,2.5,355.0,6349.0,43,Somewhat bikeable,68,Somewhat walkable,50,Good transit,Minimal,Moderate,Moderate,Minimal,"Places2 groceries, 22 restaurants, 3 parksTransit356, 40, 45, 47, 57, 617, 638, 648, 650, 657, 680, 73, 805, 840, 98, NL, NX, NX3, NXC","Sep 29, 2023","Listed (Active)bridgeMLS, Bay East AOR, or Contra Costa AOR #41040533",898000.0,"Sep 28, 2023","Listed (Active)bridgeMLS, Bay East AOR, or Contra Costa AOR #41040517",898000.0,,,,,,,https://www.redfin.com/CA/Oakland/5939-Laird-Ave-94605/home/564648,900252.0,,,,,,,"All Public Utilities, Master Electric Meter, Master Gas Meter",,,,,,,,,,,,,,
MLS Listing,,Single Family Residential,4366 Edgewood Ave,Oakland,CA,94602,1149000,3.0,2.0,GLENVIEW,1577.0,4400.0,1912.0,2,729.0,,Active,October-1-2023 02:00 PM,October-1-2023 04:30 PM,https://www.redfin.com/CA/Oakland/4366-Edgewood-Ave-94602/home/1891372,"bridgeMLS, Bay East AOR, or Contra Costa AOR",41040506,N,Y,37.8089136,-122.2204276,1.0,"Hardwood, Tile, Carpet","Forced Air, Natural Gas, Fireplace(s)",Central Air,7,7,4,2.5,729.0,8124.0,50,Bikeable,83,Very walkable,52,Good transit,Minimal,Minimal,Moderate,Minimal,"Places5 groceries, 27 restaurants, 4 parksTransit20, 21, 29, 33, 339, 39, 57, 606, 611, 62, 650, 653, 657, 658, 680, 688, 805, 96, B, NL, NX, NX1, NX2, NXC, V","Sep 28, 2023","Listed (Active)bridgeMLS, Bay East AOR, or Contra Costa AOR #41040506",1149000.0,"Mar 21, 2018","PendingbridgeMLS, Bay East AOR, or Contra Costa AOR #40813207",NA,"Mar 9, 2018","Listed (New)bridgeMLS, Bay East AOR, or Contra Costa AOR #40813207",829000.0,,,,https://www.redfin.com/CA/Oakland/4366-Edgewood-Ave-94602/home/1891372,1308963.0,,,,,,,"Individual Electric Meter, Individual Gas Meter",,,,,,,,,,,,,,
MLS Listing,,Single Family Residential,7122 Homewood Dr,Oakland,CA,94611,1295000,4.0,2.0,MONTCLAIR,1543.0,7100.0,1961.0,2,839.0,,Active,October-1-2023 12:00 PM,October-1-2023 04:00 PM,https://www.redfin.com/CA/Oakland/7122-Homewood-Dr-94611/home/1671743,"bridgeMLS, Bay East AOR, or Contra Costa AOR",41040496,N,Y,37.8369325,-122.1955577,2.0,"Hardwood, Tile",Forced Air,,8,5,5,2.5,839.0,9156.0,21,Somewhat bikeable,2,Car-dependent,8,Minimal transit,Minimal,Moderate,Minor,Minimal,"Places3 groceries, 23 restaurants, 6 parksTransit33, 339, 605, 642, 646, 649, 650, 653, 655, 660, 662, 677, 682, 688, 696, CB, V","Sep 28, 2023","Listed (Active)bridgeMLS, Bay East AOR, or Contra Costa AOR #41040496",1295000.0,"Oct 1, 1997","DelistedbridgeMLS, Bay East AOR, or Contra Costa AOR #27452969",NA,"Jun 27, 1997","ListedbridgeMLS, Bay East AOR, or Contra Costa AOR #27452969",269000.0,,,,https://www.redfin.com/CA/Oakland/7122-Homewood-Dr-94611/home/1671743,1331574.0,,,,,,,,,,,,,,,,,,,,,
MLS Listing,,Single Family Residential,5535 E 16th St,Oakland,CA,94621,579000,3.0,2.0,MELROSE,1170.0,3400.0,1912.0,2,495.0,,Active,,,https://www.redfin.com/CA/Oakland/5535-E-16th-St-94621/home/1524768,"bridgeMLS, Bay East AOR, or Contra Costa AOR",41040495,N,Y,37.7680813,-122.2010905,1.0,"Hardwood Flrs Throughout, Tile",Forced Air,,NA,NA,1,2.5,495.0,4094.0,63,Bikeable,85,Very walkable,52,Good transit,Minimal,Minimal,Moderate,Minimal,"Places4 groceries, 22 restaurants, 1 parkTransit1, 14, 356, 40, 45, 46, 46L, 47, 617, 648, 650, 657, 73, 801, 805, 840, 98","Sep 28, 2023","Listed (Active)bridgeMLS, Bay East AOR, or Contra Costa AOR #41040495",579000.0,"Jul 13, 2023","PendingbridgeMLS, Bay East AOR, or Contra Costa AOR #41028034",NA,"Jun 24, 2023","Price ChangedbridgeMLS, Bay East AOR, or Contra Costa AOR #41028034",449000.0,"May 22, 2023","Price ChangedbridgeMLS, Bay East AOR, or Contra Costa AOR #41028034",550000.0,https://www.redfin.com/CA/Oakland/5535-E-16th-St-94621/home/1524768,579414.0,"May 21, 2023","Listed (New)bridgeMLS, Bay East AOR, or Contra Costa AOR #41028034",699000.0,,,,,,,,,,,,,,,,,,
MLS Listing,,Condo/Co-op,3206 Hannah St #1,Oakland,CA,94608,580000,1.0,1.0,OAKLAND WEST,952.0,9500.0,1992.0,2,609.0,538.0,Active,October-1-2023 02:00 PM,October-1-2023 04:30 PM,https://www.redfin.com/CA/Oakland/3206-Hannah-St-94608/unit-1/home/22963699,"bridgeMLS, Bay East AOR, or Contra Costa AOR",41037518,N,Y,37.8237701,-122.2865609,,Wood,Floor Furnace,,2,3,2,2.5,609.0,4639.0,98,Biker's paradise,85,Very walkable,57,Good transit,Severe,Minimal,Moderate,Minimal,"Places6 groceries, 22 restaurants, 3 parksTransit29, 36, 57, 657, 705, 72, 72M, 72R, 802, 88, C, F, J, NL","Sep 28, 2023","Listed (Active)bridgeMLS, Bay East AOR, or Contra Costa AOR #41037518",580000.0,"Jun 6, 2017","PendingbridgeMLS, Bay East AOR, or Contra Costa AOR #40782405",NA,"May 20, 2017","Listed (New)bridgeMLS, Bay East AOR, or Contra Costa AOR #40782405",475000.0,,,,https://www.redfin.com/CA/Oakland/3206-Hannah-St-94608/unit-1/home/22963699,,,,,,,,,,,,,,,,,,,,,,
MLS Listing,,Vacant Land,14381 Skyline Blvd,Oakland,CA,94619,750000,,,Oakland,188566.0,188566.0,,2,4.0,,Active,,,https://www.redfin.com/CA/Oakland/14381-Skyline-Blvd-94605/home/187740772,"bridgeMLS, Bay East AOR, or Contra Costa AOR",41040482,N,Y,37.7721525,-122.1305659,,,,,2,2,5,3.0,4.0,5303.0,11,Somewhat bikeable,6,Car-dependent,16,Minimal transit,NA,NA,NA,NA,"Places4 groceries, 13 restaurants, 8 parksTransit34, 35, 356, 45, 46, 46L, 57, 617, 646, 649, 650, 652, 680, 682, 90, 98, NX3, NX4","Sep 28, 2023","Listed (Active)bridgeMLS, Bay East AOR, or Contra Costa AOR #41040482",750000.0,,,,,,,,,,https://www.redfin.com/CA/Oakland/14381-Skyline-Blvd-94605/home/187740772,749127.0,,,,,,,"Electricity Available, Sewer Available, Water Available",,,,,,,,,,,,,,
MLS Listing,,Single Family Residential,1387 63rd Ave,Oakland,CA,94621,435000,2.0,1.0,,990.0,4059.0,1942.0,2,439.0,,Active,,,https://www.redfin.com/CA/Oakland/1387-63rd-Ave-94621/home/578159,"bridgeMLS, Bay East AOR, or Contra Costa AOR",41040468,N,Y,37.7632953,-122.1971973,,,,,2,NA,1,2.5,439.0,3076.0,55,Bikeable,79,Very walkable,63,Good transit,Minimal,Minimal,Moderate,Minimal,"Places4 groceries, 17 restaurants, 1 parkTransit1, 356, 40, 45, 46, 46L, 47, 617, 638, 646, 650, 657, 73, 801, 805, 840, 90, 98, Beige-N, Beige-S, Blue-N, Blue-S, CC, Green-N, Green-S, Orange-N, Orange-S","Sep 28, 2023","Listed (Active)bridgeMLS, Bay East AOR, or Contra Costa AOR #41040468",435000.0,,,,,,,,,,https://www.redfin.com/CA/Oakland/1387-63rd-Ave-94621/home/578159,435759.0,,,,,,,,,,,,,,,,,,,,,
MLS Listing,,Condo/Co-op,200 200 2nd St St #503,Oakland,CA,94607,599000,2.0,1.0,Oakland,737.0,19985.0,2006.0,2,813.0,502.0,Active,October-1-2023 01:00 PM,October-1-2023 03:00 PM,https://www.redfin.com/CA/Oakland/200-2nd-St-94607/unit-503/home/12116144,San Francisco MLS,423904572,N,Y,37.7941167,-122.27075,,"Bamboo, Carpet",Electric,,8,3,6,,813.0,4737.0,86,Very bikeable,95,Walker's paradise,83,Excellent transit,Minimal,Minimal,Moderate,Minimal,"Places13 groceries, 30 restaurants, 3 parksTransit1, 12, 18, 19, 20, 29, 314, 33, 40, 51A, 611, 62, 72, 72M, 72R, 801, 840, 851, 88, 96, AMSJ2, BSD, BSN, Blue-N, Blue-S, CC, Green-N, Green-S, O, OA, Orange-N, Orange-S, SSF, W","Sep 28, 2023",Listed (Active)San Francisco MLS #423904572,599000.0,,,,,,,,,,https://www.redfin.com/CA/Oakland/200-2nd-St-94607/unit-503/home/12116144,597209.0,,,,,,,,,,,,,,,,,,,,,
MLS Listing,,Single Family Residential,1056 56th St,Oakland,CA,94608,565000,2.0,1.0,Gaskill,860.0,2475.0,1911.0,2,657.0,,Active,,,https://www.redfin.com/CA/Oakland/1056-56th-St-94608/home/1698783,"bridgeMLS, Bay East AOR, or Contra Costa AOR",41040458,N,Y,37.8394302,-122.2805774,,,,,4,7,6,2.5,657.0,3995.0,98,Biker's paradise,91,Walker's paradise,60,Good transit,Moderate,Minimal,Moderate,Minimal,"Places2 groceries, 26 restaurants, 4 parksTransit12, 18, 29, 36, 57, 657, 688, 72, 72M, 72R, 802, 88, AMSJ2, C, CC, F, J, Route 99, SF","Sep 28, 2023","Listed (Active)bridgeMLS, Bay East AOR, or Contra Costa AOR #41040458",565000.0,,,,,,,,,,https://www.redfin.com/CA/Oakland/1056-56th-St-94608/home/1698783,582660.0,,,,,,,,,,,,,,,,,,,,,
MLS Listing,,Single Family Residential,6475 Girvin Dr,Oakland,CA,94611,1095000,3.0,2.0,MONTCLAIR,1849.0,5698.0,1974.0,2,592.0,,Active,October-1-2023 02:00 PM,October-1-2023 04:00 PM,https://www.redfin.com/CA/Oakland/6475-Girvin-Dr-94611/home/711339,"bridgeMLS, Bay East AOR, or Contra Costa AOR",41040113,N,Y,37.8303029,-122.1934285,2.0,"Hardwood, Parquet, Tile, Engineered Wood",Forced Air,Ceiling Fan(s),7,5,5,2.5,592.0,7742.0,24,Somewhat bikeable,1,Car-dependent,18,Minimal transit,Minimal,Moderate,Minimal,Minimal,"Places4 groceries, 23 restaurants, 8 parksTransit33, 339, 39, 604, 605, 606, 642, 646, 649, 650, 653, 655, 658, 660, 662, 677, 682, 688, 696, CB, V","Sep 28, 2023","Listed (Active)bridgeMLS, Bay East AOR, or Contra Costa AOR #41040113",1095000.0,,,,,,,,,,https://www.redfin.com/CA/Oakland/6475-Girvin-Dr-94611/home/711339,1395466.0,,,,,,,,,,,,,,,,,,,,,
MLS Listing,,Single Family Residential,917 26th Ave,Oakland,CA,94601,595000,2.0,1.0,FRUITVALE,1019.0,2400.0,1912.0,2,584.0,,Active,,,https://www.redfin.com/CA/Oakland/917-26th-Ave-94601/home/909047,"bridgeMLS, Bay East AOR, or Contra Costa AOR",41040450,N,Y,37.7784558,-122.2360631,,"Laminate, Tile",Wall Furnace,,2,4,1,2.5,584.0,4207.0,95,Biker's paradise,89,Very walkable,65,Good transit,Minimal,Minimal,Moderate,Minimal,"Places6 groceries, 51 restaurants, 1 parkTransit1, 14, 19, 20, 21, 339, 39, 40, 47, 51A, 54, 62, 648, 654, 655, 663, 706, 801, 840, 851, Blue-N, Blue-S, Green-N, Green-S, O, OX, Orange-N, Orange-S, W","Sep 28, 2023","Listed (Active)bridgeMLS, Bay East AOR, or Contra Costa AOR #41040450",595000.0,,,,,,,,,,https://www.redfin.com/CA/Oakland/917-26th-Ave-94601/home/909047,592718.0,,,,,,,,,,,,,,,,,,,,,
MLS Listing,,Multi-Family (5+ Unit),787 22nd St,Oakland,CA,94612,4400000,13.0,22.0,OAKLAND,13601.0,11300.0,1910.0,2,324.0,,Active,,,https://www.redfin.com/CA/Oakland/787-22nd-St-94612/home/1629674,MLSListings,ML81943428,N,Y,37.8125824,-122.2761805,,,Gas,,NA,3,2,2.0,324.0,31111.0,95,Biker's paradise,92,Walker's paradise,78,Excellent transit,Major,Minimal,Moderate,Minimal,"Places3 groceries, 20 restaurants, 4 parksTransit1, 12, 14, 18, 19, 20, 29, 314, 33, 36, 40, 51A, 6, 611, 705, 710, 72, 72M, 72R, 800, 801, 802, 805, 851, 88, BSD, BSN, NL, Orange-N, Orange-S, Red-N, Red-S, Yellow-N, Yellow-S","Sep 28, 2023",Listed (Active)MLSListings #ML81943428,4400000.0,"Jan 17, 2019",Listing RemovedSDMLS #301753728,NA,"Sep 1, 2014",,NA,,,,https://www.redfin.com/CA/Oakland/787-22nd-St-94612/home/1629674,,,,,,,,"Individual Electric Meters, Individual Gas Meters",,,,,,,,,,,,,,
MLS Listing,,Single Family Residential,977 Aileen St,Oakland,CA,94608,1598000,7.0,5.0,OAKLAND,2400.0,3875.0,1910.0,2,666.0,,Active,October-1-2023 12:30 PM,October-1-2023 04:30 PM,https://www.redfin.com/CA/Oakland/977-Aileen-St-94608/home/530265,MLSListings,ML81943416,N,Y,37.8403815,-122.277483,,Laminate,Central Forced Air (Gas),Other (See Remarks),4,7,6,3.0,666.0,11299.0,99,Biker's paradise,90,Walker's paradise,60,Good transit,Severe,Minimal,Moderate,Minimal,"Places5 groceries, 21 restaurants, 5 parksTransit12, 18, 29, 36, 57, 657, 688, 72, 72M, 72R, 802, 88, C, F","Sep 28, 2023",Listed (Active)MLSListings #ML81943416,1598000.0,,,,,,,,,,https://www.redfin.com/CA/Oakland/977-Aileen-St-94608/home/530265,1591777.0,,,,,,,"Primary Meter, Public Utilities",,,,,,,,,,2.0,Carport,,Dining Area in Living Room,"Electricity Hookup (110V), Hookup (Gas Dryer), In Utility Room, Upper Floor"
MLS Listing,,Single Family Residential,818 Northvale Rd,Oakland,CA,94610,1895000,6.0,4.0,CROCKER HGHLANDS,3721.0,4794.0,1922.0,2,509.0,19.0,Active,October-1-2023 02:00 PM,October-1-2023 04:30 PM,https://www.redfin.com/CA/Oakland/818-Northvale-Rd-94610/home/526747,"bridgeMLS, Bay East AOR, or Contra Costa AOR",41040147,N,Y,37.808177,-122.2363844,2.0,"Hardwood, Tile, Carpet",Forced Air,"Ceiling Fan(s), Central Air, No Air Conditioning",8,7,4,2.5,509.0,13418.0,56,Bikeable,72,Very walkable,54,Good transit,Minimal,Minimal,Moderate,Minimal,"Places4 groceries, 23 restaurants, 0 parksTransit12, 29, 33, 57, 606, 611, 62, 653, 657, 658, 680, 688, 805, 96, B, NL, NX, NX1, V","Sep 28, 2023","Listed (Active)bridgeMLS, Bay East AOR, or Contra Costa AOR #41040147",1895000.0,"Apr 5, 2018","PendingbridgeMLS, Bay East AOR, or Contra Costa AOR #40813227",NA,"Mar 25, 2018","Price ChangedbridgeMLS, Bay East AOR, or Contra Costa AOR #40813227",1595000.0,"Mar 9, 2018","Listed (New)bridgeMLS, Bay East AOR, or Contra Costa AOR #40813227",1850000.0,https://www.redfin.com/CA/Oakland/818-Northvale-Rd-94610/home/526747,,,,,,,,,,,,,,,,,,,,,,
MLS Listing,,Condo/Co-op,10873 Packard St,Oakland,CA,94603,524888,2.0,2.0,DURANT SQUARE,885.0,,2002.0,2,593.0,412.0,Active,October-1-2023 01:00 PM,October-1-2023 04:00 PM,https://www.redfin.com/CA/Oakland/10873-Packard-St-94603/home/22117965,"bridgeMLS, Bay East AOR, or Contra Costa AOR",41040112,N,Y,37.737834,-122.1621583,2.0,"Laminate, Carpet",Forced Air,Central Air,2,2,1,2.5,593.0,4123.0,74,Very bikeable,75,Very walkable,55,Good transit,Minimal,Minor,Moderate,Minimal,"Places7 groceries, 21 restaurants, 3 parksTransit1, 10, 34, 35, 40, 45, 57, 652, 680, 682, 801, 90, 98, NX3, NXC","Sep 28, 2023","Listed (Active)bridgeMLS, Bay East AOR, or Contra Costa AOR #41040112",524888.0,"Nov 16, 2009","PendingbridgeMLS, Bay East AOR, or Contra Costa AOR #40436431",NA,"Oct 30, 2009","Listed (New)bridgeMLS, Bay East AOR, or Contra Costa AOR #40436431",144900.0,,,,https://www.redfin.com/CA/Oakland/10873-Packard-St-94603/home/22117965,527240.0,,,,,,,,,,,,,,,,,,,,,
MLS Listing,,Single Family Residential,3277 School St,Oakland,CA,94602,795000,2.0,1.0,LAUREL DISTRICT,1342.0,4200.0,1912.0,2,592.0,,Active,October-1-2023 02:00 PM,October-1-2023 04:30 PM,https://www.redfin.com/CA/Oakland/3277-School-St-94602/home/1000617,"bridgeMLS, Bay East AOR, or Contra Costa AOR",41040427,N,Y,37.7929178,-122.2088574,1.0,"Hardwood, Tile",Forced Air,Central Air,2,NA,1,2.5,592.0,5621.0,57,Bikeable,72,Very walkable,54,Good transit,Minimal,Minimal,Moderate,Minimal,"Places8 groceries, 20 restaurants, 5 parksTransit14, 20, 21, 339, 39, 54, 57, 604, 605, 611, 648, 653, 654, 655, 657, 658, 680, 805, 96, NL, NX, NX1, NX2, NXC","Sep 28, 2023","Listed (Active)bridgeMLS, Bay East AOR, or Contra Costa AOR #41040427",795000.0,,,,,,,,,,https://www.redfin.com/CA/Oakland/3277-School-St-94602/home/1000617,797686.0,,,,,,,Sewer Connected,,,,,,,,,,,,,,
MLS Listing,,Multi-Family (2-4 Unit),1708 19th Ave,Oakland,CA,94606,635000,2.0,,Oakland,1413.0,3250.0,1926.0,2,449.0,,Active,,,https://www.redfin.com/CA/Oakland/1708-19th-Ave-94606/home/1340732,"bridgeMLS, Bay East AOR, or Contra Costa AOR",41040423,N,Y,37.7890741,-122.2382097,,Hardwood Flrs Throughout,"Wall Furnace, Fireplace(s)",Ceiling Fan(s),2,4,4,2.0,449.0,4490.0,73,Very bikeable,82,Very walkable,56,Good transit,Minimal,Minimal,Moderate,Minimal,"Places2 groceries, 52 restaurants, 1 parkTransit1, 14, 40, 611, 62, 801, 840, 96","Sep 28, 2023","Listed (Active)bridgeMLS, Bay East AOR, or Contra Costa AOR #41040423",635000.0,"Nov 24, 2014","PendingbridgeMLS, Bay East AOR, or Contra Costa AOR #40678844",NA,"Oct 27, 2014","Listed (New)bridgeMLS, Bay East AOR, or Contra Costa AOR #40678844",298000.0,,,,https://www.redfin.com/CA/Oakland/1708-19th-Ave-94606/home/1340732,636671.0,,,,,,,,,,,,,,,,,,,,,
MLS Listing,,Single Family Residential,2900 Maxwell Ave,Oakland,CA,94619,848000,2.0,2.0,MAXWELL  PARK,1063.0,5160.0,1923.0,2,798.0,,Active,October-1-2023 02:00 PM,October-1-2023 04:30 PM,https://www.redfin.com/CA/Oakland/2900-Maxwell-Ave-94619/home/1843337,"bridgeMLS, Bay East AOR, or Contra Costa AOR",41040420,N,Y,37.7795724,-122.1949199,,"Concrete, Hardwood, Tile, Vinyl",Forced Air,,4,1,1,2.5,798.0,5996.0,37,Somewhat bikeable,62,Somewhat walkable,51,Good transit,Minimal,Minimal,Moderate,Minimal,"Places4 groceries, 23 restaurants, 3 parksTransit14, 40, 45, 47, 57, 617, 638, 648, 650, 657, 680, 805, 840, NL, NX, NX2, NX3, NXC","Sep 28, 2023","Listed (Active)bridgeMLS, Bay East AOR, or Contra Costa AOR #41040420",848000.0,,,,,,,,,,https://www.redfin.com/CA/Oakland/2900-Maxwell-Ave-94619/home/1843337,942883.0,,,,,,,,,,,,,,,,,,,,,
MLS Listing,,Single Family Residential,624 62nd St,Oakland,CA,94609,1525000,4.0,2.0,BUSHROD,2125.0,4140.0,1907.0,3,718.0,,Active,October-1-2023 02:00 PM,October-1-2023 04:30 PM,https://www.redfin.com/CA/Oakland/624-62nd-St-94609/home/1365182,"bridgeMLS, Bay East AOR, or Contra Costa AOR",41040402,N,Y,37.8481431,-122.2663623,,"Hardwood, Engineered Wood",Forced Air,Central Air,7,7,6,2.5,718.0,10783.0,98,Biker's paradise,92,Walker's paradise,64,Good transit,Minimal,Minimal,Moderate,Minimal,"Places3 groceries, 25 restaurants, 3 parksTransit12, 18, 6, 688, 80, 800, 88, E, F, Orange-N, Orange-S, Red-N, Red-S","Sep 27, 2023","Listed (Active)bridgeMLS, Bay East AOR, or Contra Costa AOR #41040402",1525000.0,,,,,,,,,,https://www.redfin.com/CA/Oakland/624-62nd-St-94609/home/1365182,1541578.0,,,,,,,"All Public Utilities, Individual Electric Meter, Individual Gas Meter",,,,,,,,,,,,,,
MLS Listing,,Single Family Residential,1637 Church St,Oakland,CA,94621,469000,2.0,1.0,HAVENSCOURT,800.0,2500.0,1926.0,3,586.0,,Active,October-1-2023 01:00 PM,October-1-2023 04:00 PM,https://www.redfin.com/CA/Oakland/1637-Church-St-94621/home/568968,"bridgeMLS, Bay East AOR, or Contra Costa AOR",41040400,N,Y,37.7628479,-122.18816,,Vinyl,Wall Furnace,Ceiling Fan(s),2,NA,1,2.5,586.0,3316.0,62,Bikeable,76,Very walkable,63,Good transit,Minimal,Minimal,Moderate,Minimal,"Places6 groceries, 24 restaurants, 3 parksTransit1, 356, 40, 45, 46, 46L, 47, 57, 617, 638, 646, 650, 657, 680, 73, 801, 805, 840, 90, 98, Beige-N, Beige-S, Blue-N, Blue-S, Green-N, Green-S, NL, NX3, NXC, Orange-N, Orange-S","Sep 27, 2023","Listed (Active)bridgeMLS, Bay East AOR, or Contra Costa AOR #41040400",469000.0,"Dec 3, 2018","Pending (Pending - Show for Backups)bridgeMLS, Bay East AOR, or Contra Costa AOR #40845606",NA,"Nov 29, 2018","ContingentbridgeMLS, Bay East AOR, or Contra Costa AOR #40845606",NA,"Nov 27, 2018","Relisted (Back On Market)bridgeMLS, Bay East AOR, or Contra Costa AOR #40845606",NA,https://www.redfin.com/CA/Oakland/1637-Church-St-94621/home/568968,469835.0,"Nov 21, 2018","PendingbridgeMLS, Bay East AOR, or Contra Costa AOR #40845606",NA,"Nov 17, 2018","Price ChangedbridgeMLS, Bay East AOR, or Contra Costa AOR #40845606",284950.0,,"Nov 16, 2018","Relisted (Back On Market)bridgeMLS, Bay East AOR, or Contra Costa AOR #40845606",NA,"Nov 13, 2018","DelistedbridgeMLS, Bay East AOR, or Contra Costa AOR #40845606",NA,"Nov 9, 2018","Listed (New)bridgeMLS, Bay East AOR, or Contra Costa AOR #40845606",284500.0,,,,,
MLS Listing,,Single Family Residential,10510 Englewood Dr,Oakland,CA,94605,1195000,5.0,3.0,OAKLAND,3242.0,20234.0,1972.0,3,369.0,,Active,October-1-2023 01:00 PM,October-1-2023 04:00 PM,https://www.redfin.com/CA/Oakland/10510-Englewood-Dr-94605/home/601729,MLSListings,ML81943357,N,Y,37.762376,-122.1275649,2.0,Vinyl/Linoleum,"Central Forced Air, Central Forced Air (Gas), Fireplace, Heating (2+ Zones)",,2,2,5,2.5,369.0,8449.0,8,Somewhat bikeable,3,Car-dependent,18,Minimal transit,Minimal,Moderate,Moderate,Minimal,"Places2 groceries, 14 restaurants, 9 parksTransit34, 35, 45, 46, 46L, 57, 617, 646, 649, 650, 652, 680, 682, 90, NX3, NX4, NXC","Sep 27, 2023",Listed (Active)MLSListings #ML81943357,1195000.0,,,,,,,,,,https://www.redfin.com/CA/Oakland/10510-Englewood-Dr-94605/home/601729,1237140.0,,,,,,,Public Utilities,,,,,,,,,,2.0,"Attached Garage, Off-Street Parking, Workshop in Garage","Double Sinks, Dual Flush Toilet, Full on Ground Floor, Shower Over Tub, 2+ Stall Shower, Stone, Tile, Tub in Master Bedroom, Updated Bath(s)","Breakfast Nook, Dining Bar, Eat in Kitchen, Formal Dining Room",In Garage
MLS Listing,,Multi-Family (2-4 Unit),8600 Mcarthur Blvd,Oakland,CA,94605,1187500,5.0,,Oakland,1794.0,7409.0,1923.0,3,662.0,,Active,October-1-2023 01:00 PM,October-1-2023 04:00 PM,https://www.redfin.com/CA/Oakland/8600-MacArthur-Blvd-94605/home/12116970,"bridgeMLS, Bay East AOR, or Contra Costa AOR",41040388,N,Y,37.7593519,-122.1625198,,Laminate,Wall Furnace,No Air Conditioning,2,1,1,2.5,662.0,8326.0,32,Somewhat bikeable,67,Somewhat walkable,53,Good transit,Minimal,Moderate,Moderate,Minimal,"Places8 groceries, 14 restaurants, 3 parksTransit356, 40, 46, 46L, 57, 617, 646, 650, 652, 680, 682, 90, 98, NX3, NXC","Sep 27, 2023","Listed (Active)bridgeMLS, Bay East AOR, or Contra Costa AOR #41040388",1187500.0,"Oct 3, 2020","Pending (Pending - Show for Backups)bridgeMLS, Bay East AOR, or Contra Costa AOR #40912404",NA,"Sep 20, 2020","Relisted (Back On Market)bridgeMLS, Bay East AOR, or Contra Costa AOR #40912404",NA,"Jul 24, 2020","Pending (Pending - Show for Backups)bridgeMLS, Bay East AOR, or Contra Costa AOR #40912404",NA,https://www.redfin.com/CA/Oakland/8600-MacArthur-Blvd-94605/home/12116970,1180559.0,"Jul 15, 2020","Listed (New)bridgeMLS, Bay East AOR, or Contra Costa AOR #40912404",749000.0,,,,,,,,,,,,,,,,,,
MLS Listing,,Multi-Family (2-4 Unit),2543 Humboldt Ave,Oakland,CA,94601,849000,8.0,4.0,OAKLAND,2759.0,13612.0,1923.0,3,308.0,,Active,,,https://www.redfin.com/CA/Oakland/2543-Humboldt-Ave-94601/home/1744119,MLSListings,ML81941505,N,Y,37.7895281,-122.2117833,,,"Floor Furnace, Gas",,3,3,1,2.5,308.0,6003.0,63,Bikeable,60,Somewhat walkable,54,Good transit,Minimal,Minimal,Moderate,Minimal,"Places8 groceries, 23 restaurants, 7 parksTransit14, 20, 21, 339, 39, 40, 54, 57, 611, 648, 653, 654, 655, 657, 658, 680, 805, 840, 96, NL, NX, NX1, NX2, NXC","Sep 27, 2023",Listed (Active)MLSListings #ML81941505,849000.0,"Oct 14, 2022",Pending (Pending (Do Not Show))MLSListings #ML81908814,NA,"Sep 28, 2022",Listed (Active)MLSListings #ML81908814,798000.0,,,,https://www.redfin.com/CA/Oakland/2543-Humboldt-Ave-94601/home/1744119,849886.0,,,,,,,Public Utilities,,,,,,,,,,1.0,Assigned Spaces,,,
MLS Listing,,Single Family Residential,466 36th St,Oakland,CA,94609,1095000,3.0,2.0,TEMESCAL,1778.0,4025.0,1912.0,3,616.0,,Active,October-1-2023 02:00 PM,October-1-2023 04:30 PM,https://www.redfin.com/CA/Oakland/466-36th-St-94609/home/1194258,"bridgeMLS, Bay East AOR, or Contra Costa AOR",41038557,N,Y,37.8243993,-122.2638882,2.0,Hardwood Flrs Throughout,Central,,4,3,6,2.5,616.0,7742.0,89,Very bikeable,86,Very walkable,73,Excellent transit,Moderate,Minimal,Moderate,Minimal,"Places4 groceries, 20 restaurants, 3 parksTransit12, 18, 33, 51A, 57, 6, 611, 653, 657, 658, 660, 662, 682, 705, 800, 851, 88, BSN, BridgeA, BridgeB, C, CB, Orange-N, Orange-S, P, Red-N, Red-S, Yellow-N, Yellow-S","Sep 27, 2023","Listed (Active)bridgeMLS, Bay East AOR, or Contra Costa AOR #41038557",1095000.0,"Jun 22, 2023",Contingent (Contingent (Show))BAREIS #323030770,NA,"May 30, 2023",Price ChangedBAREIS #323030770,861999.0,"May 30, 2023",Relisted (Active)BAREIS #323030770,NA,https://www.redfin.com/CA/Oakland/466-36th-St-94609/home/1194258,1113176.0,"May 23, 2023",Contingent (Contingent (No Show))BAREIS #323030770,NA,"May 21, 2023",Listed (Active)BAREIS #323030770,862000.0,,,,,,,,,,,,,,,
MLS Listing,,Vacant Land,7116 Thorndale Dr,Oakland,CA,94611,399000,,,Oakland,7266.0,7266.0,,3,55.0,,Active,,,https://www.redfin.com/CA/Oakland/7116-Thorndale-Dr-94611/home/143185255,"bridgeMLS, Bay East AOR, or Contra Costa AOR",41040383,N,Y,37.8472468,-122.2048887,,,,,8,5,5,3.0,55.0,2821.0,13,Somewhat bikeable,2,Car-dependent,10,Minimal transit,NA,NA,NA,NA,"Places4 groceries, 22 restaurants, 7 parksTransit33, 605, 642, 646, 649, 650, 653, 655, 660, 662, 677, 682, 688, 696, CB, E, V","Sep 27, 2023","Listed (Active)bridgeMLS, Bay East AOR, or Contra Costa AOR #41040383",399000.0,"Oct 23, 2017","PendingbridgeMLS, Bay East AOR, or Contra Costa AOR #40792793",NA,"Aug 9, 2017","Listed (New)bridgeMLS, Bay East AOR, or Contra Costa AOR #40792793",249000.0,,,,https://www.redfin.com/CA/Oakland/7116-Thorndale-Dr-94611/home/143185255,398645.0,,,,,,,"Electricity Available, Natural Gas Available, Sewer Available, Water Available",,,,,,,,,,,,,,
MLS Listing,,Single Family Residential,640 Fairmount Ave,Oakland,CA,94611,1495000,4.0,6.0,LINDAVISTA TER.,2882.0,8745.0,1899.0,3,519.0,,Active,October-1-2023 01:00 PM,October-1-2023 04:00 PM,https://www.redfin.com/CA/Oakland/640-Fairmount-Ave-94611/home/1253929,"bridgeMLS, Bay East AOR, or Contra Costa AOR",41040377,N,Y,37.8223581,-122.2531171,1.0,"Hardwood, Linoleum, Tile","Forced Air, Fireplace Insert",,4,3,6,3.0,519.0,10571.0,63,Bikeable,94,Walker's paradise,57,Good transit,Minimal,Minimal,Moderate,Minimal,"Places5 groceries, 25 restaurants, 0 parksTransit12, 33, 51A, 57, 6, 611, 653, 657, 658, 660, 662, 682, 688, 696, 800, 851, B, C, CB, NX1, P","Sep 27, 2023","Listed (Active)bridgeMLS, Bay East AOR, or Contra Costa AOR #41040377",1495000.0,,,,,,,,,,https://www.redfin.com/CA/Oakland/640-Fairmount-Ave-94611/home/1253929,1563023.0,,,,,,,,,,,,,,,,,,,,,
MLS Listing,,Single Family Residential,854 53rd St,Oakland,CA,94608,1095000,3.0,2.0,SANTA FE,1653.0,5400.0,1910.0,3,662.0,,Active,October-1-2023 02:00 PM,October-1-2023 04:30 PM,https://www.redfin.com/CA/Oakland/854-53rd-St-94608/home/1416818,"bridgeMLS, Bay East AOR, or Contra Costa AOR",41040378,N,Y,37.8379483,-122.2717912,1.0,Hardwood Flrs Throughout,Forced Air,No Air Conditioning,4,7,6,2.5,662.0,7742.0,99,Biker's paradise,89,Very walkable,67,Good transit,Minimal,Minimal,Moderate,Minimal,"Places6 groceries, 28 restaurants, 5 parksTransit12, 18, 36, 57, 6, 657, 688, 72, 72M, 72R, 800, 802, 88, BridgeA, BridgeB, C, F, Orange-N, Orange-S, Red-N, Red-S, Yellow-N, Yellow-S","Sep 27, 2023","Listed (Active)bridgeMLS, Bay East AOR, or Contra Costa AOR #41040378",1095000.0,"May 16, 2018","PendingbridgeMLS, Bay East AOR, or Contra Costa AOR #40822151",NA,"May 16, 2018","Listed (New)bridgeMLS, Bay East AOR, or Contra Costa AOR #40822151",1295000.0,,,,https://www.redfin.com/CA/Oakland/854-53rd-St-94608/home/1416818,1312889.0,,,,,,,Irrigation Available,,,,,,,,,,,,,,
MLS Listing,,Single Family Residential,5124 Masonic Ave,Oakland,CA,94618,1295000,3.0,2.0,UPPER ROCKRIDGE,2131.0,5050.0,1965.0,3,608.0,,Active,October-1-2023 01:00 PM,October-1-2023 05:00 PM,https://www.redfin.com/CA/Oakland/5124-Masonic-Ave-94618/home/609339,"bridgeMLS, Bay East AOR, or Contra Costa AOR",41040373,N,Y,37.8365421,-122.2241577,2.0,"Hardwood, Tile, Vinyl","Forced Air, Natural Gas",,NA,NA,5,2.5,608.0,9156.0,26,Somewhat bikeable,22,Car-dependent,30,Some transit,Minimal,Moderate,Minor,Minimal,"Places4 groceries, 16 restaurants, 12 parksTransit33, 605, 606, 642, 660, 662, 677, 682, 688, 696, C, CB, P, V","Sep 27, 2023","Listed (Active)bridgeMLS, Bay East AOR, or Contra Costa AOR #41040373",1295000.0,,,,,,,,,,https://www.redfin.com/CA/Oakland/5124-Masonic-Ave-94618/home/609339,1452797.0,,,,,,,"Sewer Connected, All Public Utilities, Internet Available, Natural Gas Connected, Individual Gas Meter",,,,,,,,,,,,,,
MLS Listing,,Single Family Residential,5215 Saddle Brook Dr,Oakland,CA,94619,1265000,3.0,2.0,PARKRIDGE ESTATE,1400.0,13446.0,1968.0,3,904.0,,Active,October-1-2023 02:00 PM,October-1-2023 04:00 PM,https://www.redfin.com/CA/Oakland/5215-Saddle-Brook-Dr-94619/home/832525,"bridgeMLS, Bay East AOR, or Contra Costa AOR",41040362,N,Y,37.7902745,-122.1462637,2.0,"Tile, Cork","Forced Air, Natural Gas",,4,5,5,2.5,904.0,8944.0,9,Somewhat bikeable,7,Car-dependent,17,Minimal transit,Minimal,Moderate,Minor,Minimal,"Places4 groceries, 9 restaurants, 9 parksTransit39, 45, 46, 46L, 54, 604, 617, 638, 646, 648, 649, 650, 652, 654, 655, 658, 662, 696, NX4","Sep 27, 2023","Listed (Active)bridgeMLS, Bay East AOR, or Contra Costa AOR #41040362",1265000.0,"Oct 18, 2018","PendingbridgeMLS, Bay East AOR, or Contra Costa AOR #40841187",NA,"Oct 4, 2018","Listed (New)bridgeMLS, Bay East AOR, or Contra Costa AOR #40841187",879000.0,,,,https://www.redfin.com/CA/Oakland/5215-Saddle-Brook-Dr-94619/home/832525,1279803.0,,,,,,,,,,,,,,,,,,,,,
MLS Listing,,Single Family Residential,993 37th St,Oakland,CA,94608,799000,4.0,2.0,EMERYVILLE,2176.0,2400.0,1912.0,3,367.0,,Active,October-1-2023 01:00 PM,October-1-2023 03:00 PM,https://www.redfin.com/CA/Oakland/993-37th-St-94608/home/1962100,"bridgeMLS, Bay East AOR, or Contra Costa AOR",41040363,N,Y,37.8273621,-122.2775509,,"Hardwood, Laminate, Tile",Forced Air,,4,3,2,2.5,367.0,5649.0,92,Biker's paradise,90,Walker's paradise,70,Excellent transit,Minimal,Minimal,Moderate,Minimal,"Places4 groceries, 24 restaurants, 3 parksTransit18, 29, 36, 57, 657, 72, 72M, 72R, 802, 88, BridgeA, BridgeB, C, F, J, Orange-N, Orange-S, Red-N, Red-S, Yellow-N, Yellow-S","Sep 27, 2023","Listed (Active)bridgeMLS, Bay East AOR, or Contra Costa AOR #41040363",799000.0,"Sep 27, 2023","Listed (Active)bridgeMLS, Bay East AOR, or Contra Costa AOR #41040364",799000.0,,,,,,,https://www.redfin.com/CA/Oakland/993-37th-St-94608/home/1962100,847828.0,,,,,,,,,,,,,,,,,,,,,
MLS Listing,,Condo/Co-op,2005 Pleasant Valley Ave #204,Oakland,CA,94611,429000,1.0,1.0,ROCKRIDGE,695.0,21215.0,1975.0,3,617.0,460.0,Active,October-1-2023 02:00 PM,October-1-2023 04:00 PM,https://www.redfin.com/CA/Oakland/2005-Pleasant-Valley-Ave-94611/unit-204/home/1680070,"bridgeMLS, Bay East AOR, or Contra Costa AOR",41040365,N,Y,37.8336459,-122.2513418,1.0,"Tile, Engineered Wood",Electric,,4,3,6,2.5,617.0,3493.0,63,Bikeable,95,Walker's paradise,58,Good transit,Major,Minor,Moderate,Minimal,"Places4 groceries, 25 restaurants, 0 parksTransit12, 33, 51A, 51B, 57, 6, 605, 653, 657, 658, 660, 662, 682, 688, 696, 79, 800, 851, BridgeA, BridgeB, C, CB, E, P, V, Yellow-N, Yellow-S","Sep 27, 2023","Listed (Active)bridgeMLS, Bay East AOR, or Contra Costa AOR #41040365",429000.0,"Jan 15, 2015","PendingbridgeMLS, Bay East AOR, or Contra Costa AOR #40679184",NA,"Nov 24, 2014","Price ChangedbridgeMLS, Bay East AOR, or Contra Costa AOR #40679184",315000.0,"Nov 24, 2014","Relisted (Active)bridgeMLS, Bay East AOR, or Contra Costa AOR #40679184",NA,https://www.redfin.com/CA/Oakland/2005-Pleasant-Valley-Ave-94611/unit-204/home/1680070,432222.0,"Nov 20, 2014","PendingbridgeMLS, Bay East AOR, or Contra Costa AOR #40679184",NA,"Oct 30, 2014","Listed (New)bridgeMLS, Bay East AOR, or Contra Costa AOR #40679184",268000.0,,,,,,,,,,,,,,,
MLS Listing,,Multi-Family (5+ Unit),612 Mariposa Ave,Oakland,CA,94610,14200000,,,Oakland,50510.0,21800.0,1966.0,3,281.0,,Active,,,https://www.redfin.com/CA/Oakland/612-Mariposa-Ave-94610/home/526410,"bridgeMLS, Bay East AOR, or Contra Costa AOR",41040357,N,Y,37.8197406,-122.2495862,,,,,4,3,6,1.0,281.0,100403.0,67,Bikeable,85,Very walkable,53,Good transit,Minimal,Minimal,Moderate,Minimal,"Places5 groceries, 9 restaurants, 5 parksTransit12, 29, 33, 51A, 57, 606, 611, 653, 657, 658, 660, 662, 680, 682, 688, 805, 851, B, C, CB, NL, NX, NX1, P","Sep 27, 2023","Listed (Active)bridgeMLS, Bay East AOR, or Contra Costa AOR #41040357",14200000.0,,,,,,,,,,https://www.redfin.com/CA/Oakland/612-Mariposa-Ave-94610/home/526410,,,,,,,,"Other Water/Sewer, No Water/Sewer",,,,,,,,,,,,,,
MLS Listing,,Single Family Residential,340 49th St,Oakland,CA,94609,995000,2.0,1.0,TEMESCAL,1080.0,3630.0,1910.0,3,921.0,,Active,October-1-2023 02:00 PM,October-1-2023 04:30 PM,https://www.redfin.com/CA/Oakland/340-49th-St-94609/home/529031,"bridgeMLS, Bay East AOR, or Contra Costa AOR",41040346,N,Y,37.8345858,-122.2550315,1.0,"Hardwood, Tile",Forced Air,,4,7,6,2.5,921.0,7035.0,85,Very bikeable,93,Walker's paradise,62,Good transit,Moderate,Minor,Moderate,Minimal,"Places7 groceries, 35 restaurants, 2 parksTransit12, 18, 51A, 51B, 57, 6, 605, 653, 657, 658, 660, 662, 682, 688, 696, 79, 800, 851, BridgeA, BridgeB, C, CB, E, V, Yellow-N, Yellow-S","Sep 27, 2023","Listed (Active)bridgeMLS, Bay East AOR, or Contra Costa AOR #41040346",995000.0,"Sep 18, 2019","PendingbridgeMLS, Bay East AOR, or Contra Costa AOR #40880648",NA,"Sep 4, 2019","Listed (New)bridgeMLS, Bay East AOR, or Contra Costa AOR #40880648",849000.0,,,,https://www.redfin.com/CA/Oakland/340-49th-St-94609/home/529031,,,,,,,,,,,,,,,,,,,,,,
MLS Listing,,Single Family Residential,929 63rd,Oakland,CA,94608,1199000,3.0,2.0,NORTH OAKLAND,1311.0,5130.0,1911.0,3,915.0,,Active,October-1-2023 02:00 PM,October-1-2023 04:30 PM,https://www.redfin.com/CA/Oakland/929-63rd-St-94608/home/1476588,"bridgeMLS, Bay East AOR, or Contra Costa AOR",41040345,N,Y,37.846884,-122.276571,2.0,Engineered Wood,Forced Air,,4,7,6,2.5,915.0,8478.0,96,Biker's paradise,91,Walker's paradise,61,Good transit,Minimal,Minimal,Moderate,Minimal,"Places6 groceries, 21 restaurants, 3 parksTransit12, 18, 688, 72, 72M, 72R, 80, 800, 802, 88, F, J, Orange-N, Orange-S, Red-N, Red-S","Sep 27, 2023","Listed (Active)bridgeMLS, Bay East AOR, or Contra Costa AOR #41040345",1199000.0,"Jul 28, 2020","PendingbridgeMLS, Bay East AOR, or Contra Costa AOR #40910848",NA,"Jul 2, 2020","Listed (New)bridgeMLS, Bay East AOR, or Contra Costa AOR #40910848",899000.0,,,,https://www.redfin.com/CA/Oakland/929-63rd-St-94608/home/1476588,1252437.0,,,,,,,"Irrigation Connected, All Public Utilities",,,,,,,,,,,,,,
MLS Listing,,Single Family Residential,5985 Buena Vista Ave,Oakland,CA,94618,1750000,4.0,2.5,UPPER ROCKRIDGE,3115.0,7865.0,1916.0,3,562.0,,Active,October-1-2023 02:00 PM,October-1-2023 04:30 PM,https://www.redfin.com/CA/Oakland/5985-Buena-Vista-Ave-94618/home/1872328,"bridgeMLS, Bay East AOR, or Contra Costa AOR",41040234,N,Y,37.8459795,-122.234147,,"Hardwood, Tile",Zoned,,NA,7,6,2.5,562.0,12374.0,61,Bikeable,42,Car-dependent,30,Some transit,Minimal,Moderate,Moderate,Minimal,"Places4 groceries, 28 restaurants, 12 parksTransit51A, 51B, 604, 605, 606, 660, 662, 677, 682, 688, 696, 79, 80, 851, BridgeA, BridgeB, C, CB, E, V, Yellow-N, Yellow-S","Sep 27, 2023","Listed (Active)bridgeMLS, Bay East AOR, or Contra Costa AOR #41040234",1750000.0,,,,,,,,,,https://www.redfin.com/CA/Oakland/5985-Buena-Vista-Ave-94618/home/1872328,1913748.0,,,,,,,,,,,,,,,,,,,,,
MLS Listing,,Condo/Co-op,120 Temescal Cir,Emeryville,CA,94608,599000,2.0,1.5,EMERYVILLE,1176.0,332339.0,1981.0,3,509.0,595.0,Active,October-1-2023 02:00 PM,October-1-2023 04:00 PM,https://www.redfin.com/CA/Emeryville/120-Temescal-Cir-94608/home/1565144,"bridgeMLS, Bay East AOR, or Contra Costa AOR",41040339,N,Y,37.8358214,-122.2850011,,"Linoleum, Tile, Carpet",Forced Air,,NA,NA,4,2.5,509.0,4830.0,96,Biker's paradise,87,Very walkable,,,Minimal,Minimal,Moderate,Minimal,"Places2 groceries, 24 restaurants, 4 parksTransit29, 36, 57, 657, 72, 72M, 72R, 802, 88, AMSJ2, C, CC, F, J, Route 99, SF, Z","Sep 27, 2023","Listed (Active)bridgeMLS, Bay East AOR, or Contra Costa AOR #41040339",599000.0,"Aug 3, 2023",Listing RemovedTheMLS #23-268107,NA,"Jul 5, 2023",,NA,"Jun 5, 2023",,NA,https://www.redfin.com/CA/Emeryville/120-Temescal-Cir-94608/home/1565144,600366.0,,,,,,,,,,,,,,,,,,,,,
MLS Listing,,Single Family Residential,12 Perth Pl,Berkeley,CA,94705,1825000,4.0,3.5,CLAREMONT HILLS,3809.0,8298.0,1993.0,3,479.0,,Active,October-1-2023 02:00 PM,October-1-2023 04:30 PM,https://www.redfin.com/CA/Oakland/12-Perth-Pl-94603/home/1168484,"bridgeMLS, Bay East AOR, or Contra Costa AOR",41040315,N,Y,37.859731,-122.232548,2.0,"Hardwood, Tile, Carpet",Zoned,,8,7,6,2.5,479.0,12904.0,19,Somewhat bikeable,8,Car-dependent,28,Some transit,Minimal,Moderate,Minor,Minimal,"Places6 groceries, 23 restaurants, 14 parksTransit51B, 604, 605, 660, 662, 677, 682, 688, 696, 79, 80, 851, CB, E, V","Sep 27, 2023","Listed (Active)bridgeMLS, Bay East AOR, or Contra Costa AOR #41040315",1825000.0,,,,,,,,,,https://www.redfin.com/CA/Oakland/12-Perth-Pl-94603/home/1168484,,,,,,,,,,,,,,,,,,,,,,
