SALE TYPE,SOLD DATE,PROPERTY TYPE,ADDRESS,CITY,STATE OR PROVINCE,ZIP OR POSTAL CODE,PRICE,BEDS,BATHS,LOCATION,SQUARE FEET,LOT SIZE,YEAR BUILT,DAYS ON MARKET,$/SQUARE FEET,HOA/MONTH,STATUS,NEXT OPEN HOUSE START TIME,NEXT OPEN HOUSE END TIME,URL,SOURCE,MLS#,FAVORITE,INTERESTED,LATITUDE,LONGITUDE,HAS_GARAGE,FLOORING_FEATURES,HEATING_FEATURES,COOLING_FEATURES,ELEMENTARY_SCHOOL_RATING,MIDDLE_SCHOOL_RATING,HIGH_SCHOOL_RATING,BUYER_AGENCY_COMPENSATION,PRICE_PR_SQFT,REDFIN_ESTIMATE,EST_MONTHLY_PAY,Bike Score,Bike Score_type,Walk Score,Walk Score_type,Flood Factor,Fire Factor,Heat Factor,Wind Factor,OVERALL_NEARBY_PLACES,PRICE_HISTORY1_EVENT_DATE,PRICE_HISTORY1_EVENT_TYPE,PRICE_HISTORY1_PRICE,url,UTILITIES,Transit Score,Transit Score_type,PRICE_HISTORY2_EVENT_DATE,PRICE_HISTORY2_PRICE,PRICE_HISTORY2_EVENT_TYPE,PRICE_HISTORY3_EVENT_DATE,PRICE_HISTORY3_EVENT_TYPE,PRICE_HISTORY3_PRICE,PRICE_HISTORY4_EVENT_DATE,PRICE_HISTORY4_EVENT_TYPE,PRICE_HISTORY4_PRICE,PRICE_HISTORY5_EVENT_DATE,PRICE_HISTORY5_EVENT_TYPE,PRICE_HISTORY5_PRICE,PRICE_HISTORY6_EVENT_DATE,PRICE_HISTORY6_EVENT_TYPE,PRICE_HISTORY6_PRICE,NUM_STORIES,PARK_DESCRIPTION,BATH_DESCRIPTION,DINNING_DESC,LAUNDARY_FEATURES,FEES_INCLUDE,HOA_FEE_FREQ,HOA_NAME,PRICE_HISTORY7_EVENT_DATE,PRICE_HISTORY7_EVENT_TYPE,PRICE_HISTORY7_PRICE,PRICE_HISTORY8_EVENT_DATE,PRICE_HISTORY8_EVENT_TYPE,PRICE_HISTORY8_PRICE,PRICE_HISTORY9_EVENT_DATE,PRICE_HISTORY9_EVENT_TYPE,PRICE_HISTORY9_PRICE,PRICE_HISTORY10_EVENT_DATE,PRICE_HISTORY10_EVENT_TYPE,PRICE_HISTORY10_PRICE,PRICE_HISTORY11_EVENT_DATE,PRICE_HISTORY11_EVENT_TYPE,PRICE_HISTORY11_PRICE
MLS Listing,,Condo/Co-op,6946 Geyserville St,Dublin,CA,94568,945000,2.0,2.5,WALLISRANCH,1514,,2018.0,1.0,624,387.0,Active,October-1-2023 01:00 PM,October-1-2023 04:00 PM,https://www.redfin.com/CA/Dublin/6946-Geyserville-St-94568/home/144897133,"bridgeMLS, Bay East AOR, or Contra Costa AOR",41040537,N,Y,37.7344078,-121.8724996,2.0,"Tile, Vinyl, Carpet",Zoned,Zoned,10,9,8,2.5,624.0,948165.0,7069.0,22,Somewhat bikeable,3,Car-dependent,Minimal,Extreme,Moderate,Minimal,"Places3 groceries, 26 restaurants, 13 parksTransit1, 10R, 150, 2, 3, 30R, 35, 501, 502, 503, 504, 54, 604, 605, 610, Route 6","Sep 29, 2023","Listed (Active)bridgeMLS, Bay East AOR, or Contra Costa AOR #41040537",945000.0,https://www.redfin.com/CA/Dublin/6946-Geyserville-St-94568/home/144897133,,,,,,,,,,,,,,,,,,,,,,,,,,,,,,,,,,,,,,,,,
MLS Listing,,Single Family Residential,4504 Muirwood Dr,Pleasanton,CA,94588,1550000,4.0,2.0,HIGHLAND OAKS,2200,7040.0,1966.0,1.0,705,36.0,Active,,,https://www.redfin.com/CA/Pleasanton/4504-Muirwood-Dr-94588/home/1583307,"bridgeMLS, Bay East AOR, or Contra Costa AOR",41040669,N,Y,37.680943,-121.9170197,2.0,"Hardwood, Carpet, Engineered Wood",Forced Air,"Ceiling Fan(s), Central Air",8,8,9,2.5,705.0,1588307.0,10995.0,58,Bikeable,23,Car-dependent,Moderate,Severe,Moderate,Minimal,"Places6 groceries, 22 restaurants, 12 parksTransit14, 3, 30R, 503, 504, 53, 54, 602, 603, 604, 607, 609, 610, 8, Blue-N, Blue-S","Sep 29, 2023","Listed (Active)bridgeMLS, Bay East AOR, or Contra Costa AOR #41040669",1550000.0,https://www.redfin.com/CA/Pleasanton/4504-Muirwood-Dr-94588/home/1583307,All Public Utilities,21,Minimal transit,"Sep 14, 2023",NA,,,,,,,,,,,,,,,,,,,,,,,,,,,,,,,,,,,,
MLS Listing,,Single Family Residential,218 Tomas Way,Pleasanton,CA,94566,1275000,3.0,2.0,OAK PARK,1588,3600.0,1984.0,1.0,803,65.0,Active,,,https://www.redfin.com/CA/Pleasanton/218-Tomas-Way-94566/home/1202314,"bridgeMLS, Bay East AOR, or Contra Costa AOR",41040629,N,Y,37.6500879,-121.8791862,2.0,Vinyl,Forced Air,Ceiling Fan(s),7,8,9,2.5,803.0,1278273.0,9080.0,53,Bikeable,71,Very walkable,Minimal,Extreme,Moderate,Minimal,"Places3 groceries, 26 restaurants, 6 parksTransit10R, 53, 54, 601, 602, 605, 606, 607, 608, 609, 611, 8, 92X, ACE, ACETrain","Sep 29, 2023","Listed (Active)bridgeMLS, Bay East AOR, or Contra Costa AOR #41040629",1275000.0,https://www.redfin.com/CA/Pleasanton/218-Tomas-Way-94566/home/1202314,All Public Utilities,29,Some transit,"May 29, 1997",238500.0,"ListedbridgeMLS, Bay East AOR, or Contra Costa AOR #10595086",,,,,,,,,,,,,,,,,,,,,,,,,,,,,,,,,,,
MLS Listing,,Single Family Residential,4435 Arbutus Ct,Pleasanton,CA,94588,1698888,4.0,2.5,OAK HILLS,1948,5557.0,1973.0,1.0,872,48.0,Active,October-1-2023 02:00 PM,October-1-2023 04:00 PM,https://www.redfin.com/CA/Pleasanton/4435-Arbutus-Ct-94588/home/1169787,"bridgeMLS, Bay East AOR, or Contra Costa AOR",41040312,N,Y,37.6741666,-121.9200019,2.0,"Linoleum, Tile, Carpet",Forced Air,Central Air,8,8,9,2.5,872.0,1691799.0,12060.0,32,Somewhat bikeable,19,Car-dependent,Minimal,Severe,Moderate,Minimal,"Places5 groceries, 26 restaurants, 14 parksTransit14, 3, 53, 54, 602, 603, 604, 607, 609, 610, 8","Sep 29, 2023","Listed (Active)bridgeMLS, Bay East AOR, or Contra Costa AOR #41040312",1698888.0,https://www.redfin.com/CA/Pleasanton/4435-Arbutus-Ct-94588/home/1169787,"All Public Utilities, Individual Electric Meter, Individual Gas Meter",15,Minimal transit,"Jul 6, 2023",NA,"PendingbridgeMLS, Bay East AOR, or Contra Costa AOR #41031042","Jun 22, 2023","Listed (New)bridgeMLS, Bay East AOR, or Contra Costa AOR #41031042",1499000.0,,,,,,,,,,,,,,,,,,,,,,,,,,,,,,,,
MLS Listing,,Townhouse,2398 Bay Meadows Cir,Pleasanton,CA,94566,1249000,3.0,2.0,NORTHWAY DOWNS,1421,4120.0,1979.0,2.0,879,,Active,October-1-2023 01:00 PM,October-1-2023 04:00 PM,https://www.redfin.com/CA/Pleasanton/2398-Bay-Meadows-Cir-94566/home/1217763,"bridgeMLS, Bay East AOR, or Contra Costa AOR",41040359,N,Y,37.6760634,-121.8920331,2.0,"Tile, Carpet","Forced Air, Heat Pump","Ceiling Fan(s), Central Air",9,8,9,2.5,879.0,1309591.0,8831.0,73,Very bikeable,68,Somewhat walkable,Moderate,Minor,Moderate,Minimal,"Places2 groceries, 18 restaurants, 8 parksTransit10R, 14, 3, 54, 602, 603, 604, 605, 607, 608, 609, 610, 8, 92X","Sep 28, 2023","Listed (Active)bridgeMLS, Bay East AOR, or Contra Costa AOR #41040359",1249000.0,https://www.redfin.com/CA/Pleasanton/2398-Bay-Meadows-Cir-94566/home/1217763,"All Electric, All Public Utilities, Natural Gas Available",22,Minimal transit,"Feb 2, 1998",229950.0,"ListedbridgeMLS, Bay East AOR, or Contra Costa AOR #10506486",,,,,,,,,,,,,,,,,,,,,,,,,,,,,,,,,,,
MLS Listing,,Townhouse,1554 Calle Santiago,Pleasanton,CA,94566,825000,2.0,2.0,PARK VILLAS,941,2008.0,1971.0,2.0,877,460.0,Active,,,https://www.redfin.com/CA/Pleasanton/1554-Calle-Santiago-94566/home/675659,"bridgeMLS, Bay East AOR, or Contra Costa AOR",41040459,N,Y,37.6685816,-121.8866319,2.0,"Laminate, Tile, Bamboo",Forced Air,"Ceiling Fan(s), Central Air",9,8,9,2.5,877.0,854594.0,6293.0,74,Very bikeable,38,Car-dependent,Minimal,Moderate,Moderate,Minimal,"Places1 grocery, 19 restaurants, 9 parksTransit10R, 14, 53, 54, 601, 602, 603, 604, 605, 606, 607, 608, 609, 610, 611, 8, 92X, ACE, ACETrain","Sep 28, 2023","Listed (Active)bridgeMLS, Bay East AOR, or Contra Costa AOR #41040459",825000.0,https://www.redfin.com/CA/Pleasanton/1554-Calle-Santiago-94566/home/675659,"Cable Available, Individual Electric Meter",27,Some transit,,,,,,,,,,,,,,,,,,,,,,,,,,,,,,,,,,,,,,
MLS Listing,,Vacant Land,6356 Inspiration Ter,Pleasanton,CA,94566,1849000,,,HAPPY VALLEY,36876,36876.0,,2.0,50,20.0,Active,,,https://www.redfin.com/CA/Pleasanton/6356-Inspiration-Ter-94566/home/12428123,"bridgeMLS, Bay East AOR, or Contra Costa AOR",41040449,N,Y,37.6279037,-121.8697366,,,,,7,8,9,2.5,50.0,1877011.0,13094.0,1,Somewhat bikeable,1,Car-dependent,Minimal,Severe,Moderate,Minimal,"Places2 groceries, 24 restaurants, 8 parksTransit10R, 53, 54, 601, 602, 605, 606, 607, 608, 609, 611, 8, 92X, ACE, ACETrain","Sep 28, 2023","Listed (Active)bridgeMLS, Bay East AOR, or Contra Costa AOR #41040449",1849000.0,https://www.redfin.com/CA/Pleasanton/6356-Inspiration-Ter-94566/home/12428123,Other On Site,0,Minimal transit,"Jun 2, 2019",NA,Listing RemovedSDMLS #301877164,"May 6, 2019",,NA,,,,,,,,,,,,,,,,,,,,,,,,,,,,,,,,
MLS Listing,,Single Family Residential,3963 Fairlands Dr,Pleasanton,CA,94588,1549000,4.0,3.0,FAIRLANDS,2002,7649.0,1970.0,2.0,774,33.0,Active,October-1-2023 12:00 PM,October-1-2023 02:30 PM,https://www.redfin.com/CA/Pleasanton/3963-Fairlands-Dr-94588/home/1789665,"bridgeMLS, Bay East AOR, or Contra Costa AOR",41039962,N,Y,37.6991043,-121.8705955,2.0,"Laminate, Carpet",Forced Air,Central Air,8,8,9,2.5,774.0,,10985.0,66,Bikeable,76,Very walkable,Major,Moderate,Moderate,Minimal,"Places6 groceries, 34 restaurants, 1 parkTransit1, 10R, 14, 150, 2, 3, 30R, 501, 502, 504, 54, 604, 605, 608, 610","Sep 28, 2023","Listed (Active)bridgeMLS, Bay East AOR, or Contra Costa AOR #41039962",1549000.0,https://www.redfin.com/CA/Pleasanton/3963-Fairlands-Dr-94588/home/1789665,Sewer Connected,33,Some transit,"Mar 26, 2019",NA,"PendingbridgeMLS, Bay East AOR, or Contra Costa AOR #40856739","Mar 26, 2019","Relisted (Back On Market)bridgeMLS, Bay East AOR, or Contra Costa AOR #40856739",NA,"Mar 19, 2019","PendingbridgeMLS, Bay East AOR, or Contra Costa AOR #40856739",NA,"Mar 14, 2019","Listed (New)bridgeMLS, Bay East AOR, or Contra Costa AOR #40856739",998000.0,,,,,,,,,,,,,,,,,,,,,,,,,,
MLS Listing,,Single Family Residential,4317 Chapman Way,Pleasanton,CA,94588,1410000,3.0,2.0,VALLE VISTA,1434,7000.0,1969.0,2.0,983,,Active,October-1-2023 12:00 PM,October-1-2023 04:00 PM,https://www.redfin.com/CA/Pleasanton/4317-Chapman-Way-94588/home/1055732,"bridgeMLS, Bay East AOR, or Contra Costa AOR",41040415,N,Y,37.6866786,-121.9066635,2.0,"Hardwood, Tile, Carpet","Forced Air, Natural Gas","Ceiling Fan(s), Central Air",7,8,9,2.0,983.0,1418286.0,9970.0,78,Very bikeable,70,Very walkable,Severe,Moderate,Moderate,Minimal,"Places8 groceries, 24 restaurants, 8 parksTransit1, 100, 10R, 14, 2, 20X, 3, 30R, 335, 35, 503, 54, 580X, 602, 603, 604, 607, 609, 610, 636, 70X, 8, 90, 97X, Bart, Blue-N, Blue-S, C - Bart","Sep 28, 2023","Listed (Active)bridgeMLS, Bay East AOR, or Contra Costa AOR #41040415",1410000.0,https://www.redfin.com/CA/Pleasanton/4317-Chapman-Way-94588/home/1055732,Cable Available,31,Some transit,,,,,,,,,,,,,,,,,,,,,,,,,,,,,,,,,,,,,,
MLS Listing,,Single Family Residential,4306 1st St,Pleasanton,CA,94566,1000000,3.0,2.0,DOWNTOWN,1271,7800.0,1890.0,3.0,787,,Active,,,https://www.redfin.com/CA/Pleasanton/4306-1st-St-94566/home/1676643,"bridgeMLS, Bay East AOR, or Contra Costa AOR",41040386,N,Y,37.6618413,-121.8710929,,Wood,Floor Furnace,,8,8,9,2.5,787.0,1047000.0,7071.0,59,Bikeable,93,Walker's paradise,Minimal,Extreme,Moderate,Minimal,"Places2 groceries, 21 restaurants, 3 parksTransit10R, 14, 53, 54, 601, 602, 605, 606, 608, 609, 611, 8, 92X, ACE, ACETrain","Sep 27, 2023","Listed (Active)bridgeMLS, Bay East AOR, or Contra Costa AOR #41040386",1000000.0,https://www.redfin.com/CA/Pleasanton/4306-1st-St-94566/home/1676643,,34,Some transit,,,,,,,,,,,,,,,,,,,,,,,,,,,,,,,,,,,,,,
MLS Listing,,Single Family Residential,3260 Runnymede Ct,Pleasanton,CA,94588,1788800,4.0,3.0,PLEASANT MEADOWS,2002,7402.0,1971.0,3.0,894,33.0,Active,October-1-2023 01:00 PM,October-1-2023 04:00 PM,https://www.redfin.com/CA/Pleasanton/3260-Runnymede-Ct-94588/home/1185927,"bridgeMLS, Bay East AOR, or Contra Costa AOR",41040198,N,Y,37.6952478,-121.8695587,2.0,,"Forced Air, Natural Gas",Central Air,8,8,9,2.5,894.0,1870908.0,12681.0,77,Very bikeable,68,Somewhat walkable,Moderate,Moderate,Moderate,Minimal,"Places6 groceries, 33 restaurants, 3 parksTransit1, 10R, 14, 150, 2, 3, 30R, 501, 502, 504, 54, 602, 604, 605, 608, 609, 610","Sep 27, 2023","Listed (Active)bridgeMLS, Bay East AOR, or Contra Costa AOR #41040198",1788800.0,https://www.redfin.com/CA/Pleasanton/3260-Runnymede-Ct-94588/home/1185927,"Irrigation Connected, All Public Utilities, Cable Available, Internet Available, Natural Gas Available",33,Some transit,"Jun 19, 2023",NA,"PendingbridgeMLS, Bay East AOR, or Contra Costa AOR #41029610","Jun 13, 2023","Listed (New)bridgeMLS, Bay East AOR, or Contra Costa AOR #41029610",1400000.0,,,,,,,,,,,,,,,,,,,,,,,,,,,,,,,,
MLS Listing,,Townhouse,4268 Lucero Ct,Pleasanton,CA,94588,1069888,3.0,2.5,SIENA,1503,1184.0,1994.0,8.0,712,279.0,Active,October-1-2023 12:00 PM,October-1-2023 02:00 PM,https://www.redfin.com/CA/Pleasanton/4268-Lucero-Ct-94588/home/1402599,"bridgeMLS, Bay East AOR, or Contra Costa AOR",41039943,N,Y,37.6959639,-121.892601,2.0,"Laminate, Tile, Carpet",Forced Air,Central Air,7,8,9,2.5,712.0,1094510.0,7844.0,75,Very bikeable,57,Somewhat walkable,Minimal,Moderate,Moderate,Minimal,"Places4 groceries, 22 restaurants, 1 parkTransit1, 100, 10R, 14, 150, 2, 20X, 3, 30R, 335, 35, 502, 503, 504, 54, 580X, 603, 604, 607, 609, 610, 636, 703, 70X, 8, 90, 97X, Bart, Blue-N, Blue-S, C - Bart, Route 6","Sep 22, 2023","Listed (New)bridgeMLS, Bay East AOR, or Contra Costa AOR #41039943",1069888.0,https://www.redfin.com/CA/Pleasanton/4268-Lucero-Ct-94588/home/1402599,All Public Utilities,51,Good transit,"Mar 22, 2010",NA,"PendingbridgeMLS, Bay East AOR, or Contra Costa AOR #40454814","Mar 10, 2010","Listed (New)bridgeMLS, Bay East AOR, or Contra Costa AOR #40454814",480000.0,,,,,,,,,,,,,,,,,,,,,,,,,,,,,,,,
MLS Listing,,Single Family Residential,2310 Meadowlark Dr,Pleasanton,CA,94566,1849999,4.0,3.0,WINDSOR,2033,5040.0,1994.0,9.0,910,145.0,Active,October-1-2023 01:00 PM,October-1-2023 04:00 PM,https://www.redfin.com/CA/Pleasanton/2310-Meadowlark-Dr-94566/home/2006472,"bridgeMLS, Bay East AOR, or Contra Costa AOR",41039642,N,Y,37.6564298,-121.9048335,2.0,"Tile, Carpet, Engineered Wood",Forced Air,"Ceiling Fan(s), Central Air",8,8,9,2.5,910.0,1920066.0,13226.0,47,Somewhat bikeable,44,Car-dependent,Moderate,Extreme,Moderate,Minimal,"Places2 groceries, 24 restaurants, 14 parksTransit10R, 14, 53, 54, 601, 602, 603, 604, 606, 607, 608, 609, 610, 8, 92X, ACE, ACETrain","Sep 21, 2023","Listed (New)bridgeMLS, Bay East AOR, or Contra Costa AOR #41039642",1849999.0,https://www.redfin.com/CA/Pleasanton/2310-Meadowlark-Dr-94566/home/2006472,"All Public Utilities, Cable Available, Internet Available",19,Minimal transit,"Dec 2, 2021",NA,"PendingbridgeMLS, Bay East AOR, or Contra Costa AOR #40974502","Nov 17, 2021","Listed (New)bridgeMLS, Bay East AOR, or Contra Costa AOR #40974502",1599000.0,,,,,,,,,,,,,,,,,,,,,,,,,,,,,,,,
MLS Listing,,Single Family Residential,7285 Hickorywood Ln,Pleasanton,CA,94566,2525000,6.0,5.0,CARLTON OAKS,3547,6283.0,2004.0,9.0,712,,Active,October-1-2023 02:00 PM,October-1-2023 04:00 PM,https://www.redfin.com/CA/Pleasanton/7285-Hickorywood-Ln-94566/home/2110560,"bridgeMLS, Bay East AOR, or Contra Costa AOR",41039555,N,Y,37.6532917,-121.9007507,3.0,"Tile, Vinyl, Carpet",Zoned,Zoned,7,8,9,2.5,712.0,2540183.0,17853.0,63,Bikeable,20,Car-dependent,Minimal,Extreme,Moderate,Minimal,"Places2 groceries, 20 restaurants, 14 parksTransit10R, 14, 53, 54, 601, 602, 603, 604, 606, 607, 608, 609, 8, 92X, ACE, ACETrain","Sep 21, 2023","Listed (New)bridgeMLS, Bay East AOR, or Contra Costa AOR #41039555",2525000.0,https://www.redfin.com/CA/Pleasanton/7285-Hickorywood-Ln-94566/home/2110560,,20,Minimal transit,"Oct 29, 2014",NA,"DelistedbridgeMLS, Bay East AOR, or Contra Costa AOR #40672528","Sep 29, 2014","PendingbridgeMLS, Bay East AOR, or Contra Costa AOR #40672528",NA,"Sep 3, 2014","Listed (New)bridgeMLS, Bay East AOR, or Contra Costa AOR #40672528",1299000.0,,,,,,,,,,,,,,,,,,,,,,,,,,,,,
MLS Listing,,Mobile/Manufactured Home,3263 Vineyard Ave #58,Pleasanton,CA,94566,499000,3.0,2.0,VINEYARD ESTATES,1980,,,10.0,252,,Active,October-1-2023 01:00 PM,October-1-2023 04:00 PM,https://www.redfin.com/CA/Pleasanton/3263-Vineyard-Ave-94566/unit-58/home/17183640,"bridgeMLS, Bay East AOR, or Contra Costa AOR",41039724,N,Y,37.6649862,-121.851844,,"Tile, Vinyl, Carpet",Forced Air,Central Air,9,8,9,2.5,252.0,494348.0,3528.0,61,Bikeable,60,Somewhat walkable,NA,NA,NA,NA,"Places3 groceries, 11 restaurants, 8 parksTransit10R, 14, 53, 54, 601, 602, 604, 605, 606, 608, 610, 611, 8, 92X, ACE, ACETrain","Sep 20, 2023","Listed (New)bridgeMLS, Bay East AOR, or Contra Costa AOR #41039724",499000.0,https://www.redfin.com/CA/Pleasanton/3263-Vineyard-Ave-94566/unit-58/home/17183640,,32,Some transit,"Jan 25, 1997",72500.0,"ListedbridgeMLS, Bay East AOR, or Contra Costa AOR #10588832",,,,,,,,,,,,,,,,,,,,,,,,,,,,,,,,,,,
MLS Listing,,Single Family Residential,25 Colby Ct,Pleasanton,CA,94566,1488888,3.0,2.5,TOWN SQUARE,1789,3372.0,1999.0,10.0,832,180.0,Active,October-1-2023 01:00 PM,October-1-2023 04:00 PM,https://www.redfin.com/CA/Pleasanton/25-Colby-Ct-94566/home/1783283,"bridgeMLS, Bay East AOR, or Contra Costa AOR",41039692,N,Y,37.6645519,-121.8699199,2.0,"Hardwood, Carpet",Forced Air,Central Air,8,8,9,2.5,832.0,1498953.0,10707.0,71,Very bikeable,85,Very walkable,Minimal,Extreme,Moderate,Minimal,"Places2 groceries, 20 restaurants, 2 parksTransit10R, 14, 53, 54, 601, 602, 604, 605, 606, 608, 609, 610, 611, 8, 92X, ACE, ACETrain","Sep 20, 2023","Listed (New)bridgeMLS, Bay East AOR, or Contra Costa AOR #41039692",1488888.0,https://www.redfin.com/CA/Pleasanton/25-Colby-Ct-94566/home/1783283,,33,Some transit,"May 23, 2008",NA,Listing RemovedMLSListings #ML80780595,"Apr 15, 2008",ContingentMLSListings #ML80780595,NA,"Mar 28, 2008",Price ChangedMLSListings #ML80780595,650000.0,"Feb 26, 2008",ListedMLSListings #ML80780595,675000.0,,,,,,,,,,,,,,,,,,,,,,,,,,
MLS Listing,,Single Family Residential,1159 Wenig Ct,Pleasanton,CA,94566,2388000,5.0,4.5,VILLAGES AT IRONWOOD,3067,6518.0,2006.0,10.0,779,175.0,Active,,,https://www.redfin.com/CA/Pleasanton/1159-Wenig-Ct-94566/home/12114736,"bridgeMLS, Bay East AOR, or Contra Costa AOR",41039677,N,Y,37.6787138,-121.8640376,3.0,Hardwood,Central,Zoned,7,8,9,2.5,779.0,2431215.0,17060.0,65,Bikeable,26,Car-dependent,Minimal,Moderate,Moderate,Minimal,"Places3 groceries, 17 restaurants, 3 parksTransit10R, 14, 30R, 601, 602, 604, 605, 606, 608, 609, 610, 611, 8","Sep 27, 2023","Price ChangedbridgeMLS, Bay East AOR, or Contra Costa AOR #41039677",2388000.0,https://www.redfin.com/CA/Pleasanton/1159-Wenig-Ct-94566/home/12114736,"Cable Available, Internet Available",29,Some transit,"Sep 27, 2023",NA,"Relisted (Active)bridgeMLS, Bay East AOR, or Contra Costa AOR #41039677","Sep 27, 2023","PendingbridgeMLS, Bay East AOR, or Contra Costa AOR #41039677",NA,"Sep 20, 2023","Listed (New)bridgeMLS, Bay East AOR, or Contra Costa AOR #41039677",2358000.0,"Mar 10, 2016","PendingbridgeMLS, Bay East AOR, or Contra Costa AOR #40731207",NA,"Mar 3, 2016","Listed (New)bridgeMLS, Bay East AOR, or Contra Costa AOR #40731207",1465000.0,,,,,,,,,,,,,,,,,,,,,,,
MLS Listing,,Condo/Co-op,843 Division St Unit B,Pleasanton,CA,94566,530000,2.0,1.5,DOWNTOWN AREA,948,71486.0,1959.0,15.0,559,746.0,Active,October-1-2023 12:00 PM,October-1-2023 03:00 PM,https://www.redfin.com/CA/Pleasanton/843-Division-St-94566/unit-B/home/1085076,"bridgeMLS, Bay East AOR, or Contra Costa AOR",41039311,N,Y,37.6650219,-121.8808301,,"Tile, Engineered Wood","Forced Air, Natural Gas",Central Air,8,8,9,2.5,559.0,533548.0,4493.0,76,Very bikeable,78,Very walkable,Minimal,Major,Moderate,Minimal,"Places0 groceries, 28 restaurants, 5 parksTransit10R, 14, 53, 54, 601, 602, 605, 606, 608, 609, 610, 611, 8, 92X, ACE, ACETrain","Sep 15, 2023","Listed (New)bridgeMLS, Bay East AOR, or Contra Costa AOR #41039311",530000.0,https://www.redfin.com/CA/Pleasanton/843-Division-St-94566/unit-B/home/1085076,Sewer Connected,34,Some transit,"May 25, 2007",414900.0,"Price Changed (Sold)bridgeMLS, Bay East AOR, or Contra Costa AOR #40221564","Jan 3, 2007","DelistedbridgeMLS, Bay East AOR, or Contra Costa AOR #40221564",NA,"Oct 31, 2006","ListedbridgeMLS, Bay East AOR, or Contra Costa AOR #40221564",439000.0,,,,,,,,,,,,,,,,,,,,,,,,,,,,,
MLS Listing,,Single Family Residential,1655 Orvieto Ct,Pleasanton,CA,94566,3875000,4.0,3.5,RUBY HILL,4500,21961.0,1999.0,16.0,861,275.0,Active,October-1-2023 02:00 PM,October-1-2023 04:00 PM,https://www.redfin.com/CA/Pleasanton/1655-Orvieto-Ct-94566/home/1203680,"bridgeMLS, Bay East AOR, or Contra Costa AOR",41039122,N,Y,37.6471063,-121.8150238,3.0,"Hardwood, Tile, Carpet","Zoned, Natural Gas",Zoned,8,8,9,2.5,861.0,3868614.0,27674.0,24,Somewhat bikeable,6,Car-dependent,Minimal,Extreme,Moderate,Minimal,"Places4 groceries, 18 restaurants, 17 parksTransit10R, 14, 30R, 601, 602, 606, 611, 8","Sep 14, 2023","Listed (New)bridgeMLS, Bay East AOR, or Contra Costa AOR #41039122",3875000.0,https://www.redfin.com/CA/Pleasanton/1655-Orvieto-Ct-94566/home/1203680,"Cable Available, Internet Available, Natural Gas Available, Individual Electric Meter, Individual Gas Meter",11,Minimal transit,"Jan 11, 2003",NA,"DelistedbridgeMLS, Bay East AOR, or Contra Costa AOR #11165003","Nov 9, 2002","ListedbridgeMLS, Bay East AOR, or Contra Costa AOR #11165003",1625000.0,,,,,,,,,,,,,,,,,,,,,,,,,,,,,,,,
MLS Listing,,Single Family Residential,3128 Persimmon Cir,Pleasanton,CA,94588,1799888,4.0,2.5,STONERIDGE PLACE,2192,3564.0,1999.0,16.0,821,200.0,Active,October-1-2023 01:00 PM,October-1-2023 04:00 PM,https://www.redfin.com/CA/Pleasanton/3128-Persimmon-Cir-94588/home/1669308,"bridgeMLS, Bay East AOR, or Contra Costa AOR",41038421,N,Y,37.6917535,-121.8583649,2.0,"Laminate, Carpet",Forced Air,Central Air,9,8,9,2.5,821.0,1808356.0,12926.0,54,Bikeable,32,Car-dependent,Minimal,Severe,Moderate,Minimal,"Places4 groceries, 43 restaurants, 5 parksTransit10R, 14, 2, 30R, 501, 502, 504, 54, 601, 604, 605, 608, 610, 611","Sep 29, 2023","Relisted (Active)bridgeMLS, Bay East AOR, or Contra Costa AOR #41038421",NA,https://www.redfin.com/CA/Pleasanton/3128-Persimmon-Cir-94588/home/1669308,"All Public Utilities, Individual Electric Meter, Individual Gas Meter",26,Some transit,"Sep 28, 2023",NA,"PendingbridgeMLS, Bay East AOR, or Contra Costa AOR #41038421","Sep 13, 2023","Listed (New)bridgeMLS, Bay East AOR, or Contra Costa AOR #41038421",1799888.0,,,,,,,,,,,,,,,,,,,,,,,,,,,,,,,,
MLS Listing,,Townhouse,4131 Amberwood Cir,Pleasanton,CA,94588,818000,2.0,2.5,BROOKFIELD PLACE,1190,1296.0,1985.0,17.0,687,410.0,Active,October-1-2023 01:30 PM,October-1-2023 04:30 PM,https://www.redfin.com/CA/Pleasanton/4131-Amberwood-Cir-94588/home/1998094,"bridgeMLS, Bay East AOR, or Contra Costa AOR",41038746,N,Y,37.6754137,-121.9139854,1.0,"Carpet, Engineered Wood",Forced Air,Central Air,8,8,9,2.5,687.0,827409.0,6194.0,60,Bikeable,19,Car-dependent,Minimal,Severe,Moderate,Minimal,"Places6 groceries, 26 restaurants, 14 parksTransit14, 3, 53, 54, 602, 603, 604, 607, 609, 610, 8","Sep 13, 2023","Listed (New)bridgeMLS, Bay East AOR, or Contra Costa AOR #41038746",818000.0,https://www.redfin.com/CA/Pleasanton/4131-Amberwood-Cir-94588/home/1998094,,18,Minimal transit,"May 3, 2018",NA,"PendingbridgeMLS, Bay East AOR, or Contra Costa AOR #40819204","Apr 26, 2018","Price ChangedbridgeMLS, Bay East AOR, or Contra Costa AOR #40819204",650000.0,"Apr 26, 2018","Listed (New)bridgeMLS, Bay East AOR, or Contra Costa AOR #40819204",660000.0,,,,,,,,,,,,,,,,,,,,,,,,,,,,,
MLS Listing,,Single Family Residential,2732 Maria St,Pleasanton,CA,94588,1700000,4.0,2.5,STONERIDGE SQUAR,1974,2862.0,2000.0,18.0,861,150.0,Active,October-1-2023 01:00 PM,October-1-2023 04:00 PM,https://www.redfin.com/CA/Pleasanton/2732-Maria-St-94588/home/1202265,"bridgeMLS, Bay East AOR, or Contra Costa AOR",41038909,N,Y,37.6926552,-121.8553362,2.0,"Laminate, Linoleum, Tile, Carpet","Zoned, Fireplace(s)",Zoned,9,8,9,2.5,861.0,1699566.0,12170.0,49,Somewhat bikeable,32,Car-dependent,Minimal,Severe,Moderate,Minimal,"Places2 groceries, 48 restaurants, 3 parksTransit10R, 14, 2, 30R, 501, 502, 504, 601, 604, 605, 608, 610, 611","Sep 12, 2023","Listed (New)bridgeMLS, Bay East AOR, or Contra Costa AOR #41038909",1700000.0,https://www.redfin.com/CA/Pleasanton/2732-Maria-St-94588/home/1202265,,26,Some transit,"Aug 29, 2012",NA,"PendingbridgeMLS, Bay East AOR, or Contra Costa AOR #40568285","May 1, 2012","Pending (Pending - Subject to Lender Approval)bridgeMLS, Bay East AOR, or Contra Costa AOR #40568285",NA,"Apr 15, 2012","Price Changed (Price Change)bridgeMLS, Bay East AOR, or Contra Costa AOR #40568285",644999.0,"Apr 2, 2012","Listed (New)bridgeMLS, Bay East AOR, or Contra Costa AOR #40568285",645000.0,,,,,,,,,,,,,,,,,,,,,,,,,,
MLS Listing,,Multi-Family (2-4 Unit),3527 Bernal Ave,Pleasanton,CA,94566,2500000,8.0,,Pleasanton,4993,5351.0,1985.0,18.0,501,,Active,,,https://www.redfin.com/CA/Pleasanton/3527-Bernal-Ave-94566/home/1456347,"bridgeMLS, Bay East AOR, or Contra Costa AOR",41038825,N,Y,37.6622722,-121.8573136,,"Hardwood, Laminate, Tile, Carpet",Forced Air,Central Air,8,8,9,2.5,501.0,2431590.0,16679.0,60,Bikeable,67,Somewhat walkable,Minimal,Extreme,Moderate,Minimal,"Places3 groceries, 11 restaurants, 8 parksTransit10R, 14, 53, 54, 601, 602, 604, 605, 606, 608, 610, 611, 8, 92X, ACE, ACETrain","Sep 12, 2023","Listed (New)bridgeMLS, Bay East AOR, or Contra Costa AOR #41038825",2500000.0,https://www.redfin.com/CA/Pleasanton/3527-Bernal-Ave-94566/home/1456347,,30,Some transit,,,,,,,,,,,,,,,,,,,,,,,,,,,,,,,,,,,,,,
MLS Listing,,Single Family Residential,3950 Vineyard Ave,Pleasanton,CA,94566,1725000,3.0,2.0,DOWN TOWN,1700,15503.0,1921.0,22.0,1015,,Active,,,https://www.redfin.com/CA/Pleasanton/3950-Vineyard-Ave-94566/home/1582356,"bridgeMLS, Bay East AOR, or Contra Costa AOR",41038541,N,Y,37.6624409,-121.8654895,2.0,"Tile, Carpet, Wood",Forced Air,Central Air,8,8,9,2.5,1015.0,1756723.0,12197.0,54,Bikeable,72,Very walkable,Minimal,Extreme,Moderate,Minimal,"Places2 groceries, 16 restaurants, 3 parksTransit10R, 14, 53, 54, 601, 602, 604, 605, 606, 608, 609, 610, 611, 8, 92X, ACE, ACETrain","Sep 8, 2023","Listed (New)bridgeMLS, Bay East AOR, or Contra Costa AOR #41038541",1725000.0,https://www.redfin.com/CA/Pleasanton/3950-Vineyard-Ave-94566/home/1582356,All Public Utilities,33,Some transit,"May 26, 2005",NA,"DelistedbridgeMLS, Bay East AOR, or Contra Costa AOR #40074789","Apr 20, 2005","ListedbridgeMLS, Bay East AOR, or Contra Costa AOR #40074789",1055000.0,,,,,,,,,,,,,,,,,,,,,,,,,,,,,,,,
MLS Listing,,Single Family Residential,3772 Stanley Blvd,Pleasanton,CA,94566,1599000,4.0,3.0,Pleasanton,2301,2317.0,2019.0,23.0,695,193.0,Active,,,https://www.redfin.com/CA/Pleasanton/3772-Stanley-Blvd-94566/home/161408661,MetroList,223087198,N,Y,37.6680494,-121.8638885,2.0,"Carpet, Laminate, Tile",Central,Central,7,8,9,,695.0,1594437.0,11499.0,74,Very bikeable,64,Somewhat walkable,Severe,Major,Moderate,Minimal,"Places3 groceries, 14 restaurants, 4 parksTransit10R, 14, 53, 54, 601, 602, 604, 605, 606, 608, 609, 610, 611, 8, 92X, ACE, ACETrain","Jun 14, 2022","Pending (Pending - Show for Backups)bridgeMLS, Bay East AOR, or Contra Costa AOR #40997256",NA,https://www.redfin.com/CA/Pleasanton/3772-Stanley-Blvd-94566/home/161408661,"Internet Available, Natural Gas Available",33,Some transit,"Jun 10, 2022",1499000.0,"Listed (New)bridgeMLS, Bay East AOR, or Contra Costa AOR #40997256",,,,,,,,,,,,,2.0,,,,,,,,,,,,,,,,,,,,,,
MLS Listing,,Townhouse,673 Palomino Dr Unit C,Pleasanton,CA,94566,774000,2.0,2.0,OAK TREE VILLAS,1198,1092.0,1985.0,23.0,646,517.0,Active,,,https://www.redfin.com/CA/Pleasanton/673-Palomino-Dr-94566/unit-C/home/647322,"bridgeMLS, Bay East AOR, or Contra Costa AOR",41037842,N,Y,37.6601355,-121.8566613,1.0,"Vinyl, Carpet",Forced Air,Ceiling Fan(s),9,8,9,2.5,646.0,774073.0,5990.0,49,Somewhat bikeable,63,Somewhat walkable,Minimal,Extreme,Moderate,Minimal,"Places4 groceries, 10 restaurants, 9 parksTransit10R, 14, 53, 54, 601, 602, 604, 605, 606, 608, 610, 611, 8, 92X, ACE, ACETrain","Sep 22, 2023","Price ChangedbridgeMLS, Bay East AOR, or Contra Costa AOR #41037842",774000.0,https://www.redfin.com/CA/Pleasanton/673-Palomino-Dr-94566/unit-C/home/647322,,29,Some transit,"Sep 7, 2023",799000.0,"Listed (New)bridgeMLS, Bay East AOR, or Contra Costa AOR #41037842","Apr 28, 2022","PendingbridgeMLS, Bay East AOR, or Contra Costa AOR #40989627",NA,"Apr 20, 2022","Listed (New)bridgeMLS, Bay East AOR, or Contra Costa AOR #40989627",700000.0,,,,,,,,,,,,,,,,,,,,,,,,,,,,,
MLS Listing,,Single Family Residential,402 Arlington Ct,Pleasanton,CA,94566,1900000,4.0,3.5,ROSE POINTE,2954,14566.0,1969.0,23.0,643,,Active,,,https://www.redfin.com/CA/Pleasanton/402-Arlington-Ct-94566/home/1283088,"bridgeMLS, Bay East AOR, or Contra Costa AOR",41038358,N,Y,37.6424465,-121.8800756,3.0,"Parquet, Carpet","Forced Air, Natural Gas",Central Air,7,8,9,2.5,643.0,1881365.0,13434.0,32,Somewhat bikeable,15,Car-dependent,Minimal,Extreme,Moderate,Minimal,"Places3 groceries, 24 restaurants, 6 parksTransit10R, 53, 54, 601, 602, 605, 606, 607, 608, 609, 611, 8, 92X, ACE, ACETrain","Sep 7, 2023","Listed (New)bridgeMLS, Bay East AOR, or Contra Costa AOR #41038358",1900000.0,https://www.redfin.com/CA/Pleasanton/402-Arlington-Ct-94566/home/1283088,,0,Minimal transit,,,,,,,,,,,,,,,,,,,,,,,,,,,,,,,,,,,,,,
MLS Listing,,Condo/Co-op,219 Rachael Pl,Pleasanton,CA,94566,990000,3.0,2.5,COUNTRY ROADS,1446,,1989.0,25.0,685,515.0,Active,October-1-2023 02:00 PM,October-1-2023 04:00 PM,https://www.redfin.com/CA/Pleasanton/219-Rachael-Pl-94566/home/1899958,"bridgeMLS, Bay East AOR, or Contra Costa AOR",41036472,N,Y,37.6671023,-121.8685165,2.0,"Laminate, Tile, Carpet","Forced Air, Fireplace(s)",Central Air,7,8,9,2.5,685.0,989723.0,7515.0,71,Very bikeable,76,Very walkable,Minimal,Major,Moderate,Minimal,"Places3 groceries, 12 restaurants, 1 parkTransit10R, 14, 53, 54, 601, 602, 604, 605, 606, 608, 609, 610, 611, 8, 92X, ACE, ACETrain","Sep 25, 2023","Relisted (Back On Market)bridgeMLS, Bay East AOR, or Contra Costa AOR #41036472",NA,https://www.redfin.com/CA/Pleasanton/219-Rachael-Pl-94566/home/1899958,"All Public Utilities, Internet Available, Natural Gas Connected",33,Some transit,"Sep 7, 2023",NA,"Pending (Pending - Show for Backups)bridgeMLS, Bay East AOR, or Contra Costa AOR #41036472","Aug 18, 2023","Listed (New)bridgeMLS, Bay East AOR, or Contra Costa AOR #41036472",990000.0,"Mar 20, 2019","PendingbridgeMLS, Bay East AOR, or Contra Costa AOR #40855987",NA,"Mar 8, 2019","Listed (New)bridgeMLS, Bay East AOR, or Contra Costa AOR #40855987",749000.0,,,,,,,,,,,,,,,,,,,,,,,,,,
MLS Listing,,Townhouse,3863 Saratoga Way,Pleasanton,CA,94588,798950,3.0,1.5,FAIRLANDS,1242,9999.0,1977.0,25.0,643,230.0,Active,October-1-2023 12:00 PM,October-1-2023 03:00 PM,https://www.redfin.com/CA/Pleasanton/3863-Saratoga-Way-94588/home/1186807,"bridgeMLS, Bay East AOR, or Contra Costa AOR",41037833,N,Y,37.7006337,-121.8677576,,"Laminate, Tile, Carpet","Forced Air, Natural Gas","Ceiling Fan(s), Central Air",8,8,9,2.5,643.0,803579.0,5879.0,61,Bikeable,75,Very walkable,Minimal,Severe,Moderate,Minimal,"Places6 groceries, 34 restaurants, 2 parksTransit1, 10R, 14, 2, 30R, 501, 502, 504, 54, 604, 605, 608, 610","Sep 5, 2023","Listed (New)bridgeMLS, Bay East AOR, or Contra Costa AOR #41037833",798950.0,https://www.redfin.com/CA/Pleasanton/3863-Saratoga-Way-94588/home/1186807,All Public Utilities,31,Some transit,"May 11, 2015",NA,"Pending (Pending - Show for Backups)bridgeMLS, Bay East AOR, or Contra Costa AOR #40696668","Apr 29, 2015","Listed (New)bridgeMLS, Bay East AOR, or Contra Costa AOR #40696668",471000.0,,,,,,,,,,,,,,,,,,,,,,,,,,,,,,,,
MLS Listing,,Condo/Co-op,3849 Vineyard Ave Unit B,Pleasanton,CA,94566,454900,1.0,1.0,PLEASANTON,611,,1983.0,28.0,745,360.0,Active,,,https://www.redfin.com/CA/Pleasanton/3849-Vineyard-Ave-94566/unit-B/home/1968593,MLSListings,ML81940625,N,Y,37.6636803,-121.8638696,1.0,Laminate,Central Forced Air,Central Forced Air,8,8,9,2.5,745.0,447704.0,3576.0,61,Bikeable,66,Somewhat walkable,Minimal,Extreme,Moderate,Minimal,"Places4 groceries, 14 restaurants, 5 parksTransit10R, 14, 53, 54, 601, 602, 604, 605, 606, 608, 609, 610, 611, 8, 92X, ACE, ACETrain","Sep 22, 2023",Price ChangedMLSListings #ML81940625,454900.0,https://www.redfin.com/CA/Pleasanton/3849-Vineyard-Ave-94566/unit-B/home/1968593,"Individual Electric Meters, Individual Gas Meters, Public Utilities",33,Some transit,"Sep 2, 2023",460000.0,Listed (Active)MLSListings #ML81940625,,,,,,,,,,,,,3.0,"Detached, Guest/Visitor Parking","Stall Shower, Tile","Breakfast Nook, No Formal Dining Room","Electricity Hookup (110V), Washer/Dryer","Garbage, Insurance, Maintenance (Exterior), Maintenance (Road), Sewer, Water/Sewer",Monthly,Shadow Creek Bend,,,,,,,,,,,,,,,
MLS Listing,,Single Family Residential,35 Golf Rd,Pleasanton,CA,94566,2799000,6.0,4.5,CASTLEWOOD,4150,19065.0,2010.0,31.0,674,96.0,Active,October-1-2023 02:00 PM,October-1-2023 04:00 PM,https://www.redfin.com/CA/Pleasanton/35-Golf-Rd-94566/home/1198566,"bridgeMLS, Bay East AOR, or Contra Costa AOR",41036820,N,Y,37.6287773,-121.8963186,3.0,Stone,Zoned,Zoned,7,8,9,2.5,674.0,2743296.0,19887.0,8,Somewhat bikeable,2,Car-dependent,Minimal,Major,Moderate,Minimal,"Places2 groceries, 21 restaurants, 11 parksTransit10R, 53, 54, 601, 602, 604, 605, 606, 607, 608, 609, 611, 8, 92X, ACE, ACETrain","Sep 29, 2023","Relisted (Active)bridgeMLS, Bay East AOR, or Contra Costa AOR #41036820",NA,https://www.redfin.com/CA/Pleasanton/35-Golf-Rd-94566/home/1198566,,,,"Sep 27, 2023",NA,"PendingbridgeMLS, Bay East AOR, or Contra Costa AOR #41036820","Sep 21, 2023","PendingbridgeMLS, Bay East AOR, or Contra Costa AOR #41036820",NA,"Aug 22, 2023","Listed (New)bridgeMLS, Bay East AOR, or Contra Costa AOR #41036820",2799000.0,"Oct 14, 2011","PendingbridgeMLS, Bay East AOR, or Contra Costa AOR #40544180",NA,"Sep 21, 2011","Listed (New)bridgeMLS, Bay East AOR, or Contra Costa AOR #40544180",1499000.0,,,,,,,,,,,,,,,,,,,,,,,
MLS Listing,,Vacant Land,7330 Club House Dr,Pleasanton,CA,94566,1525000,,,Pleasanton,16187,16187.0,,43.0,94,,Active,,,https://www.redfin.com/CA/Pleasanton/7330-Club-House-Dr-94566/home/22656403,"bridgeMLS, Bay East AOR, or Contra Costa AOR",41036558,N,Y,37.6277169,-121.859905,,,,,7,8,9,2.5,94.0,1346849.0,10783.0,9,Somewhat bikeable,7,Car-dependent,Minimal,Extreme,Moderate,Minimal,"Places3 groceries, 22 restaurants, 8 parksTransit10R, 53, 54, 601, 602, 605, 606, 607, 608, 611, 8, 92X, ACE, ACETrain","Sep 29, 2023","Price ChangedbridgeMLS, Bay East AOR, or Contra Costa AOR #41036558",1525000.0,https://www.redfin.com/CA/Pleasanton/7330-Club-House-Dr-94566/home/22656403,Other On Site,0,Minimal transit,"Aug 18, 2023",1625000.0,"Listed (New)bridgeMLS, Bay East AOR, or Contra Costa AOR #41036558",,,,,,,,,,,,,,,,,,,,,,,,,,,,,,,,,,,
MLS Listing,,Condo/Co-op,7835 Canyon Meadow Cir Unit B,Pleasanton,CA,94588,715000,3.0,2.0,CANYON MEADOWS,1257,,1991.0,44.0,569,667.0,Active,October-1-2023 01:00 PM,October-1-2023 04:00 PM,https://www.redfin.com/CA/Pleasanton/7835-Canyon-Meadow-Cir-94588/unit-B/home/1723585,"bridgeMLS, Bay East AOR, or Contra Costa AOR",41036246,N,Y,37.6964956,-121.9489886,1.0,"Tile, Carpet",Forced Air,Central Air,8,8,9,2.5,569.0,701646.0,5722.0,24,Somewhat bikeable,8,Car-dependent,Minimal,Severe,Moderate,Minimal,"Places1 grocery, 19 restaurants, 4 parksTransit3, 30R, 335, 35, 501, 502, 503, 504, 53, 602, 603, 604, 607, 636, 70X, Blue-N, Blue-S","Sep 27, 2023","Price ChangedbridgeMLS, Bay East AOR, or Contra Costa AOR #41036246",715000.0,https://www.redfin.com/CA/Pleasanton/7835-Canyon-Meadow-Cir-94588/unit-B/home/1723585,,13,Minimal transit,"Sep 7, 2023",724900.0,"Price ChangedbridgeMLS, Bay East AOR, or Contra Costa AOR #41036246","Aug 17, 2023","Listed (New)bridgeMLS, Bay East AOR, or Contra Costa AOR #41036246",749900.0,"Sep 20, 2021","PendingbridgeMLS, Bay East AOR, or Contra Costa AOR #40963128",NA,"Sep 9, 2021","Price ChangedbridgeMLS, Bay East AOR, or Contra Costa AOR #40963128",595000.0,"Sep 3, 2021","Price ChangedbridgeMLS, Bay East AOR, or Contra Costa AOR #40963128",609000.0,,,,,,,,,"Aug 13, 2021","Listed (New)bridgeMLS, Bay East AOR, or Contra Costa AOR #40963128",639000.0,,,,,,,,,,,,
MLS Listing,,Single Family Residential,1333 Montrose Pl,Pleasanton,CA,94566,8998000,7.0,6.0,BORDEAUX ESTATES,6535,643458.0,2006.0,45.0,1377,123.0,Active,,,https://www.redfin.com/CA/Pleasanton/1333-Montrose-Pl-94566/home/174592325,"bridgeMLS, Bay East AOR, or Contra Costa AOR",41035225,N,Y,37.6551621,-121.8277472,4.0,Carpet,Zoned,Zoned,9,8,9,2.5,1377.0,8548013.0,63744.0,8,Somewhat bikeable,3,Car-dependent,Minimal,Extreme,Moderate,Minimal,"Places1 grocery, 13 restaurants, 12 parksTransit10R, 14, 30R, 601, 602, 605, 606, 608, 611, 8","Aug 16, 2023","Listed (New)bridgeMLS, Bay East AOR, or Contra Costa AOR #41035225",8998000.0,https://www.redfin.com/CA/Pleasanton/1333-Montrose-Pl-94566/home/174592325,,8,Minimal transit,"Jul 28, 2021",NA,"PendingbridgeMLS, Bay East AOR, or Contra Costa AOR #40959315","Jul 17, 2021","Listed (New)bridgeMLS, Bay East AOR, or Contra Costa AOR #40959315",6950000.0,,,,,,,,,,,,,,,,,,,,,,,,,,,,,,,,
MLS Listing,,Single Family Residential,2186 Countryside Ct,Pleasanton,CA,94566,3728474,5.0,5.5,,4035,10357.0,2023.0,46.0,924,230.0,Active,,,https://www.redfin.com/CA/Pleasanton/2186-Countryside-Ct-94566/home/186512855,"bridgeMLS, Bay East AOR, or Contra Costa AOR",41036037,N,Y,37.6453998,-121.8637479,3.0,Carpet,Zoned,Zoned,9,8,9,1.61,924.0,,26593.0,5,Somewhat bikeable,6,Car-dependent,Minimal,Extreme,Moderate,Minimal,"Places4 groceries, 23 restaurants, 5 parksTransit10R, 14, 53, 54, 601, 602, 605, 606, 608, 609, 611, 8, 92X, ACE, ACETrain","Aug 30, 2023","Price ChangedbridgeMLS, Bay East AOR, or Contra Costa AOR #41036037",3728474.0,https://www.redfin.com/CA/Pleasanton/2186-Countryside-Ct-94566/home/186512855,,15,Minimal transit,"Aug 15, 2023",3659995.0,"Listed (New)bridgeMLS, Bay East AOR, or Contra Costa AOR #41036037",,,,,,,,,,,,,,,,,,,,,,,,,,,,,,,,,,,
MLS Listing,,Single Family Residential,2163 Spring Creek Ter,Pleasanton,CA,94566,3859326,5.0,5.5,,4035,19158.0,2023.0,50.0,956,230.0,Active,,,https://www.redfin.com/CA/Pleasanton/2163-Spring-Creek-Ter-94566/home/186484694,"bridgeMLS, Bay East AOR, or Contra Costa AOR",41035738,N,Y,37.644242,-121.8619301,3.0,Carpet,Zoned,Zoned,9,8,9,1.55,956.0,,27518.0,2,Somewhat bikeable,0,Car-dependent,NA,NA,NA,NA,"Places4 groceries, 22 restaurants, 6 parksTransit10R, 14, 53, 54, 601, 602, 605, 606, 608, 609, 611, 8, 92X, ACE, ACETrain","Aug 11, 2023","Listed (New)bridgeMLS, Bay East AOR, or Contra Costa AOR #41035738",3859326.0,https://www.redfin.com/CA/Pleasanton/2163-Spring-Creek-Ter-94566/home/186484694,,0,Minimal transit,,,,,,,,,,,,,,,,,,,,,,,,,,,,,,,,,,,,,,
MLS Listing,,Single Family Residential,3569 Valenza Way,Pleasanton,CA,94566,2888000,4.0,3.0,RUBY HILL,3252,7785.0,1999.0,50.0,888,275.0,Active,,,https://www.redfin.com/CA/Pleasanton/3569-Valenza-Way-94566/home/1204542,"bridgeMLS, Bay East AOR, or Contra Costa AOR",41035406,N,Y,37.6366734,-121.8161584,3.0,"Tile, Engineered Wood",Zoned,Zoned,8,8,9,2.5,888.0,2837479.0,20695.0,1,Somewhat bikeable,6,Car-dependent,Minimal,Extreme,Moderate,Minimal,"Places3 groceries, 14 restaurants, 20 parksTransit10R, 14, 601, 602, 605, 606, 608, 611, 8","Aug 11, 2023","Listed (New)bridgeMLS, Bay East AOR, or Contra Costa AOR #41035406",2888000.0,https://www.redfin.com/CA/Pleasanton/3569-Valenza-Way-94566/home/1204542,,11,Minimal transit,"Oct 7, 2021",2500000.0,"Price ChangedbridgeMLS, Bay East AOR, or Contra Costa AOR #40969511","Oct 7, 2021","DelistedbridgeMLS, Bay East AOR, or Contra Costa AOR #40969511",NA,"Oct 2, 2021","ListedbridgeMLS, Bay East AOR, or Contra Costa AOR #40969511",2295000.0,,,,,,,,,,,,,,,,,,,,,,,,,,,,,
MLS Listing,,Mobile/Manufactured Home,3263 Vineyard Ave #185,Pleasanton,CA,94566,280000,2.0,2.0,VINEYARD ESTATES,1188,,,50.0,236,,Active,,,https://www.redfin.com/CA/Pleasanton/3263-Vineyard-Ave-94566/unit-185/home/1228468,"bridgeMLS, Bay East AOR, or Contra Costa AOR",41035722,N,Y,37.6649862,-121.851844,,"Vinyl, Carpet",Forced Air,Central Air,9,8,9,3.0,236.0,277955.0,1980.0,61,Bikeable,60,Somewhat walkable,NA,NA,NA,NA,"Places3 groceries, 11 restaurants, 8 parksTransit10R, 14, 53, 54, 601, 602, 604, 605, 606, 608, 610, 611, 8, 92X, ACE, ACETrain","Sep 29, 2023","Price ChangedbridgeMLS, Bay East AOR, or Contra Costa AOR #41035722",280000.0,https://www.redfin.com/CA/Pleasanton/3263-Vineyard-Ave-94566/unit-185/home/1228468,All Public Utilities,32,Some transit,"Aug 11, 2023",295000.0,"Listed (New)bridgeMLS, Bay East AOR, or Contra Costa AOR #41035722","Feb 28, 2006","DelistedbridgeMLS, Bay East AOR, or Contra Costa AOR #40134226",NA,"Jan 8, 2006","ListedbridgeMLS, Bay East AOR, or Contra Costa AOR #40134226",198500.0,,,,,,,,,,,,,,,,,,,,,,,,,,,,,
MLS Listing,,Single Family Residential,434 Rose Ave,Pleasanton,CA,94566,2799000,6.0,6.5,DOWNTOWN PLEAS.,3648,7800.0,2017.0,51.0,767,,Active,,,https://www.redfin.com/CA/Pleasanton/434-Rose-Ave-94566/home/1577207,"bridgeMLS, Bay East AOR, or Contra Costa AOR",41035644,N,Y,37.6612595,-121.8788749,2.0,"Hardwood, Laminate, Tile, Carpet","Forced Air, Natural Gas","Central Air, ENERGY STAR Qualified Equipment",8,8,9,2.5,767.0,2715428.0,19791.0,71,Very bikeable,92,Walker's paradise,Minimal,Extreme,Moderate,Minimal,"Places1 grocery, 33 restaurants, 4 parksTransit10R, 53, 54, 601, 602, 605, 606, 608, 609, 611, 8, 92X, ACE, ACETrain","Aug 29, 2023","Price ChangedbridgeMLS, Bay East AOR, or Contra Costa AOR #41035644",2799000.0,https://www.redfin.com/CA/Pleasanton/434-Rose-Ave-94566/home/1577207,"Sewer Connected, Internet Available",35,Some transit,"Aug 10, 2023",2875000.0,"Listed (New)bridgeMLS, Bay East AOR, or Contra Costa AOR #41035644","Jan 30, 2016","PendingbridgeMLS, Bay East AOR, or Contra Costa AOR #40727007",NA,"Jan 25, 2016","Listed (New)bridgeMLS, Bay East AOR, or Contra Costa AOR #40727007",849000.0,,,,,,,,,,,,,,,,,,,,,,,,,,,,,
MLS Listing,,Single Family Residential,265 Kottinger Dr,Pleasanton,CA,94566,2199999,4.0,3.0,DOWNTOWN PLEAS.,2284,18569.0,1977.0,51.0,963,,Active,,,https://www.redfin.com/CA/Pleasanton/265-Kottinger-Dr-94566/home/1593798,"bridgeMLS, Bay East AOR, or Contra Costa AOR",41035371,N,Y,37.6607455,-121.8691362,2.0,"Laminate, Tile, Vinyl, Carpet",Forced Air,"Ceiling Fan(s), Central Air, Whole House Fan",8,8,9,2.5,963.0,2142619.0,15555.0,41,Somewhat bikeable,77,Very walkable,Major,Extreme,Moderate,Minimal,"Places2 groceries, 23 restaurants, 4 parksTransit10R, 14, 53, 54, 601, 602, 605, 606, 608, 609, 611, 8, 92X, ACE, ACETrain","Aug 10, 2023","Listed (New)bridgeMLS, Bay East AOR, or Contra Costa AOR #41035371",2199999.0,https://www.redfin.com/CA/Pleasanton/265-Kottinger-Dr-94566/home/1593798,All Public Utilities,34,Some transit,"May 6, 2012",NA,"PendingbridgeMLS, Bay East AOR, or Contra Costa AOR #40551502","Apr 19, 2012","Price Changed (Price Change)bridgeMLS, Bay East AOR, or Contra Costa AOR #40551502",849000.0,"Jan 27, 2012","Price Changed (Price Change)bridgeMLS, Bay East AOR, or Contra Costa AOR #40551502",865000.0,"Nov 15, 2011","Listed (New)bridgeMLS, Bay East AOR, or Contra Costa AOR #40551502",888000.0,,,,,,,,,,,,,,,,,,,,,,,,,,
MLS Listing,,Vacant Land,622 Happy Valley Rd,Pleasanton,CA,94566,3360000,,,Pleasanton,152460,152460.0,,54.0,22,,Active,,,https://www.redfin.com/CA/Pleasanton/622-Happy-Valley-Rd-94566/home/1446910,"bridgeMLS, Bay East AOR, or Contra Costa AOR",41035295,N,Y,37.6373398,-121.8765182,,,,,7,8,9,2.0,22.0,3121753.0,23757.0,7,Somewhat bikeable,10,Car-dependent,Minimal,Extreme,Moderate,Minimal,"Places3 groceries, 25 restaurants, 5 parksTransit10R, 53, 54, 601, 602, 605, 606, 607, 608, 609, 611, 8, 92X, ACE, ACETrain","Aug 7, 2023","Listed (New)bridgeMLS, Bay East AOR, or Contra Costa AOR #41035295",3360000.0,https://www.redfin.com/CA/Pleasanton/622-Happy-Valley-Rd-94566/home/1446910,"Other Water/Sewer, Electricity Connected, Sewer Not Available, Water Not Available, Electricity Available",0,Minimal transit,"Dec 2, 2015",NA,"PendingbridgeMLS, Bay East AOR, or Contra Costa AOR #40718258","Oct 6, 2015","Listed (New)bridgeMLS, Bay East AOR, or Contra Costa AOR #40718258",1000000.0,,,,,,,,,,,,,,,,,,,,,,,,,,,,,,,,
MLS Listing,,Single Family Residential,7149 Valley Trails Dr,Pleasanton,CA,94588,1485000,4.0,3.0,VALLEY TRAILS,1835,7346.0,1970.0,58.0,809,,Active,October-1-2023 01:00 PM,October-1-2023 05:00 PM,https://www.redfin.com/CA/Pleasanton/7149-Valley-Trails-Dr-94588/home/1168027,"bridgeMLS, Bay East AOR, or Contra Costa AOR",41035060,N,Y,37.6742462,-121.905942,2.0,Laminate,Forced Air,Central Air,7,8,9,2.25,809.0,1473339.0,10500.0,69,Bikeable,41,Car-dependent,Severe,Severe,Moderate,Minimal,"Places5 groceries, 28 restaurants, 13 parksTransit14, 3, 54, 602, 603, 604, 607, 609, 610, 8","Aug 3, 2023","Listed (New)bridgeMLS, Bay East AOR, or Contra Costa AOR #41035060",1485000.0,https://www.redfin.com/CA/Pleasanton/7149-Valley-Trails-Dr-94588/home/1168027,,21,Minimal transit,"May 13, 2012",NA,"PendingbridgeMLS, Bay East AOR, or Contra Costa AOR #40570254","Apr 26, 2012","Relisted (Back On Market)bridgeMLS, Bay East AOR, or Contra Costa AOR #40570254",NA,"Apr 24, 2012","PendingbridgeMLS, Bay East AOR, or Contra Costa AOR #40570254",NA,"Apr 17, 2012","Listed (New)bridgeMLS, Bay East AOR, or Contra Costa AOR #40570254",635000.0,,,,,,,,,,,,,,,,,,,,,,,,,,
MLS Listing,,Single Family Residential,645 Oak Cir,Pleasanton,CA,94566,1749000,4.0,3.0,DOWNTOWN AREA,2636,7999.0,1962.0,58.0,664,,Active,October-1-2023 01:00 PM,October-1-2023 04:00 PM,https://www.redfin.com/CA/Pleasanton/645-Oak-Cir-94566/home/1733312,"bridgeMLS, Bay East AOR, or Contra Costa AOR",41034952,N,Y,37.6562469,-121.8682002,2.0,"Laminate, Vinyl, Carpet",Forced Air,Central Air,8,8,9,2.5,664.0,1732202.0,12367.0,31,Somewhat bikeable,65,Somewhat walkable,Minimal,Extreme,Moderate,Minimal,"Places4 groceries, 23 restaurants, 4 parksTransit10R, 14, 53, 54, 601, 602, 605, 606, 608, 609, 611, 8, 92X, ACE, ACETrain","Sep 22, 2023","Price ChangedbridgeMLS, Bay East AOR, or Contra Costa AOR #41034952",1749000.0,https://www.redfin.com/CA/Pleasanton/645-Oak-Cir-94566/home/1733312,,31,Some transit,"Sep 8, 2023",1799000.0,"Price ChangedbridgeMLS, Bay East AOR, or Contra Costa AOR #41034952","Aug 3, 2023","Listed (New)bridgeMLS, Bay East AOR, or Contra Costa AOR #41034952",1879000.0,"Feb 5, 2005","DelistedbridgeMLS, Bay East AOR, or Contra Costa AOR #40058192",NA,"Jan 16, 2005","ListedbridgeMLS, Bay East AOR, or Contra Costa AOR #40058192",840000.0,,,,,,,,,,,,,,,,,,,,,,,,,,
MLS Listing,,Single Family Residential,827 Bonde Ct,Pleasanton,CA,94566,1850000,4.0,2.5,PLEASANTON HGTS,2162,12140.0,1964.0,59.0,856,,Active,October-1-2023 01:00 PM,October-1-2023 03:00 PM,https://www.redfin.com/CA/Pleasanton/827-Bonde-Ct-94566/home/528005,"bridgeMLS, Bay East AOR, or Contra Costa AOR",41033354,N,Y,37.6537656,-121.8650892,2.0,"Hardwood, Vinyl, Carpet",Forced Air,Central Air,8,8,9,2.5,856.0,1839108.0,13081.0,24,Somewhat bikeable,41,Car-dependent,Minimal,Extreme,Moderate,Minimal,"Places5 groceries, 23 restaurants, 5 parksTransit10R, 14, 53, 54, 601, 602, 605, 606, 608, 611, 8, 92X, ACE, ACETrain","Sep 1, 2023","Price ChangedbridgeMLS, Bay East AOR, or Contra Costa AOR #41033354",1850000.0,https://www.redfin.com/CA/Pleasanton/827-Bonde-Ct-94566/home/528005,"All Public Utilities, Individual Electric Meter, Individual Gas Meter",29,Some transit,"Aug 2, 2023",1950000.0,"Listed (New)bridgeMLS, Bay East AOR, or Contra Costa AOR #41033354","Nov 24, 1999","DelistedbridgeMLS, Bay East AOR, or Contra Costa AOR #11035528",NA,"Nov 10, 1999","ListedbridgeMLS, Bay East AOR, or Contra Costa AOR #11035528",605000.0,,,,,,,,,,,,,,,,,,,,,,,,,,,,,
MLS Listing,,Single Family Residential,2157 Shadow Creek Ct,Pleasanton,CA,94566,3799995,5.0,5.5,PLEASANTON,4340,11070.0,2023.0,65.0,876,230.0,Active,,,https://www.redfin.com/CA/Pleasanton/2157-Shadow-Creek-Ct-94566/home/179968705,"bridgeMLS, Bay East AOR, or Contra Costa AOR",41034357,N,Y,37.6457285,-121.8632387,3.0,,Natural Gas,Zoned,9,8,9,1.58,876.0,3680475.0,27098.0,5,Somewhat bikeable,6,Car-dependent,Minimal,Extreme,Moderate,Minimal,"Places4 groceries, 23 restaurants, 5 parksTransit10R, 14, 53, 54, 601, 602, 605, 606, 608, 609, 611, 8, 92X, ACE, ACETrain","Sep 8, 2023",Price ChangedNewHomeSource.com #2498712,3799995.0,https://www.redfin.com/CA/Pleasanton/2157-Shadow-Creek-Ct-94566/home/179968705,,15,Minimal transit,"Sep 4, 2023",4345329.0,Price ChangedNewHomeSource.com #2498712,"Sep 1, 2023",Price ChangedNewHomeSource.com #2498712,3650000.0,"Jul 27, 2023",Listed (Active)NewHomeSource.com #2498712,3799995.0,"Jul 27, 2023","Listed (New)bridgeMLS, Bay East AOR, or Contra Costa AOR #41034357",3799995.0,,,,,,,,,,,,,,,,,,,,,,,,,,
MLS Listing,,Single Family Residential,23 Deer Oaks Ct,Pleasanton,CA,94588,3599000,5.0,4.0,DEER OAKS,5120,51401.0,1989.0,66.0,703,329.0,Active,,,https://www.redfin.com/CA/Pleasanton/23-Deer-Oaks-Ct-94588/home/1669216,"bridgeMLS, Bay East AOR, or Contra Costa AOR",41034240,N,Y,37.655337,-121.9116149,3.0,"Hardwood, Tile",Zoned,"Ceiling Fan(s), Zoned",8,8,9,2.5,703.0,3484027.0,25776.0,16,Somewhat bikeable,12,Car-dependent,Minimal,Severe,Moderate,Minimal,"Places2 groceries, 24 restaurants, 13 parksTransit14, 53, 54, 601, 602, 603, 604, 606, 607, 609, 610, 8, 92X, ACE, ACETrain","Sep 16, 2023","Price ChangedbridgeMLS, Bay East AOR, or Contra Costa AOR #41034240",3599000.0,https://www.redfin.com/CA/Pleasanton/23-Deer-Oaks-Ct-94588/home/1669216,"All Public Utilities, Internet Available",15,Minimal transit,"Jul 26, 2023",3645000.0,"Listed (New)bridgeMLS, Bay East AOR, or Contra Costa AOR #41034240","Aug 2, 2013","PendingbridgeMLS, Bay East AOR, or Contra Costa AOR #40618702",NA,"Jun 13, 2013","Listed (New)bridgeMLS, Bay East AOR, or Contra Costa AOR #40618702",1860000.0,,,,,,,,,,,,,,,,,,,,,,,,,,,,,
MLS Listing,,Mobile/Manufactured Home,"3231 Vineyard Ave., #83 #83",Pleasanton,CA,94566,150000,2.0,2.0,HACIENDA MOBILE HOME PARK,960,,,72.0,156,,Active,,,https://www.redfin.com/CA/Pleasanton/3231-Vineyard-Ave-94566/unit-83/home/764375,"bridgeMLS, Bay East AOR, or Contra Costa AOR",41033752,N,Y,37.6667072,-121.8508528,,"Linoleum, Carpet",Forced Air,Central Air,9,8,9,2.5,156.0,146285.0,1061.0,64,Bikeable,45,Car-dependent,Minimal,Extreme,Moderate,Minimal,"Places3 groceries, 11 restaurants, 8 parksTransit10R, 14, 53, 54, 601, 602, 604, 605, 606, 608, 610, 611, 8, 92X, ACE, ACETrain","Aug 9, 2023","Price ChangedbridgeMLS, Bay East AOR, or Contra Costa AOR #41033752",150000.0,https://www.redfin.com/CA/Pleasanton/3231-Vineyard-Ave-94566/unit-83/home/764375,,32,Some transit,"Jul 20, 2023",160000.0,"Listed (New)bridgeMLS, Bay East AOR, or Contra Costa AOR #41033752","Jul 17, 1998","DelistedbridgeMLS, Bay East AOR, or Contra Costa AOR #10510291",NA,"Apr 22, 1998","ListedbridgeMLS, Bay East AOR, or Contra Costa AOR #10510291",95500.0,,,,,,,,,,,,,,,,,,,,,,,,,,,,,
MLS Listing,,Single Family Residential,391 Oak Ln,Pleasanton,CA,94566,2500000,4.0,3.0,CASTLEWOOD,3723,17804.0,1978.0,78.0,672,8.0,Active,,,https://www.redfin.com/CA/Pleasanton/391-Oak-Ln-94566/home/548355,"bridgeMLS, Bay East AOR, or Contra Costa AOR",41033110,N,Y,37.6319667,-121.8908026,2.0,"Hardwood, Tile, Carpet",Natural Gas,"Ceiling Fan(s), No Air Conditioning",7,8,9,2.5,672.0,2388294.0,17685.0,8,Somewhat bikeable,5,Car-dependent,Minimal,Major,Moderate,Minimal,"Places2 groceries, 20 restaurants, 10 parksTransit10R, 53, 54, 601, 602, 604, 605, 606, 607, 608, 609, 611, 8, 92X, ACE, ACETrain","Jul 14, 2023","Listed (New)bridgeMLS, Bay East AOR, or Contra Costa AOR #41033110",2500000.0,https://www.redfin.com/CA/Pleasanton/391-Oak-Ln-94566/home/548355,Other Water/Sewer,,,,,,,,,,,,,,,,,,,,,,,,,,,,,,,,,,,,,,,,
MLS Listing,,Other,5901 Camino  Tassajara,Pleasanton,CA,94588,7500000,6.0,3.0,PLEASANTON,3354,439956.0,1960.0,94.0,2236,,Active,,,https://www.redfin.com/CA/PLEASANTON/5901-Camino-Tassajara-94588/home/181301708,MLSListings,ML81933332,N,Y,37.6873908,-121.9131761,7.0,Tile,Central Forced Air,Central Forced Air,NA,NA,NA,2.75,2236.0,,53030.0,65,Bikeable,47,Car-dependent,Moderate,Major,Moderate,Minimal,"Places6 groceries, 20 restaurants, 5 parksTransit14, 3, 30R, 335, 35, 502, 503, 504, 53, 54, 602, 603, 604, 607, 609, 610, 636, 70X, 8, Blue-N, Blue-S","Jun 28, 2023",Listed (Active)MLSListings #ML81933332,7500000.0,https://www.redfin.com/CA/PLEASANTON/5901-Camino-Tassajara-94588/home/181301708,"Primary Meter, Propane On Site, Public Utilities, Other (See Remarks)",29,Some transit,,,,,,,,,,,,,,,,2.0,"Guest/Visitor Parking, Lighted Parking Area, Parking Area, Room for Oversized Vehicle, Workshop in Garage","Double Sinks, Primary - Oversized Tub, Primary (Tub w/ Jets), Sauna","Breakfast Room, Dining Area, Formal Dining Room, Skylight(s)","Electricity Hookup (110V), In Utility Room, Inside",,,,,,,,,,,,,,,,,,
MLS Listing,,Vacant Land,Alisal,Pleasanton,CA,94566,1500000,,,Pleasanton,65340,65340.0,,100.0,23,,Active,,,https://www.redfin.com/CA/Pleasanton/Alisal-St-94566/home/22670941,"bridgeMLS, Bay East AOR, or Contra Costa AOR",41031065,N,Y,37.634022,-121.871934,,,,,7,8,9,2.5,23.0,1397031.0,10606.0,5,Somewhat bikeable,7,Car-dependent,Minimal,Extreme,Moderate,Minimal,"Places2 groceries, 24 restaurants, 7 parksTransit10R, 53, 54, 601, 602, 605, 606, 607, 608, 609, 611, 8, 92X, ACE, ACETrain","Jun 22, 2023","Listed (New)bridgeMLS, Bay East AOR, or Contra Costa AOR #41031065",1500000.0,https://www.redfin.com/CA/Pleasanton/Alisal-St-94566/home/22670941,"Sewer Not Available, Water Not Available",,,,,,,,,,,,,,,,,,,,,,,,,,,,,,,,,,,,,,,,
MLS Listing,,Single Family Residential,777 Happy Valley Rd,Pleasanton,CA,94566,5500000,4.0,5.0,PLEASANTON,3455,1908364.0,1977.0,116.0,1592,,Active,,,https://www.redfin.com/CA/Pleasanton/777-Happy-Valley-Rd-94566/home/185652963,"bridgeMLS, Bay East AOR, or Contra Costa AOR",41029332,N,Y,37.6318976,-121.8752817,3.0,"Carpet, Hardwood, Tile","Electric, Zoned","Ceiling Fan(s), Central Air",7,8,9,2.5,1592.0,5162662.0,38888.0,4,Somewhat bikeable,6,Car-dependent,Minimal,Extreme,Moderate,Minimal,"Places3 groceries, 23 restaurants, 7 parksTransit10R, 53, 54, 601, 602, 605, 606, 607, 608, 609, 611, 8, 92X, ACE, ACETrain","Jun 6, 2023","Listed (New)bridgeMLS, Bay East AOR, or Contra Costa AOR #41029332",5500000.0,https://www.redfin.com/CA/Pleasanton/777-Happy-Valley-Rd-94566/home/185652963,,,,,,,,,,,,,,,,,,,,,,,,,,,,,,,,,,,,,,,,,
MLS Listing,,Mobile/Manufactured Home,3231 Vineyard #22,Pleasanton,CA,94566,219900,2.0,2.0,HACIENDA MOBILE HOME PARK,1440,,,116.0,153,,Active,October-1-2023 02:00 PM,October-1-2023 05:30 PM,https://www.redfin.com/CA/Pleasanton/3231-Vineyard-Ave-94566/unit-22/home/40449336,"bridgeMLS, Bay East AOR, or Contra Costa AOR",41029328,N,Y,37.6668006,-121.8508533,,Laminate,Forced Air,Central Air,9,8,9,3.0,153.0,212633.0,1555.0,64,Bikeable,45,Car-dependent,Minimal,Extreme,Moderate,Minimal,"Places3 groceries, 11 restaurants, 8 parksTransit10R, 14, 53, 54, 601, 602, 604, 605, 606, 608, 610, 611, 8, 92X, ACE, ACETrain","Sep 1, 2023","Relisted (Back On Market)bridgeMLS, Bay East AOR, or Contra Costa AOR #41029328",NA,https://www.redfin.com/CA/Pleasanton/3231-Vineyard-Ave-94566/unit-22/home/40449336,,32,Some transit,"Aug 31, 2023",NA,"Pending (Pending - Show for Backups)bridgeMLS, Bay East AOR, or Contra Costa AOR #41029328","Aug 3, 2023","Price ChangedbridgeMLS, Bay East AOR, or Contra Costa AOR #41029328",219900.0,"Jun 5, 2023","Listed (New)bridgeMLS, Bay East AOR, or Contra Costa AOR #41029328",224000.0,"Aug 16, 2012","PendingbridgeMLS, Bay East AOR, or Contra Costa AOR #40582319",NA,"Jul 19, 2012","Listed (New)bridgeMLS, Bay East AOR, or Contra Costa AOR #40582319",49950.0,,,,,,,,,,,,,,,,,,,,,,,
MLS Listing,,Single Family Residential,2004-2006 W Lagoon Rd,Pleasanton,CA,94566,2650000,6.0,5.0,PLEASANTON,3547,6831.0,2004.0,117.0,747,,Active,,,https://www.redfin.com/CA/Pleasanton/2004-W-Lagoon-Rd-94566/home/2110571,MLSListings,ML81930767,N,Y,37.6531662,-121.8997965,2.0,,Central Forced Air (Gas),Central Forced Air,7,8,9,2.0,747.0,2601203.0,18737.0,63,Bikeable,20,Car-dependent,Minimal,Extreme,Moderate,Minimal,"Places2 groceries, 20 restaurants, 14 parksTransit10R, 53, 54, 601, 602, 603, 604, 606, 607, 608, 609, 8, 92X, ACE, ACETrain","Sep 4, 2023",Relisted (Active)MLSListings #ML81930767,NA,https://www.redfin.com/CA/Pleasanton/2004-W-Lagoon-Rd-94566/home/2110571,Public Utilities,20,Minimal transit,"Aug 22, 2023",NA,ContingentMLSListings #ML81930767,"Jun 5, 2023",Listed (Active)MLSListings #ML81930767,2650000.0,,,,,,,,,,2.0,Attached Garage,,"Dining Area, Formal Dining Room",,,,,,,,,,,,,,,,,,,
MLS Listing,,Vacant Land,8272 Sassafras Ct,Pleasanton,CA,94566,1800000,,,OAK TREE FARMS,1863028,1863028.0,,122.0,1,,Active,,,https://www.redfin.com/CA/Pleasanton/8272-Sassafras-Ct-94566/home/22962946,"bridgeMLS, Bay East AOR, or Contra Costa AOR",41028732,N,Y,37.6262187,-121.8865453,,,,,7,8,9,2.5,1.0,1600089.0,12727.0,9,Somewhat bikeable,0,Car-dependent,Minimal,Major,Moderate,Minimal,"Places3 groceries, 18 restaurants, 10 parksTransit10R, 53, 54, 601, 602, 605, 606, 607, 608, 609, 611, 8, 92X, ACE, ACETrain","Sep 27, 2023","Price ChangedbridgeMLS, Bay East AOR, or Contra Costa AOR #41028732",1800000.0,https://www.redfin.com/CA/Pleasanton/8272-Sassafras-Ct-94566/home/22962946,"Electricity Connected, Natural Gas Connected, Water Connected, Sewer Not Available",0,Minimal transit,"May 31, 2023",2300000.0,"Listed (New)bridgeMLS, Bay East AOR, or Contra Costa AOR #41028732",,,,,,,,,,,,,,,,,,,,,,,,,,,,,,,,,,,
MLS Listing,,Vacant Land,3984 Foothill Rd,Pleasanton,CA,94588,3800000,,,Pleasanton,1829084,1829084.0,,134.0,2,,Active,,,https://www.redfin.com/CA/Pleasanton/3984-Foothill-Rd-94588/home/22691781,"bridgeMLS, Bay East AOR, or Contra Costa AOR",41027961,N,Y,37.664252,-121.923273,,,,,8,8,9,2.0,2.0,3224161.0,26868.0,8,Somewhat bikeable,4,Car-dependent,Minimal,Moderate,Moderate,Minimal,"Places2 groceries, 22 restaurants, 16 parksTransit14, 3, 53, 54, 602, 603, 604, 607, 609, 8","May 19, 2023","Listed (New)bridgeMLS, Bay East AOR, or Contra Costa AOR #41027961",3800000.0,https://www.redfin.com/CA/Pleasanton/3984-Foothill-Rd-94588/home/22691781,No Water/Sewer,,,,,,,,,,,,,,,,,,,,,,,,,,,,,,,,,,,,,,,,
MLS Listing,,Condo/Co-op,4016 Windsor Way,Dublin,CA,94568,1180000,3.0,3.5,WALLISRANCH,1962,,2017.0,163.0,601,390.0,Active,,,https://www.redfin.com/CA/Dublin/4016-Windsor-Way-94568/home/143832412,"bridgeMLS, Bay East AOR, or Contra Costa AOR",41024824,N,Y,37.7353048,-121.8730681,2.0,Vinyl,Zoned,"Zoned, Whole House Fan",10,9,8,2.5,601.0,1166232.0,8733.0,32,Somewhat bikeable,2,Car-dependent,Minimal,Extreme,Moderate,Minimal,"Places3 groceries, 24 restaurants, 13 parksTransit1, 10R, 150, 2, 3, 30R, 335, 35, 501, 502, 503, 504, 54, 604, 605, 610, 635","Apr 20, 2023","Listed (New)bridgeMLS, Bay East AOR, or Contra Costa AOR #41024824",1180000.0,https://www.redfin.com/CA/Dublin/4016-Windsor-Way-94568/home/143832412,,,,"Oct 23, 2017",NA,"PendingbridgeMLS, Bay East AOR, or Contra Costa AOR #40797382","Sep 16, 2017","Listed (New)bridgeMLS, Bay East AOR, or Contra Costa AOR #40797382",808256.0,,,,,,,,,,,,,,,,,,,,,,,,,,,,,,,,
MLS Listing,,Vacant Land,5201 Camino Tassajara,Pleasanton,CA,94588,1500000,,,Pleasanton,223027,223027.0,,171.0,7,,Active,,,https://www.redfin.com/CA/San-Ramon/5201-Camino-Tassajara-94588/home/1706926,"bridgeMLS, Bay East AOR, or Contra Costa AOR",41023906,N,Y,37.79323,-121.863053,,,,,9,9,10,2.5,7.0,,10606.0,29,Somewhat bikeable,7,Car-dependent,Minimal,Extreme,Moderate,Minimal,"Places2 groceries, 8 restaurants, 15 parksTransit1, 2, 335, 35, 501, 504, 622, 623, 635","Sep 12, 2023","Price ChangedbridgeMLS, Bay East AOR, or Contra Costa AOR #41023906",1500000.0,https://www.redfin.com/CA/San-Ramon/5201-Camino-Tassajara-94588/home/1706926,Other On Site,,,"Jul 29, 2023",1650000.0,"Price ChangedbridgeMLS, Bay East AOR, or Contra Costa AOR #41023906","Jun 22, 2023","Price ChangedbridgeMLS, Bay East AOR, or Contra Costa AOR #41023906",1780000.0,"Apr 12, 2023","Listed (New)bridgeMLS, Bay East AOR, or Contra Costa AOR #41023906",1900000.0,,,,,,,,,,,,,,,,,,,,,,,,,,,,,
MLS Listing,,Vacant Land,0 Santos Ranch Rd,Pleasanton,CA,94588,4500000,,,Pleasanton,731808,731808.0,,190.0,6,,Active,,,https://www.redfin.com/CA/Pleasanton/Santos-Ranch-Rd-94588/home/184807673,"bridgeMLS, Bay East AOR, or Contra Costa AOR",41021216,N,Y,37.661405,-121.926825,,,,,8,8,9,2.5,6.0,4023468.0,31818.0,8,Somewhat bikeable,0,Car-dependent,Minimal,Major,Moderate,Minimal,"Places2 groceries, 23 restaurants, 16 parksTransit14, 3, 53, 54, 602, 603, 604, 607, 609, 8, Blue-N, Blue-S","Mar 24, 2023","Listed (New)bridgeMLS, Bay East AOR, or Contra Costa AOR #41021216",4500000.0,https://www.redfin.com/CA/Pleasanton/Santos-Ranch-Rd-94588/home/184807673,Other Water/Sewer,10,Minimal transit,,,,,,,,,,,,,,,,,,,,,,,,,,,,,,,,,,,,,,
MLS Listing,,Single Family Residential,9767 Santos Ranch Rd,Pleasanton,CA,94588,7950000,5.0,5.5,SANTOS RANCH,6500,435600.0,2010.0,192.0,1223,,Active,,,https://www.redfin.com/CA/Pleasanton/9767-Santos-Ranch-Rd-94588/home/28696601,"bridgeMLS, Bay East AOR, or Contra Costa AOR",41021217,N,Y,37.6693539,-121.9326894,4.0,"Carpet, Hardwood, Tile",Zoned,Zoned,8,8,9,2.5,1223.0,7454252.0,56211.0,8,Somewhat bikeable,0,Car-dependent,Minimal,Moderate,Minor,Minimal,"Places2 groceries, 23 restaurants, 12 parksTransit3, 30R, 503, 53, 54, 602, 603, 604, 607, 609, 8, Blue-N, Blue-S","Jul 31, 2023","Price ChangedbridgeMLS, Bay East AOR, or Contra Costa AOR #41021217",7950000.0,https://www.redfin.com/CA/Pleasanton/9767-Santos-Ranch-Rd-94588/home/28696601,"Propane Tank Leased, Individual Electric Meter",,,"Mar 22, 2023",8950000.0,"Listed (New)bridgeMLS, Bay East AOR, or Contra Costa AOR #41021217",,,,,,,,,,,,,,,,,,,,,,,,,,,,,,,,,,,
MLS Listing,,Vacant Land,968 Happy Valley Rd,Pleasanton,CA,94566,1298000,,,Pleasanton,45259,45259.0,,221.0,29,,Active,,,https://www.redfin.com/CA/Pleasanton/968-Happy-Valley-Rd-94566/home/22670945,"bridgeMLS, Bay East AOR, or Contra Costa AOR",41019745,N,Y,37.6331309,-121.8717155,,,,,7,8,9,2.25,29.0,1179216.0,9178.0,5,Somewhat bikeable,7,Car-dependent,Severe,Extreme,Moderate,Minimal,"Places2 groceries, 24 restaurants, 7 parksTransit10R, 53, 54, 601, 602, 605, 606, 607, 608, 609, 611, 8, 92X, ACE, ACETrain","Jun 7, 2023","Price ChangedbridgeMLS, Bay East AOR, or Contra Costa AOR #41019745",1298000.0,https://www.redfin.com/CA/Pleasanton/968-Happy-Valley-Rd-94566/home/22670945,"Electricity Connected, Sewer On Site, Water Connected",,,"Feb 21, 2023",1350000.0,"Listed (New)bridgeMLS, Bay East AOR, or Contra Costa AOR #41019745",,,,,,,,,,,,,,,,,,,,,,,,,,,,,,,,,,,
MLS Listing,,Mobile/Manufactured Home,"3263 Vineyard Ave., #192 #192",Pleasanton,CA,94566,199000,2.0,2.0,VINEYARD ESTATES,1040,,,294.0,191,,Active,,,https://www.redfin.com/CA/Pleasanton/3263-Vineyard-Ave-94566/unit-192/home/1242742,"bridgeMLS, Bay East AOR, or Contra Costa AOR",41015570,N,Y,37.6649862,-121.851844,,"Carpet, Laminate, Vinyl",Forced Air,"Ceiling Fan(s), Central Air",9,8,9,2.5,191.0,192369.0,1407.0,61,Bikeable,60,Somewhat walkable,NA,NA,NA,NA,"Places3 groceries, 11 restaurants, 8 parksTransit10R, 14, 53, 54, 601, 602, 604, 605, 606, 608, 610, 611, 8, 92X, ACE, ACETrain","Aug 3, 2023","Price ChangedbridgeMLS, Bay East AOR, or Contra Costa AOR #41015570",199000.0,https://www.redfin.com/CA/Pleasanton/3263-Vineyard-Ave-94566/unit-192/home/1242742,,32,Some transit,"Jun 1, 2023",228888.0,"Price ChangedbridgeMLS, Bay East AOR, or Contra Costa AOR #41015570","Mar 31, 2023","Price ChangedbridgeMLS, Bay East AOR, or Contra Costa AOR #41015570",239000.0,"Dec 10, 2022","Listed (New)bridgeMLS, Bay East AOR, or Contra Costa AOR #41015570",259000.0,"Oct 5, 2015","PendingbridgeMLS, Bay East AOR, or Contra Costa AOR #40709530",NA,"Sep 9, 2015","Price ChangedbridgeMLS, Bay East AOR, or Contra Costa AOR #40709530",189000.0,,,,,,,,,"Jul 30, 2015","Listed (New)bridgeMLS, Bay East AOR, or Contra Costa AOR #40709530",195000.0,,,,,,,,,,,,
MLS Listing,,Single Family Residential,7400 Johnston Rd,Danville,CA,94588,4100000,4.0,6.5,DANVILLE,7500,229126.0,1996.0,425.0,547,,Active,,,https://www.redfin.com/CA/Pleasanton/7400-Johnston-Rd-94588/home/1857058,"bridgeMLS, Bay East AOR, or Contra Costa AOR",40998582,N,Y,37.790132,-121.828843,9.0,"Tile, Carpet",Zoned,"Ceiling Fan(s), Zoned",9,9,10,2.5,547.0,3886537.0,28990.0,,,6,Car-dependent,Minimal,Extreme,Moderate,Minimal,"Places0 groceries, 9 restaurants, 21 parksTransit1, 2, 30R, 335, 35, 501, 502, 504, 623, 635","Sep 14, 2023","Relisted (Active)bridgeMLS, Bay East AOR, or Contra Costa AOR #40998582",NA,https://www.redfin.com/CA/Pleasanton/7400-Johnston-Rd-94588/home/1857058,Other Water/Sewer,,,"Aug 25, 2023",NA,"ContingentbridgeMLS, Bay East AOR, or Contra Costa AOR #40998582","Aug 16, 2023","Price ChangedbridgeMLS, Bay East AOR, or Contra Costa AOR #40998582",4100000.0,"Jun 21, 2023","Relisted (Back On Market)bridgeMLS, Bay East AOR, or Contra Costa AOR #40998582",NA,"Jun 1, 2023","Pending (Pending - Show for Backups)bridgeMLS, Bay East AOR, or Contra Costa AOR #40998582",NA,"May 10, 2023","Price ChangedbridgeMLS, Bay East AOR, or Contra Costa AOR #40998582",4350000.0,,,,,,,,,"Jan 21, 2023","Price ChangedbridgeMLS, Bay East AOR, or Contra Costa AOR #40998582",4750000.0,"Jul 12, 2022","Listed (New)bridgeMLS, Bay East AOR, or Contra Costa AOR #40998582",4995000.0,"Nov 15, 2013","PendingbridgeMLS, Bay East AOR, or Contra Costa AOR #40629235",NA,"Oct 15, 2013","ContingentbridgeMLS, Bay East AOR, or Contra Costa AOR #40629235",NA,"Aug 27, 2013","Listed (New)bridgeMLS, Bay East AOR, or Contra Costa AOR #40629235",3100000.0
New Construction Home,,Single Family Residential,2163 Shadow Creek Ct,Pleasanton,CA,94566,3859326,5.0,5.5,Diamond Canyon,4035,,2023.0,45.0,956,,Active,,,https://www.redfin.com/CA/Pleasanton/2163-Shadow-Creek-Ct-94566/home/186662672,NewHomeSource.com,2513030,N,Y,37.6454301,-121.8632436,,,,,9,8,9,,956.0,3467311.0,27288.0,5,Somewhat bikeable,6,Car-dependent,Minimal,Extreme,Moderate,Minimal,"Places4 groceries, 23 restaurants, 5 parksTransit10R, 14, 53, 54, 601, 602, 605, 606, 608, 609, 611, 8, 92X, ACE, ACETrain",,,,https://www.redfin.com/CA/Pleasanton/2163-Shadow-Creek-Ct-94566/home/186662672,,15,Minimal transit,,,,,,,,,,,,,,,,2.0,,,,,,,,,,,,,,,,,,,,,,
New Construction Plan,,Single Family Residential,Dresden,Pleasanton,CA,94566,4024995,5.0,5.5,Diamond Canyon,4598,,,,875,,Active,,,https://www.redfin.com/CA/Pleasanton/Diamond-Canyon/Dresden/home/179949602,NewHomeSource.com,Plan-241947536,N,Y,37.6455411,-121.8658008,,,,,9,8,9,,875.0,,28459.0,8,Somewhat bikeable,12,Car-dependent,Minimal,Extreme,Moderate,Minimal,"Places4 groceries, 26 restaurants, 5 parksTransit10R, 53, 54, 601, 602, 605, 606, 607, 608, 609, 611, 8, 92X, ACE, ACETrain",,,,https://www.redfin.com/CA/Pleasanton/Diamond-Canyon/Dresden/home/179949602,,14,Minimal transit,,,,,,,,,,,,,,,,2.0,,,,,,,,,,,,,,,,,,,,,,
New Construction Plan,,Single Family Residential,Regent,Pleasanton,CA,94566,3924995,5.0,5.5,Diamond Canyon,4327,,,,907,,Active,,,https://www.redfin.com/CA/Pleasanton/Diamond-Canyon/Regent/home/179949603,NewHomeSource.com,Plan-241947535,N,Y,37.6455411,-121.8658008,,,,,9,8,9,,907.0,,27752.0,8,Somewhat bikeable,12,Car-dependent,Minimal,Extreme,Moderate,Minimal,"Places4 groceries, 26 restaurants, 5 parksTransit10R, 53, 54, 601, 602, 605, 606, 607, 608, 609, 611, 8, 92X, ACE, ACETrain",,,,https://www.redfin.com/CA/Pleasanton/Diamond-Canyon/Regent/home/179949603,,14,Minimal transit,,,,,,,,,,,,,,,,2.0,,,,,,,,,,,,,,,,,,,,,,
New Construction Plan,,Single Family Residential,Fortuna,Pleasanton,CA,94566,3494995,5.0,5.5,Diamond Canyon,4035,,,,866,,Active,,,https://www.redfin.com/CA/Pleasanton/Diamond-Canyon/Fortuna/home/179949604,NewHomeSource.com,Plan-241947534,N,Y,37.6455411,-121.8658008,,,,,9,8,9,,866.0,,24712.0,8,Somewhat bikeable,12,Car-dependent,Minimal,Extreme,Moderate,Minimal,"Places4 groceries, 26 restaurants, 5 parksTransit10R, 53, 54, 601, 602, 605, 606, 607, 608, 609, 611, 8, 92X, ACE, ACETrain",,,,https://www.redfin.com/CA/Pleasanton/Diamond-Canyon/Fortuna/home/179949604,,14,Minimal transit,,,,,,,,,,,,,,,,2.0,,,,,,,,,,,,,,,,,,,,,,
