SALE TYPE,SOLD DATE,PROPERTY TYPE,ADDRESS,CITY,STATE OR PROVINCE,ZIP OR POSTAL CODE,PRICE,BEDS,BATHS,LOCATION,SQUARE FEET,LOT SIZE,YEAR BUILT,DAYS ON MARKET,$/SQUARE FEET,HOA/MONTH,STATUS,NEXT OPEN HOUSE START TIME,NEXT OPEN HOUSE END TIME,URL,SOURCE,MLS#,FAVORITE,INTERESTED,LATITUDE,LONGITUDE,HAS_GARAGE,NUM_STORIES,ELEMENTARY_SCHOOL_RATING,MIDDLE_SCHOOL_RATING,HIGH_SCHOOL_RATING,BUYER_AGENCY_COMPENSATION,PRICE_PR_SQFT,REDFIN_ESTIMATE,EST_MONTHLY_PAY,Bike Score,Bike Score_type,Walk Score,Walk Score_type,Transit Score,Transit Score_type,Flood Factor,Fire Factor,Heat Factor,Wind Factor,OVERALL_NEARBY_PLACES,PRICE_HISTORY1_EVENT_DATE,PRICE_HISTORY1_EVENT_TYPE,PRICE_HISTORY1_PRICE,PRICE_HISTORY2_EVENT_DATE,PRICE_HISTORY2_EVENT_TYPE,PRICE_HISTORY2_PRICE,PRICE_HISTORY3_EVENT_DATE,PRICE_HISTORY3_EVENT_TYPE,PRICE_HISTORY3_PRICE,url,PRICE_HISTORY4_EVENT_DATE,PRICE_HISTORY4_EVENT_TYPE,PRICE_HISTORY4_PRICE,PRICE_HISTORY5_EVENT_DATE,PRICE_HISTORY5_EVENT_TYPE,PRICE_HISTORY5_PRICE,PRICE_HISTORY6_EVENT_DATE,PRICE_HISTORY6_PRICE,PRICE_HISTORY7_EVENT_DATE,PRICE_HISTORY7_PRICE,PRICE_HISTORY6_EVENT_TYPE,PRICE_HISTORY7_EVENT_TYPE,PRICE_HISTORY8_EVENT_DATE,PRICE_HISTORY8_EVENT_TYPE,PRICE_HISTORY8_PRICE,FLOORING_FEATURES,COOLING_FEATURES,UTILITIES,PRICE_HISTORY9_EVENT_DATE,PRICE_HISTORY9_EVENT_TYPE,PRICE_HISTORY9_PRICE,PRICE_HISTORY10_EVENT_DATE,PRICE_HISTORY10_EVENT_TYPE,PRICE_HISTORY10_PRICE,PRICE_HISTORY11_EVENT_DATE,PRICE_HISTORY11_EVENT_TYPE,PRICE_HISTORY11_PRICE,PRICE_HISTORY12_EVENT_DATE,PRICE_HISTORY12_PRICE,PRICE_HISTORY13_EVENT_DATE,PRICE_HISTORY13_PRICE,PRICE_HISTORY12_EVENT_TYPE,PRICE_HISTORY13_EVENT_TYPE,PRICE_HISTORY14_EVENT_DATE,PRICE_HISTORY14_EVENT_TYPE,PRICE_HISTORY14_PRICE,PRICE_HISTORY15_EVENT_DATE,PRICE_HISTORY15_EVENT_TYPE,PRICE_HISTORY15_PRICE,PRICE_HISTORY16_EVENT_DATE,PRICE_HISTORY16_EVENT_TYPE,PRICE_HISTORY16_PRICE,PRICE_HISTORY17_EVENT_DATE,PRICE_HISTORY17_PRICE
MLS Listing,,Single Family Residential,527 W 36th St,San Pedro,CA,90731,1598000,4.0,3.0,181 - Point Fermin,3498.0,6402.0,1989.0,2,457.0,,Active,,,https://www.redfin.com/CA/San-Pedro/527-W-36th-St-90731/home/7696655,CRMLS,SB23179186,N,Y,33.7112558,-118.2886337,2.0,1.0,7,4,5,2.0,457.0,1585192.0,11299.0,53,Bikeable,66,Somewhat walkable,29,Some transit,Minimal,Minimal,Moderate,Minimal,"Places5 groceries, 23 restaurants, 13 parksTransit205, 225, 246, 550, Green, Orange","Sep 29, 2023",Listed (Active)CRMLS #SB23179186,1598000.0,"May 27, 2020",Contingent (Active Under Contract)CRMLS #SB20097728,NA,"May 21, 2020",Listed (Active)CRMLS #SB20097728,1149000.0,https://www.redfin.com/CA/San-Pedro/527-W-36th-St-90731/home/7696655,,,,,,,,,,,,,,,,,,,,,,,,,,,,,,,,,,,,,,,,,,,,
MLS Listing,,Vacant Land,561 E Opp St,Wilmington,CA,90744,350000,,,196 - East Wilmington,,5926.0,,3,,,Active,,,https://www.redfin.com/CA/Wilmington/561-E-Opp-St-90744/home/7679577,CRMLS,SB23178856,N,Y,33.7833026,-118.255513,,,NA,NA,3,2.0,,350075.0,2475.0,85,Very bikeable,74,Very walkable,42,Some transit,Minimal,Minimal,Moderate,Minimal,"Places9 groceries, 32 restaurants, 2 parksTransit232, 246","Sep 28, 2023",Listed (Active)CRMLS #SB23178856,350000.0,,,,,,,https://www.redfin.com/CA/Wilmington/561-E-Opp-St-90744/home/7679577,,,,,,,,,,,,,,,,,,,,,,,,,,,,,,,,,,,,,,,,,,,,
MLS Listing,,Condo/Co-op,4111 W Sunset Blvd #311,Los Angeles,CA,90029,934500,2.0,2.0,671 - Silver Lake,1320.0,43933.0,2007.0,3,708.0,770.0,Active,,,https://www.redfin.com/CA/Los-Angeles/4111-W-Sunset-Blvd-90029/unit-311/home/21921312,CRMLS,PW23179595,N,Y,34.093818,-118.281232,2.0,2.0,4,6,7,2.0,708.0,941399.0,7377.0,73,Very bikeable,95,Walker's paradise,64,Good transit,Major,Major,Major,Minimal,"Places4 groceries, 37 restaurants, 3 parksTransit10/48, 180, 182, 2, 204, 206, 217, 4, 754","Sep 28, 2023",Listed (Active)CRMLS #PW23179595,934500.0,,,,,,,https://www.redfin.com/CA/Los-Angeles/4111-W-Sunset-Blvd-90029/unit-311/home/21921312,,,,,,,,,,,,,,,,,,,,,,,,,,,,,,,,,,,,,,,,,,,,
MLS Listing,,Single Family Residential,17434 Covello St,Lake Balboa,CA,91406,999000,4.0,3.0,LKBL - Lake Balboa,1716.0,5600.0,1950.0,3,582.0,,Active,,,https://www.redfin.com/CA/Van-Nuys/17434-Covello-St-91406/home/4326833,CRMLS,BB23179719,N,Y,34.2073659,-118.5131081,1.0,1.0,5,4,6,2.0,582.0,1010070.0,7064.0,51,Bikeable,78,Very walkable,38,Some transit,Minimal,Moderate,Major,Minimal,"Places8 groceries, 30 restaurants, 2 parksTransit152, 162, 165, 169, 236, 236/235, 237",,,,,,,,,,https://www.redfin.com/CA/Van-Nuys/17434-Covello-St-91406/home/4326833,,,,,,,,,,,,,,,,,,,,,,,,,,,,,,,,,,,,,,,,,,,,
MLS Listing,,Single Family Residential,3160 Plumas St,Los Angeles,CA,90065,959900,2.0,1.0,623 - Glassel Park,1004.0,3072.0,1927.0,4,956.0,,Active,,,https://www.redfin.com/CA/Los-Angeles/3160-Plumas-St-90065/home/7176968,CRMLS,OC23180211,N,Y,34.1354996,-118.2331382,2.0,1.0,8,NA,NA,2.0,956.0,,6787.0,37,Somewhat bikeable,70,Very walkable,47,Some transit,Minimal,Severe,Major,Minimal,"Places11 groceries, 25 restaurants, 4 parksTransit180, 182, 251, 4, 6, 81, 90","Sep 27, 2023",Listed (Active)CRMLS #OC23180211,959900.0,"Oct 20, 2016",Listing RemovedCRMLS #P0-316008996,NA,"Sep 22, 2016",,NA,https://www.redfin.com/CA/Los-Angeles/3160-Plumas-St-90065/home/7176968,,,,,,,,,,,,,,,,,,,,,,,,,,,,,,,,,,,,,,,,,,,,
MLS Listing,,Single Family Residential,227 N Avenue 50,Los Angeles,CA,90042,899999,2.0,2.0,632 - Highland Park,864.0,2166.0,1922.0,6,1042.0,,Active,,,https://www.redfin.com/CA/Los-Angeles/227-N-Avenue-50-90042/home/7076724,CRMLS,PF23176854,N,Y,34.1069034,-118.2033363,,1.0,4,NA,NA,2.0,1042.0,945039.0,6364.0,62,Bikeable,84,Very walkable,54,Good transit,Minimal,Moderate,Major,Minimal,"Places7 groceries, 25 restaurants, 4 parksTransit182, 256, 81","Sep 25, 2023",Listed (Active)CRMLS #PF23176854,899999.0,,,,,,,https://www.redfin.com/CA/Los-Angeles/227-N-Avenue-50-90042/home/7076724,,,,,,,,,,,,,,,,,,,,,,,,,,,,,,,,,,,,,,,,,,,,
MLS Listing,,Multi-Family (2-4 Unit),2339 Birkdale St,Los Angeles,CA,90031,1200000,8.0,4.0,671 - Silver Lake,3150.0,4835.0,1963.0,6,381.0,,Active,,,https://www.redfin.com/CA/Los-Angeles/2339-Birkdale-St-90031/home/7069467,CRMLS,BB23177969,N,Y,34.0923859,-118.2393562,1.0,2.0,6,4,7,2.0,381.0,1196876.0,8485.0,59,Bikeable,43,Car-dependent,46,Some transit,Minimal,Moderate,Major,Minimal,"Places4 groceries, 21 restaurants, 12 parksTransit251, 603, 81, 90, 92, 94, 96, Dodger Stadium Express, South Bay Dodger Stadium Express","Sep 25, 2023",Listed (Active)CRMLS #BB23177969,1200000.0,"Sep 24, 2023",Listing RemovedCRMLS #BB23088866,NA,"May 25, 2023",,NA,https://www.redfin.com/CA/Los-Angeles/2339-Birkdale-St-90031/home/7069467,,,,,,,,,,,,,,,,,,,,,,,,,,,,,,,,,,,,,,,,,,,,
MLS Listing,,Townhouse,1221 N Sycamore Ave #3,Los Angeles,CA,90038,769000,2.0,3.0,C20 - Hollywood,918.0,11659.0,1985.0,9,838.0,350.0,Active,,,https://www.redfin.com/CA/Los-Angeles/1221-N-Sycamore-Ave-90038/unit-3/home/7107266,CRMLS,PF23178081,N,Y,34.0932247,-118.3431357,2.0,1.0,7,4,5,2.0,838.0,770932.0,5787.0,64,Bikeable,95,Walker's paradise,64,Good transit,Minimal,Moderate,Major,Minimal,"Places6 groceries, 21 restaurants, 1 parkTransit10/48, 2, 212, 217, 224, 224/690, 4","Sep 22, 2023",Listed (Active)CRMLS #PF23178081,769000.0,"Sep 22, 2023",Listing RemovedCRMLS #BB23167363,NA,"Sep 8, 2023",,NA,https://www.redfin.com/CA/Los-Angeles/1221-N-Sycamore-Ave-90038/unit-3/home/7107266,,,,,,,,,,,,,,,,,,,,,,,,,,,,,,,,,,,,,,,,,,,,
MLS Listing,,Condo/Co-op,700 Main St #4,Venice,CA,90291,1435000,1.0,2.0,C11 - Venice,1430.0,26073.0,2008.0,11,1003.0,709.0,Active,,,https://www.redfin.com/CA/Venice/700-Main-St-90291/unit-4/home/17224405,CRMLS,SB23176402,N,Y,33.9936962,-118.475054,2.0,2.0,5,6,6,2.5,1003.0,1434976.0,10855.0,100,/100Biker's paradise,96,Walker's paradise,53,Good transit,Moderate,Minimal,Major,Minimal,"Places4 groceries, 26 restaurants, 3 parksTransit1, 108, 18, 3, 33, 8, CC 1, R3","Sep 20, 2023",Listed (Active)CRMLS #SB23176402,1435000.0,"Sep 20, 2023",Listing RemovedCRMLS #SB23087595,NA,"Aug 26, 2023",,NA,https://www.redfin.com/CA/Venice/700-Main-St-90291/unit-4/home/17224405,"Aug 8, 2023",Relisted (Active)CRMLS #SB23087595,NA,"Aug 7, 2023",Contingent (Active Under Contract)CRMLS #SB23087595,NA,"Jun 17, 2023",NA,"May 22, 2023",NA,,,,,,,,,,,,,,,,,,,,,,,,,,,,,,,,,,
MLS Listing,,Single Family Residential,20729 Mopena Way,Porter Ranch,CA,91326,1299000,4.0,2.5,PORA - Porter Ranch,2449.0,7164.0,2005.0,12,530.0,291.0,Active,,,https://www.redfin.com/CA/Porter-Ranch/20729-Mopena-Way-91326/home/8175506,CRMLS,PF23173298,N,Y,34.2822814,-118.5845443,3.0,2.0,NA,NA,5,2.5,530.0,1277234.0,9476.0,14,Somewhat bikeable,10,Car-dependent,0,Minimal transit,Minimal,Severe,Major,Minimal,"Places6 groceries, 26 restaurants, 10 parksTransit10, 150, 158, 166, 167, 242/243, 244","Sep 19, 2023",Listed (Active)CRMLS #PF23173298,1299000.0,"Sep 14, 2022",Pending (Pending Sale)CRMLS #SR22127605,NA,"Aug 19, 2022",Contingent (Active Under Contract)CRMLS #SR22127605,NA,https://www.redfin.com/CA/Porter-Ranch/20729-Mopena-Way-91326/home/8175506,"Jul 5, 2022",Price ChangedCRMLS #SR22127605,1250000.0,"Jun 15, 2022",Listed (Active)CRMLS #SR22127605,1299999.0,,,,,,,,,,,,,,,,,,,,,,,,,,,,,,,,,,,,,,
MLS Listing,,Single Family Residential,7708 Stanford Ave,Los Angeles,CA,90001,510000,2.0,1.0,C37 - Metropolitan South,784.0,1536.0,1930.0,12,651.0,,Active,,,https://www.redfin.com/CA/Los-Angeles/7708-Stanford-Ave-90001/home/7285292,CRMLS,SB23174501,N,Y,33.968965,-118.2627958,1.0,1.0,3,2,1,2.0,651.0,520777.0,3606.0,63,Bikeable,62,Somewhat walkable,61,Good transit,Moderate,Minor,Major,Minimal,"Places6 groceries, 27 restaurants, 0 parksTransit10/48, 102, 111, 115, 51, 53","Sep 19, 2023",Listed (Active)CRMLS #SB23174501,510000.0,"Jun 27, 2023",Listing RemovedCRMLS #SB23048613,NA,"Mar 27, 2023",,NA,https://www.redfin.com/CA/Los-Angeles/7708-Stanford-Ave-90001/home/7285292,,,,,,,,,,,,,,,,,,,,,,,,,,,,,,,,,,,,,,,,,,,,
MLS Listing,,Condo/Co-op,320 S Ardmore Ave #102,Los Angeles,CA,90020,390000,1.0,1.0,C17 - Mid-Wilshire,566.0,43933.0,1973.0,12,689.0,431.0,Active,,,https://www.redfin.com/CA/Los-Angeles/320-S-Ardmore-Ave-90020/unit-102/home/7089165,CRMLS,PF23172773,N,Y,34.068297,-118.3011248,1.0,3.0,6,4,4,2.0,689.0,388767.0,3189.0,63,Bikeable,92,Walker's paradise,79,Excellent transit,Minimal,Moderate,Major,Minimal,"Places5 groceries, 39 restaurants, 0 parksTransit14/37, 16, 18, 20, 204, 206, 207, 210, 66, 720, 754","Sep 19, 2023",Listed (Active)CRMLS #PF23172773,390000.0,"Aug 15, 2023",Listing RemovedCRMLS #SR23089968,NA,"May 23, 2023",,NA,https://www.redfin.com/CA/Los-Angeles/320-S-Ardmore-Ave-90020/unit-102/home/7089165,,,,,,,,,,,,,,,,,,,,,,,,,,,,,,,,,,,,,,,,,,,,
MLS Listing,,Single Family Residential,10710 Belmar Ave,Porter Ranch,CA,91326,1800000,5.0,3.5,PORA - Porter Ranch,3350.0,16565.0,1968.0,16,537.0,,Active,,,https://www.redfin.com/CA/Porter-Ranch/10710-Belmar-Ave-91326/home/5780418,CRMLS,BB23170600,N,Y,34.2648811,-118.5587782,3.0,2.0,8,8,NA,2.5,537.0,,12727.0,18,Somewhat bikeable,20,Car-dependent,30,Some transit,Minimal,Moderate,Major,Minimal,"Places4 groceries, 25 restaurants, 4 parksTransit158, 166, 167, 240, 242/243, 244","Sep 15, 2023",Listed (Active)CRMLS #BB23170600,1800000.0,"Mar 1, 2023",Listing RemovedTheMLS #22-221977,NA,"Feb 22, 2023",,NA,https://www.redfin.com/CA/Porter-Ranch/10710-Belmar-Ave-91326/home/5780418,"Dec 1, 2022",,NA,,,,,,,,,,,,,,,,,,,,,,,,,,,,,,,,,,,,,,,,,
MLS Listing,,Single Family Residential,6315 Belmar Ave,Tarzana,CA,91335,1290000,4.0,3.0,TAR - Tarzana,2050.0,7144.0,1956.0,16,629.0,,Active,,,https://www.redfin.com/CA/Tarzana/6315-Belmar-Ave-91335/home/3912345,CRMLS,BB23170991,N,Y,34.1851109,-118.5585032,,1.0,5,7,4,2.5,629.0,1276305.0,9121.0,75,Very bikeable,56,Somewhat walkable,49,Some transit,Minimal,Moderate,Major,Minimal,"Places5 groceries, 25 restaurants, 2 parksTransit150, 162, 164, 165, 242/243","Sep 15, 2023",Listed (Active)CRMLS #BB23170991,1290000.0,"Jul 28, 2009",Contingent (Backup Offers Accepted)CRMLS #F1814575,NA,"Jul 20, 2009",Listed (Active)CRMLS #F1814575,459000.0,https://www.redfin.com/CA/Tarzana/6315-Belmar-Ave-91335/home/3912345,,,,,,,,,,,,,,,,,,,,,,,,,,,,,,,,,,,,,,,,,,,,
MLS Listing,,Townhouse,2753 Waverly Dr #705,Los Angeles,CA,90039,1100000,2.0,3.0,671 - Silver Lake,1243.0,19785.0,2016.0,17,885.0,370.0,Active,,,https://www.redfin.com/CA/Los-Angeles/2753-Waverly-Dr-90039/unit-705/home/110239017,CRMLS,BB23170164,N,Y,34.1090163,-118.2627807,2.0,3.0,8,6,7,2.5,885.0,1112831.0,8148.0,59,Bikeable,81,Very walkable,46,Some transit,Minimal,Severe,Major,Minimal,"Places6 groceries, 22 restaurants, 3 parksTransit1, 11, 12, 180, 182, 2, 603, 90, 92, 94, 96, Route 1","Sep 14, 2023",Listed (Active)CRMLS #BB23170164,1100000.0,"Feb 10, 2021",Listing RemovedTheMLS #21-691634,NA,"Feb 9, 2021",,NA,https://www.redfin.com/CA/Los-Angeles/2753-Waverly-Dr-90039/unit-705/home/110239017,,,,,,,,,,,,,,,,,,,,,,,,,,,,,,,,,,,,,,,,,,,,
MLS Listing,,Single Family Residential,6219 Auckland Ave,North Hollywood,CA,91606,869000,4.0,3.0,NHO - North Hollywood,1937.0,6499.0,1939.0,17,449.0,,Active,,,https://www.redfin.com/CA/North-Hollywood/6219-Auckland-Ave-91606/home/5288042,CRMLS,PF23172327,N,Y,34.1836536,-118.3607927,,1.0,4,NA,1,2.5,449.0,922389.0,6144.0,68,Bikeable,78,Very walkable,42,Some transit,Minimal,Moderate,Major,Minimal,"Places4 groceries, 22 restaurants, 5 parksTransit154, 162, 164, 165, 169, 222, 294, 90, 94, Route 1","Sep 27, 2023",Relisted (Active)CRMLS #PF23172327,NA,"Sep 24, 2023",Contingent (Active Under Contract)CRMLS #PF23172327,NA,"Sep 14, 2023",Listed (Active)CRMLS #PF23172327,869000.0,https://www.redfin.com/CA/North-Hollywood/6219-Auckland-Ave-91606/home/5288042,"May 26, 2011",PendingCRMLS #F11027572,NA,"Apr 22, 2011",Relisted (Active)CRMLS #F11027572,NA,"Apr 22, 2011",398900.0,"Apr 15, 2011",NA,Price ChangedCRMLS #F11027572,Delisted (Hold)CRMLS #F11027572,"Mar 3, 2011",Listed (Active)CRMLS #F11027572,424800.0,,,,,,,,,,,,,,,,,,,,,,,,,,,,,
MLS Listing,,Condo/Co-op,2399 Silver Lake Blvd #19,Los Angeles,CA,90039,825000,1.0,1.5,671 - Silver Lake,1040.0,42131.0,2005.0,17,793.0,472.0,Active,,,https://www.redfin.com/CA/Los-Angeles/2399-Silver-Lake-Blvd-90039/unit-19/home/17229116,CRMLS,BB23166446,N,Y,34.1010996,-118.2594682,2.0,1.0,8,6,7,2.5,793.0,825528.0,6305.0,46,Somewhat bikeable,83,Very walkable,44,Some transit,Severe,Major,Major,Minimal,"Places7 groceries, 21 restaurants, 6 parksTransit180, 182, 603, 90, 92, 94, 96","Sep 14, 2023",Relisted (Active)CRMLS #BB23166446,NA,"Sep 8, 2023",Listed (Active)CRMLS #BB23166446,825000.0,"Sep 16, 2013",Pending (Backup Offers Accepted)TheMLS #13-684201,NA,https://www.redfin.com/CA/Los-Angeles/2399-Silver-Lake-Blvd-90039/unit-19/home/17229116,"Jun 29, 2013",Listed (Active)TheMLS #13-684201,499000.0,,,,,,,,,,,,,,,,,,,,,,,,,,,,,,,,,,,,,,,,,
MLS Listing,,Multi-Family (2-4 Unit),742 E 78th St,Los Angeles,CA,90001,690000,5.0,3.0,699 - Not Defined,1718.0,5976.0,1956.0,18,402.0,,Active,,,https://www.redfin.com/CA/Los-Angeles/742-E-78th-St-90001/home/7285428,CRMLS,SW23170111,N,Y,33.9682539,-118.261472,1.0,1.0,3,2,1,2.0,402.0,688989.0,4879.0,63,Bikeable,64,Somewhat walkable,61,Good transit,Minimal,Minimal,Major,Minimal,"Places8 groceries, 28 restaurants, 0 parksTransit10/48, 102, 111, 115, 51, 53","Sep 13, 2023",Listed (Active)CRMLS #SW23170111,690000.0,,,,,,,https://www.redfin.com/CA/Los-Angeles/742-E-78th-St-90001/home/7285428,,,,,,,,,,,,,,,,,,,,,,,,,,,,,,,,,,,,,,,,,,,,
MLS Listing,,Single Family Residential,8458 Hooper Ave Ave,Los Angeles,CA,90001,659999,4.0,3.0,Los Angeles,1376.0,3977.0,1925.0,22,480.0,,Active,,,https://www.redfin.com/CA/Los-Angeles/8458-Hooper-Ave-90001/home/7288206,CRMLS,P1-15011,N,Y,33.9617692,-118.2537372,2.0,,6,2,1,2.0,480.0,665758.0,4667.0,59,Bikeable,77,Very walkable,59,Good transit,Minimal,Minimal,Major,Minimal,"Places11 groceries, 26 restaurants, 2 parksTransit102, 111, 115, 51, 53, 55","Sep 9, 2023",Listed (Active)CRMLS #P1-15011,659999.0,"Sep 1, 2020",Listing RemovedSDMLS #302579339,NA,,,,https://www.redfin.com/CA/Los-Angeles/8458-Hooper-Ave-90001/home/7288206,,,,,,,,,,,,,,,,,,,,,,,,,,,,,,,,,,,,,,,,,,,,
MLS Listing,,Single Family Residential,9626 Sunland Blvd,Shadow Hills,CA,91040,1399000,2.0,1.0,672 - Shadow Hills,1244.0,167719.0,1947.0,24,1125.0,,Active,,,https://www.redfin.com/CA/Shadow-Hills/9626-Sunland-Blvd-91040/home/5494270,CRMLS,BB23166340,N,Y,34.2459367,-118.3596898,2.0,1.0,3,3,6,2.5,1125.0,1396225.0,9892.0,20,Somewhat bikeable,30,Car-dependent,30,Some transit,Minimal,Severe,Major,Minimal,"Places6 groceries, 21 restaurants, 3 parksTransit166, 169, 222, 224, 224/690, 294, 690, 90, 92","Sep 7, 2023",Listed (Active)CRMLS #BB23166340,1399000.0,,,,,,,https://www.redfin.com/CA/Shadow-Hills/9626-Sunland-Blvd-91040/home/5494270,,,,,,,,,,,,,,,,,,,,,,,,,,,,,,,,,,,,,,,,,,,,
MLS Listing,,Multi-Family (2-4 Unit),35 Buccaneer St,Marina Del Rey,CA,90292,2595000,7.0,5.0,Marina Del Rey,3156.0,3080.0,1964.0,32,822.0,,Active,,,https://www.redfin.com/CA/Marina-del-Rey/35-Buccaneer-St-90292/home/6733326,TheMLS,23-306021,N,Y,33.978708,-118.4651596,,,8,3,6,2.0,822.0,2162896.0,18348.0,80,Very bikeable,82,Very walkable,50,Good transit,Minimal,Minimal,Major,Minimal,"Places2 groceries, 24 restaurants, 6 parksTransit1, 108, 18, 33, CC 1","Aug 30, 2023",Listed (Active)TheMLS #23-306021,2595000.0,"Oct 10, 2019",PendingTheMLS #19-510888,NA,"Sep 13, 2019",Listed (Active)TheMLS #19-510888,1950000.0,https://www.redfin.com/CA/Marina-del-Rey/35-Buccaneer-St-90292/home/6733326,,,,,,,,,,,,,,,,,,,,,,,,,,,,,,,,,,,,,,,,,,,,
MLS Listing,,Single Family Residential,1633 N Beverly Dr,Beverly Hills,CA,90210,2925000,2.0,2.5,C02 - Beverly Hills Post Office,1978.0,8530.0,1936.0,32,1479.0,,Active,,,https://www.redfin.com/CA/Beverly-Hills/1633-N-Beverly-Dr-90210/home/6823540,CRMLS,SB23162677,N,Y,34.1003739,-118.4157831,2.0,1.0,9,6,5,2.5,1479.0,2854819.0,20682.0,1,Somewhat bikeable,10,Car-dependent,0,Minimal transit,Severe,Major,Major,Minimal,"Places1 grocery, 17 restaurants, 16 parksTransit10/48, 105, 16, 17, 2, 20, 233, 4, 617, 720, 761","Aug 30, 2023",Listing RemovedCRMLS #SB23109606,NA,"Jul 14, 2023",,NA,"Jun 21, 2023",,NA,https://www.redfin.com/CA/Beverly-Hills/1633-N-Beverly-Dr-90210/home/6823540,"Aug 30, 2023",Listed (Active)CRMLS #SB23162677,2925000.0,,,,,,,,,,,,,,,,,,,,,,,,,,,,,,,,,,,,,,,,,
MLS Listing,,Single Family Residential,22641 Macfarlane Dr,Woodland Hills,CA,91364,2150000,6.0,3.5,,3803.0,17052.0,1955.0,36,565.0,,Active,,,https://www.redfin.com/CA/Woodland-Hills/22641-Macfarlane-Dr-91364/home/3556992,SDMLS,230016276,N,Y,34.1630039,-118.6197626,,,7,7,NA,2.0,565.0,,15202.0,26,Somewhat bikeable,44,Car-dependent,35,Some transit,Minimal,Moderate,Moderate,Minimal,"Places1 grocery, 21 restaurants, 1 parkTransit150, 161, 162, 164, 165, 169, 244, 601","Sep 15, 2023",Price ChangedSDMLS #230016276,2150000.0,"Aug 31, 2023",Price ChangedSDMLS #230016276,2250000.0,"Aug 31, 2023",Relisted (Active)SDMLS #230016276,NA,https://www.redfin.com/CA/Woodland-Hills/22641-Macfarlane-Dr-91364/home/3556992,"Aug 30, 2023",PendingSDMLS #230016276,NA,"Aug 25, 2023",Listed (Active)SDMLS #230016276,2190000.0,"Aug 21, 2023",2190000.0,,,Coming SoonSDMLS #230016276,,,,,Other (See Remarks),Central Forced Air,Washer Hookup,,,,,,,,,,,,,,,,,,,,,,,,,,
MLS Listing,,Single Family Residential,7282 Woodvale Ct,West Hills,CA,91307,1250000,3.0,3.0,WEH - West Hills,1815.0,1490884.0,1987.0,38,689.0,228.0,Active,,,https://www.redfin.com/CA/West-Hills/7282-Woodvale-Ct-91307/home/3118927,CRMLS,BB23156384,N,Y,34.2026765,-118.6332856,2.0,2.0,7,7,NA,2.5,689.0,1231062.0,9066.0,31,Somewhat bikeable,54,Somewhat walkable,46,Some transit,Minimal,Major,Major,Minimal,"Places3 groceries, 26 restaurants, 2 parksTransit150, 152, 162, 164, 165, 169","Aug 24, 2023",Listed (Active)CRMLS #BB23156384,1250000.0,,,,,,,https://www.redfin.com/CA/West-Hills/7282-Woodvale-Ct-91307/home/3118927,,,,,,,,,,,,,,,,,,,,,,,,,,,,,,,,,,,,,,,,,,,,
MLS Listing,,Condo/Co-op,13045 Pacific Promenade #318,Playa Vista,CA,90094,1098000,2.0,2.0,C39 - Playa Vista,1160.0,71339.0,2007.0,40,947.0,847.0,Active,,,https://www.redfin.com/CA/Playa-Vista/13045-Pacific-Promenade-90094/unit-318/home/21916155,CRMLS,SB23156544,N,Y,33.9726666,-118.4248445,2.0,5.0,7,4,6,2.0,947.0,1082861.0,8611.0,84,Very bikeable,76,Very walkable,44,Some transit,Minimal,Minimal,Major,Minimal,"Places7 groceries, 21 restaurants, 8 parksTransit108, 110, 115, 16, 3, CC 4, CC 7, R3","Aug 22, 2023",Listed (Active)CRMLS #SB23156544,1098000.0,"Jun 10, 2023",Listing RemovedCRMLS #SB23039120,NA,"May 25, 2023",Relisted (Active)CRMLS #SB23039120,NA,https://www.redfin.com/CA/Playa-Vista/13045-Pacific-Promenade-90094/unit-318/home/21916155,"Mar 10, 2023",,NA,,,,,,,,,,,,,,,,,,,,,,,,,,,,,,,,,,,,,,,,,
MLS Listing,,Condo/Co-op,1234 Wilshire Blvd #121,Los Angeles,CA,90017,549500,1.0,1.5,C42 - Downtown L.A.,1130.0,71332.0,2006.0,41,486.0,780.0,Active,,,https://www.redfin.com/CA/Los-Angeles/1234-Wilshire-Blvd-90017/unit-121/home/12291907,CRMLS,PW23154688,N,Y,34.053194,-118.265658,2.0,5.0,2,2,2,2.5,486.0,543920.0,4665.0,62,Bikeable,93,Walker's paradise,97,Rider's paradise,Minimal,Moderate,Major,Minimal,"Places3 groceries, 25 restaurants, 0 parksTransit16, 18, 20, 28, 460, 490, 493, 495, 498, 499, 51, 66, 699, 720, R10","Sep 27, 2023",Price ChangedCRMLS #PW23154688,549500.0,"Aug 21, 2023",Listed (Active)CRMLS #PW23154688,559000.0,"Feb 26, 2018",Pending (Pending Sale)CRMLS #WS18025906,NA,https://www.redfin.com/CA/Los-Angeles/1234-Wilshire-Blvd-90017/unit-121/home/12291907,"Feb 2, 2018",Listed (Active)CRMLS #WS18025906,549999.0,,,,,,,,,,,,,,,,,,,,,,,,,,,,,,,,,,,,,,,,,
MLS Listing,,Condo/Co-op,1525 N Hayworth Ave #302,Los Angeles,CA,90046,1249000,3.0,2.5,C03 - Sunset Strip - Hollywood Hills West,2140.0,21601.0,1959.0,47,584.0,800.0,Active,,,https://www.redfin.com/CA/Los-Angeles/1525-N-Hayworth-Ave-90046/unit-302/home/7116706,CRMLS,SB23143237,N,Y,34.0987217,-118.3632471,2.0,1.0,7,4,5,2.5,584.0,1229868.0,9631.0,55,Bikeable,94,Walker's paradise,53,Good transit,Moderate,Minimal,Major,Minimal,"Places4 groceries, 17 restaurants, 1 parkTransit10/48, 105, 16, 2, 212, 217, 218, 4","Sep 28, 2023",Price ChangedCRMLS #SB23143237,1249000.0,"Sep 6, 2023",Price ChangedCRMLS #SB23143237,1299000.0,"Aug 15, 2023",Listed (Active)CRMLS #SB23143237,1349000.0,https://www.redfin.com/CA/Los-Angeles/1525-N-Hayworth-Ave-90046/unit-302/home/7116706,"Jan 19, 2022",Contingent (Backup Offers Accepted)TheMLS #21-110981,NA,"Jan 5, 2022",Listed (Active)TheMLS #21-110981,1075000.0,,,,,,,,,,,,,,,,,,,,,,,,,,,,,,,,,,,,,,
MLS Listing,,Single Family Residential,12701 Darla Ave,Granada Hills,CA,91344,1620000,6.0,3.5,GH - Granada Hills,2600.0,11235.0,1964.0,48,623.0,,Active,,,https://www.redfin.com/CA/Granada-Hills/12701-Darla-Ave-91344/home/5560122,CRMLS,BB23148813,N,Y,34.3013768,-118.5042553,2.0,1.0,6,8,5,2.5,623.0,1580144.0,11454.0,5,Somewhat bikeable,15,Car-dependent,26,Some transit,Minimal,Severe,Major,Minimal,"Places4 groceries, 18 restaurants, 6 parksTransit158, 224, 224/690, 236, 236/235, 237, 690","Sep 11, 2023",Price ChangedCRMLS #BB23148813,1620000.0,"Aug 14, 2023",Listed (Active)CRMLS #BB23148813,1699000.0,"Jun 28, 2014",Listing RemovedCRMLS #SR13243243,NA,https://www.redfin.com/CA/Granada-Hills/12701-Darla-Ave-91344/home/5560122,"May 16, 2014",Relisted (Active)CRMLS #SR13243243,NA,"Apr 30, 2014",Delisted (Hold)CRMLS #SR13243243,NA,"Dec 6, 2013",NA,,,,,,,,,,,,,,,,,,,,,,,,,,,,,,,,,,,,
MLS Listing,,Condo/Co-op,1971 Rodney Dr #106,Los Feliz,CA,90027,825000,2.0,2.0,637 - Los Feliz,1323.0,15792.0,1974.0,52,624.0,485.0,Active,,,https://www.redfin.com/CA/Los-Angeles/1971-Rodney-Dr-90027/unit-106/home/7134558,CRMLS,BB23143259,N,Y,34.1074854,-118.289326,2.0,3.0,8,6,7,2.5,624.0,817376.0,6318.0,44,Somewhat bikeable,94,Walker's paradise,65,Good transit,Moderate,Severe,Major,Minimal,"Places4 groceries, 35 restaurants, 0 parksTransit180, 182, 2, 204, 206, 217, 754","Sep 15, 2023",Price ChangedCRMLS #BB23143259,825000.0,"Aug 10, 2023",Listed (Active)CRMLS #BB23143259,849000.0,,,,https://www.redfin.com/CA/Los-Angeles/1971-Rodney-Dr-90027/unit-106/home/7134558,,,,,,,,,,,,,,,,,,,,,,,,,,,,,,,,,,,,,,,,,,,,
MLS Listing,,Condo/Co-op,1930 S Beverly Glen Blvd #306,Los Angeles,CA,90025,975000,2.0,3.0,C05 - Westwood - Century City,1418.0,17250.0,1984.0,52,688.0,615.0,Active,,,https://www.redfin.com/CA/Los-Angeles/1930-S-Beverly-Glen-Blvd-90025/unit-306/home/6798440,CRMLS,SB23148024,N,Y,34.0546345,-118.4227406,2.0,3.0,9,4,5,2.0,688.0,959729.0,7509.0,55,Bikeable,71,Very walkable,56,Good transit,Major,Minimal,Major,Minimal,"Places3 groceries, 41 restaurants, 0 parksTransit20, 28, 4, 5, 7, CC 3","Sep 22, 2023",Price ChangedCRMLS #SB23148024,975000.0,"Aug 10, 2023",Listed (Active)CRMLS #SB23148024,1000000.0,"Apr 23, 2019",Contingent (Backup Offers Accepted)TheMLS #19-453310,NA,https://www.redfin.com/CA/Los-Angeles/1930-S-Beverly-Glen-Blvd-90025/unit-306/home/6798440,"Apr 9, 2019",Listed (Active)TheMLS #19-453310,799000.0,,,,,,,,,,,,,,,,,,,,,,,,,,,,,,,,,,,,,,,,,
MLS Listing,,Condo/Co-op,4239 Via Arbolada #210,Los Angeles,CA,90042,599000,2.0,2.0,676 - Monterey Hills,1023.0,162131.0,1982.0,52,586.0,676.0,Active,,,https://www.redfin.com/CA/Los-Angeles/4239-Via-Arbolada-90042/unit-210/home/6999079,CRMLS,PF23147414,N,Y,34.0964337,-118.188294,2.0,1.0,6,NA,5,2.5,586.0,598779.0,4911.0,31,Somewhat bikeable,5,Car-dependent,22,Minimal transit,Minimal,Moderate,Major,Minimal,"Places3 groceries, 28 restaurants, 7 parksTransit179, 182, 256, 665, 78, 81","Aug 10, 2023",Listed (Active)CRMLS #PF23147414,599000.0,"Jul 25, 2023",Listing RemovedCRMLS #PF23099453,NA,"Jun 9, 2023",,NA,https://www.redfin.com/CA/Los-Angeles/4239-Via-Arbolada-90042/unit-210/home/6999079,,,,,,,,,,,,,,,,,,,,,,,,,,,,,,,,,,,,,,,,,,,,
MLS Listing,,Vacant Land,5154 Faris Ln,Woodland Hills,CA,91364,2700000,,,WHLL - Woodland Hills,,31046.0,,65,,,Active,,,https://www.redfin.com/CA/Woodland-Hills/5154-Faris-LN-91364/home/185654561,CRMLS,BB23137770,N,Y,34.163712089,-118.6206169,,,7,7,NA,2.25,,,19091.0,29,Somewhat bikeable,60,Somewhat walkable,36,Some transit,Minimal,Moderate,Moderate,Minimal,"Places1 grocery, 21 restaurants, 1 parkTransit150, 161, 162, 164, 165, 169","Sep 22, 2023",Price ChangedCRMLS #BB23137770,2700000.0,"Jul 28, 2023",Listed (Active)CRMLS #BB23137770,3100000.0,,,,https://www.redfin.com/CA/Woodland-Hills/5154-Faris-LN-91364/home/185654561,,,,,,,,,,,,,,,,,,,,,,,,,,,,,,,,,,,,,,,,,,,,
MLS Listing,,Vacant Land,833 N Brannick Ave,Los Angeles,CA,90063,299999,,,BOYH - Boyle Heights,,10322.0,,65,,,Active,,,https://www.redfin.com/CA/Los-Angeles/833-N-Brannick-Ave-90063/home/22584754,CRMLS,PF23138880,N,Y,34.0461338,-118.1783012,,,4,5,2,2.0,,285557.0,2121.0,27,Somewhat bikeable,75,Very walkable,49,Some transit,Minimal,Moderate,Major,Minimal,"Places10 groceries, 33 restaurants, 2 parksTransit106, 258, 665, 70","Jul 28, 2023",Listed (Active)CRMLS #PF23138880,299999.0,"Oct 25, 2005",Listing RemovedCRMLS #R57242,NA,"Oct 10, 2005",,NA,https://www.redfin.com/CA/Los-Angeles/833-N-Brannick-Ave-90063/home/22584754,,,,,,,,,,,,,,,,,,,,,,,,,,,,,,,,,,,,,,,,,,,,
MLS Listing,,Vacant Land,1 Basil Ln,Bel Air,CA,90049,25000,,,C04 - Bel Air - Holmby Hills,,2556.0,,75,,,Active,,,https://www.redfin.com/CA/Bel-Air/1-Basil-LN-90049/home/184160341,CRMLS,SR23132650,N,Y,34.108929,-118.444382,,,9,6,5,2.0,,23678.0,177.0,2,Somewhat bikeable,7,Car-dependent,0,Minimal transit,Minimal,Moderate,Moderate,Minimal,"Places4 groceries, 19 restaurants, 18 parksTransit1, 155, 158, 17, 18, 2, 233, 240, 405, 602, 761, 8, CC 6, CC 6R, R12, Route 1","Jul 25, 2023",Price ChangedCRMLS #SR23132650,25000.0,"Jul 18, 2023",Listed (Active)CRMLS #SR23132650,29000.0,"Jul 6, 2023",Listing RemovedCRMLS #SR23020380,NA,https://www.redfin.com/CA/Bel-Air/1-Basil-LN-90049/home/184160341,"Apr 6, 2023",,NA,"Feb 6, 2023",,NA,,,,,,,,,,,,,,,,,,,,,,,,,,,,,,,,,,,,,,
MLS Listing,,Condo/Co-op,4239 Via Arbolada #114,Los Angeles,CA,90042,605000,2.0,2.0,676 - Monterey Hills,1023.0,162131.0,1982.0,75,591.0,676.0,Active,,,https://www.redfin.com/CA/Los-Angeles/4239-Via-Arbolada-90042/unit-114/home/6999071,CRMLS,PF23132015,N,Y,34.0964337,-118.188294,2.0,1.0,6,NA,5,2.5,591.0,604608.0,4954.0,31,Somewhat bikeable,5,Car-dependent,22,Minimal transit,Minimal,Moderate,Major,Minimal,"Places3 groceries, 28 restaurants, 7 parksTransit179, 182, 256, 665, 78, 81","Jul 18, 2023",Listed (Active)CRMLS #PF23132015,605000.0,"Jul 13, 2023",Listing RemovedCRMLS #PF23101790,NA,"Jun 14, 2023",,NA,https://www.redfin.com/CA/Los-Angeles/4239-Via-Arbolada-90042/unit-114/home/6999071,,,,,,,,,,,,,,,,,,,,,,,,,,,,,,,,,,,,,,,,,,,,
MLS Listing,,Single Family Residential,765 Mccarthy Vis,Los Angeles,CA,90048,2395000,3.0,2.5,Beverly Center-Miracle Mile,2629.0,9214.0,1933.0,76,911.0,,Active,,,https://www.redfin.com/CA/Los-Angeles/765-McCarthy-Vis-90048/home/6915570,TheMLS,23-291449,N,Y,34.06199718,-118.3673555,2.0,,7,6,4,2.5,911.0,2331510.0,16934.0,63,Bikeable,92,Walker's paradise,63,Good transit,Minimal,Minimal,Major,Minimal,"Places1 grocery, 29 restaurants, 0 parksTransit105, 14/37, 16, 20, 217, 218, 28, 7, 720, R7","Sep 14, 2023",Price ChangedTheMLS #23-291449,2395000.0,"Jul 17, 2023",Listed (Active)TheMLS #23-291449,2495000.0,"Jan 31, 2011",PendingTheMLS #11-501303,NA,https://www.redfin.com/CA/Los-Angeles/765-McCarthy-Vis-90048/home/6915570,"Jan 19, 2011",,NA,,,,,,,,,,,,,,,,,,,,,,,,,,,,,,,,,,,,,,,,,
MLS Listing,,Townhouse,8025 Redlands St #1,Playa Del Rey,CA,90293,924000,4.0,2.5,C31 - Playa Del Rey,1428.0,34889.0,1970.0,79,647.0,390.0,Active,,,https://www.redfin.com/CA/Venice/8025-Redlands-St-90293/unit-1/home/6627200,CRMLS,SB23124425,N,Y,33.9580346,-118.4346953,2.0,2.0,5,4,4,2.0,647.0,913840.0,6923.0,55,Bikeable,66,Somewhat walkable,39,Some transit,Minimal,Minimal,Major,Minimal,"Places2 groceries, 26 restaurants, 4 parksTransit108, 110, 115, 16, 3, CC 4, CC 7, R3","Sep 19, 2023",Price ChangedCRMLS #SB23124425,924000.0,"Sep 4, 2023",Price ChangedCRMLS #SB23124425,938000.0,"Aug 15, 2023",Price ChangedCRMLS #SB23124425,948000.0,https://www.redfin.com/CA/Venice/8025-Redlands-St-90293/unit-1/home/6627200,"Jul 14, 2023",Listed (Active)CRMLS #SB23124425,958000.0,"Dec 14, 2016",Pending (Backup Offers Accepted)TheMLS #16-182264,NA,"Nov 22, 2016",662500.0,,,Listed (Active)TheMLS #16-182264,,,,,,,,,,,,,,,,,,,,,,,,,,,,,,,,,
MLS Listing,,Single Family Residential,611 Mildred Ave,Venice,CA,90291,2875000,4.0,3.5,C11 - Venice,2878.0,8001.0,1981.0,82,999.0,,Active,,,https://www.redfin.com/CA/Venice/611-Mildred-Ave-90291/home/6734972,CRMLS,SB23119283,N,Y,33.9872163,-118.4640185,2.0,2.0,8,6,6,2.5,999.0,2759038.0,20328.0,97,Biker's paradise,91,Walker's paradise,56,Good transit,Moderate,Minimal,Major,Minimal,"Places4 groceries, 28 restaurants, 1 parkTransit1, 108, 18, 3, 33, CC 1, CC 2, CC 5, R3","Aug 26, 2023",Price ChangedCRMLS #SB23119283,2875000.0,"Jul 11, 2023",Listed (Active)CRMLS #SB23119283,2900000.0,"Jul 14, 2016",PendingTheMLS #16-104574,NA,https://www.redfin.com/CA/Venice/611-Mildred-Ave-90291/home/6734972,"Jun 28, 2016",Pending (Backup Offers Accepted)TheMLS #16-104574,NA,"May 15, 2016",Pending (Backup Offers Accepted)TheMLS #16-104574,NA,"May 14, 2016",NA,"May 12, 2016",NA,Delisted (Hold)TheMLS #16-104574,Relisted (Active)TheMLS #16-104574,"May 2, 2016",Pending (Backup Offers Accepted)TheMLS #16-104574,NA,,,,"Apr 18, 2016",Listed (Active)TheMLS #16-104574,1695000.0,,,,,,,,,,,,,,,,,,,,,,,
MLS Listing,,Condo/Co-op,1424 Brett Pl #252,San Pedro,CA,90732,489000,1.0,1.0,193 - San Pedro - North,864.0,176055.0,1987.0,100,566.0,595.0,Active,,,https://www.redfin.com/CA/San-Pedro/1424-Brett-Pl-90732/unit-252/home/7686718,CRMLS,SB23110287,N,Y,33.7572558,-118.306171,2.0,3.0,7,9,5,2.0,566.0,483005.0,4053.0,32,Somewhat bikeable,54,Somewhat walkable,33,Some transit,Minimal,Minimal,Moderate,Minimal,"Places6 groceries, 34 restaurants, 2 parksTransit205, 225, 246, 550, Green, Orange","Aug 5, 2023",Price ChangedCRMLS #SB23110287,489000.0,"Jun 23, 2023",Listed (Active)CRMLS #SB23110287,492000.0,"Jul 5, 2021",Pending (Pending Sale)CRMLS #OC21113580,NA,https://www.redfin.com/CA/San-Pedro/1424-Brett-Pl-90732/unit-252/home/7686718,"Jun 15, 2021",Contingent (Active Under Contract)CRMLS #OC21113580,NA,"Jun 10, 2021",Listed (Active)CRMLS #OC21113580,419000.0,"May 26, 2021",419000.0,,,Coming SoonCRMLS #OC21113580,,,,,,,,,,,,,,,,,,,,,,,,,,,,,,,,,
MLS Listing,,Single Family Residential,2630 Cullen St,Los Angeles,CA,90034,1949000,6.0,3.0,C16 - Mid Los Angeles,3040.0,6000.0,1947.0,109,641.0,,Active,,,https://www.redfin.com/CA/Los-Angeles/2630-Cullen-St-90034/home/6901731,CRMLS,SB23102239,N,Y,34.033186,-118.3769469,,1.0,5,6,5,2.5,641.0,1876222.0,13781.0,82,Very bikeable,85,Very walkable,66,Good transit,Severe,Minimal,Major,Minimal,"Places3 groceries, 30 restaurants, 4 parksTransit105, 14/37, 17, 217, 33, 35/38, 617, CC 1, CC 1C1, CC 4, CC 5, CC 5C1, CC 7","Aug 17, 2023",Price ChangedCRMLS #SB23102239,1949000.0,"Jun 14, 2023",Listed (Active)CRMLS #SB23102239,1999999.0,"Jun 7, 2019",Listing RemovedTheMLS #19-475664,NA,https://www.redfin.com/CA/Los-Angeles/2630-Cullen-St-90034/home/6901731,"Jun 6, 2019",ListedTheMLS #19-475664,1199000.0,,,,,,,,,,,,,,,,,,,,,,,,,,,,,,,,,,,,,,,,,
MLS Listing,,Condo/Co-op,4239 Via Arbolada #201,Los Angeles,CA,90042,585000,2.0,2.0,676 - Monterey Hills,1023.0,162131.0,1982.0,110,572.0,676.0,Active,,,https://www.redfin.com/CA/Los-Angeles/4239-Via-Arbolada-90042/unit-201/home/6999072,CRMLS,BB23102005,N,Y,34.0964337,-118.188294,2.0,3.0,6,NA,5,2.0,572.0,578345.0,4812.0,31,Somewhat bikeable,5,Car-dependent,22,Minimal transit,Minimal,Moderate,Major,Minimal,"Places3 groceries, 28 restaurants, 7 parksTransit179, 182, 256, 665, 78, 81","Aug 25, 2023",Price ChangedCRMLS #BB23102005,585000.0,"Jun 23, 2023",Price ChangedCRMLS #BB23102005,609000.0,"Jun 13, 2023",Listed (Active)CRMLS #BB23102005,579000.0,https://www.redfin.com/CA/Los-Angeles/4239-Via-Arbolada-90042/unit-201/home/6999072,"May 13, 2021",Pending (Pending Sale)CRMLS #P1-4133,NA,"Apr 22, 2021",Contingent (Active Under Contract)CRMLS #P1-4133,NA,"Apr 9, 2021",499000.0,,,Listed (Active)CRMLS #P1-4133,,,,,,,,,,,,,,,,,,,,,,,,,,,,,,,,,
MLS Listing,,Single Family Residential,23705 Maidstone Pl,Harbor City,CA,90710,1148000,4.0,2.5,124 - Harbor City,2002.0,6102.0,1971.0,122,573.0,,Active,,,https://www.redfin.com/CA/Harbor-City/23705-Maidstone-Pl-90710/home/7682374,CRMLS,SB23092468,N,Y,33.8104735,-118.305714,2.0,1.0,5,6,5,2.0,573.0,,8117.0,52,Bikeable,61,Somewhat walkable,36,Some transit,Minimal,Minimal,Moderate,Minimal,"Places3 groceries, 27 restaurants, 3 parksTransit2, 205, 550","Sep 15, 2023",Price ChangedCRMLS #SB23092468,1148000.0,"Jun 1, 2023",Listed (Active)CRMLS #SB23092468,1149000.0,"Feb 8, 2023",Listing RemovedCRMLS #OC23005013,NA,https://www.redfin.com/CA/Harbor-City/23705-Maidstone-Pl-90710/home/7682374,"Jan 11, 2023",,NA,,,,,,,,,,,,,,,,,,,,,,,,,,,,,,,,,,,,,,,,,
MLS Listing,,Condo/Co-op,1900 Vine St #101,Los Angeles,CA,90068,624900,2.0,2.0,C20 - Hollywood,1204.0,47983.0,1980.0,145,519.0,594.0,Active,,,https://www.redfin.com/CA/Los-Angeles/1900-Vine-St-90068/unit-101/home/7130992,CRMLS,PF23080066,N,Y,34.1062544,-118.3263756,2.0,1.0,5,4,5,3.0,519.0,623980.0,5012.0,45,Somewhat bikeable,85,Very walkable,68,Good transit,Minimal,Severe,Major,Minimal,"Places1 grocery, 32 restaurants, 0 parksTransit180, 2, 207, 210, 212, 217, 222, 224, 224/690","Sep 20, 2023",Price ChangedCRMLS #PF23080066,624900.0,"Jul 13, 2023",Price ChangedCRMLS #PF23080066,635000.0,"May 9, 2023",Listed (Active)CRMLS #PF23080066,649000.0,https://www.redfin.com/CA/Los-Angeles/1900-Vine-St-90068/unit-101/home/7130992,"Jan 31, 2023",Listing RemovedCRMLS #BB22139903,NA,"Oct 17, 2022",,NA,"Jun 27, 2022",NA,,,,,,,,,,,,,,,,,,,,,,,,,,,,,,,,,,,,
MLS Listing,,Multi-Family (2-4 Unit),5348 W 57th St,Los Angeles,CA,90056,1799999,6.0,6.0,Ladera Heights,3966.0,7339.0,1955.0,1,454.0,,Active,,,https://www.redfin.com/CA/Los-Angeles/5348-W-57th-St-90056/home/6718789,TheMLS,22-164349,N,Y,33.9889686,-118.3748916,,,NA,NA,2,2.5,454.0,1705636.0,12727.0,37,Somewhat bikeable,54,Somewhat walkable,,,Minimal,Minimal,Major,Minimal,"Places3 groceries, 32 restaurants, 2 parksTransit102, 108, 110, 212, CC 2, CC 3, CC 5C2","Sep 8, 2023",Relisted (Active)TheMLS #22-164349,NA,"Aug 29, 2023",Relisted (Active)TheMLS #22-164349,NA,"Jun 1, 2023",Relisted (Active)TheMLS #22-164349,NA,https://www.redfin.com/CA/Los-Angeles/5348-W-57th-St-90056/home/6718789,"Sep 16, 2022",Listing RemovedTheMLS #22-164349,NA,"Sep 16, 2022",Listing RemovedTheMLS #22-164349,NA,"Sep 16, 2022",NA,"Aug 23, 2022",NA,Listing RemovedTheMLS #22-164349,Relisted (Active)TheMLS #22-164349,"Aug 17, 2022",Listing RemovedTheMLS #22-164349,NA,,,,"Aug 3, 2022",Price ChangedTheMLS #22-164349,2199999.0,"Jun 3, 2022",Listed (Active)TheMLS #22-164349,2499000.0,"Jan 29, 2022",Listing RemovedTheMLS #21-104593,NA,"Jan 7, 2022",NA,,,,,,,,,,,,,,,
MLS Listing,,Condo/Co-op,15050 Victory Blvd #103,Van Nuys,CA,91411,460000,2.0,2.0,East Van Nuys,1193.0,66280.0,1977.0,1,386.0,366.0,Active,,,https://www.redfin.com/CA/Van-Nuys/15050-Victory-Blvd-91411/unit-103/home/4662670,TheMLS,22-125715,N,Y,34.1864705,-118.4608954,,,3,4,6,2.0,386.0,,3618.0,66,Bikeable,78,Very walkable,57,Good transit,Minimal,Minimal,Major,Minimal,"Places4 groceries, 36 restaurants, 1 parkTransit154, 164, 165, 233, 234, 237, 761","Sep 5, 2023",Relisted (Active)TheMLS #22-125715,NA,"May 16, 2023",Listing RemovedTheMLS #22-125715,NA,"Mar 16, 2023",Relisted (Active)TheMLS #22-125715,NA,https://www.redfin.com/CA/Van-Nuys/15050-Victory-Blvd-91411/unit-103/home/4662670,"Mar 2, 2023",Relisted (Active)TheMLS #22-125715,NA,"May 25, 2022",Listing RemovedTheMLS #22-125715,NA,"Mar 22, 2022",460000.0,"Feb 7, 2022",420000.0,Price ChangedTheMLS #22-125715,Listed (Active)TheMLS #22-125715,"Nov 17, 2021",Listing RemovedTheMLS #21-798912,NA,,,,"Oct 25, 2021",,NA,,,,,,,,,,,,,,,,,,,,,,,
MLS Listing,,Condo/Co-op,11578 Iowa Ave #101,Los Angeles,CA,90025,1299000,3.0,3.5,West L.A.,1990.0,6476.0,2006.0,1,653.0,945.0,Active,October-3-2023 11:00 AM,October-3-2023 02:00 PM,https://www.redfin.com/CA/Los-Angeles/11578-Iowa-Ave-90025/unit-101/home/12286823,TheMLS,23-273459,N,Y,34.0423962,-118.4517904,2.0,,6,4,5,2.5,653.0,1281686.0,10130.0,82,Very bikeable,76,Very walkable,60,Good transit,Extreme,Minimal,Major,Minimal,"Places3 groceries, 39 restaurants, 3 parksTransit1, 14, 15, 17, 2, 20, 4, 5, 7, 720, CC 6, CC 6R, R10","Sep 29, 2023",Relisted (Active)TheMLS #23-273459,NA,"Sep 28, 2023",Relisted (Active)TheMLS #23-273459,NA,"Sep 27, 2023",Relisted (Active)TheMLS #23-273459,NA,https://www.redfin.com/CA/Los-Angeles/11578-Iowa-Ave-90025/unit-101/home/12286823,"Sep 27, 2023",Listing RemovedTheMLS #23-273459,NA,"Jul 24, 2023",Listing RemovedTheMLS #23-273459,NA,"Apr 4, 2013",NA,"Mar 12, 2013",NA,PendingTheMLS #13-646973,Pending (Backup Offers Accepted)TheMLS #13-646973,"Mar 5, 2013",Price ChangedTheMLS #13-646973,839000.0,,,,"Feb 25, 2013",Relisted (Active)TheMLS #13-646973,NA,"Feb 18, 2013",Pending (Backup Offers Accepted)TheMLS #13-646973,NA,"Jan 23, 2013",Listed (Active)TheMLS #13-646973,849000.0,,,,,,,,,,,,,,,,,
MLS Listing,,Single Family Residential,17021 Lassen St,Northridge,CA,91325,1099900,4.0,3.0,NR - Northridge,2952.0,7877.0,1987.0,1,373.0,,Active,,,https://www.redfin.com/CA/Northridge/17021-Lassen-St-91325/home/5755096,CRMLS,SR23181879,N,Y,34.2505305,-118.5032062,2.0,2.0,6,6,5,2.0,373.0,,7777.0,40,Somewhat bikeable,62,Somewhat walkable,32,Some transit,Minimal,Moderate,Major,Minimal,"Places2 groceries, 32 restaurants, 1 parkTransit158, 166, 167, 236, 236/235, 237","Oct 1, 2023",Listed (Active)CRMLS #SR23181879,1099900.0,"Jun 28, 2023",Listing RemovedCRMLS #SR22147640,NA,"Jun 11, 2023",Relisted (Active)CRMLS #SR22147640,NA,https://www.redfin.com/CA/Northridge/17021-Lassen-St-91325/home/5755096,"May 20, 2023",Relisted (Active)CRMLS #SR22147640,NA,"May 3, 2023",Pending (Pending Sale)CRMLS #SR22147640,NA,"Apr 22, 2023",NA,"Apr 15, 2023",NA,Relisted (Active)CRMLS #SR22147640,Relisted (Active)CRMLS #SR22147640,"Sep 15, 2022",,NA,,,,"Jul 6, 2022",,NA,,,,,,,,,,,,,,,,,,,,,,,
MLS Listing,,Single Family Residential,241 S Beverly Glen Blvd,Los Angeles,CA,90024,8995000,5.0,5.5,Westwood - Century City,5474.0,15793.0,1936.0,1,1643.0,,Active,,,https://www.redfin.com/CA/Los-Angeles/241-S-Beverly-Glen-Blvd-90024/home/6824650,TheMLS,23-313771,N,Y,34.078916,-118.4340452,2.0,,9,6,5,2.5,1643.0,,63600.0,23,Somewhat bikeable,17,Car-dependent,56,Good transit,Minimal,Moderate,Major,Minimal,"Places0 groceries, 22 restaurants, 11 parksTransit1, 17, 18, 2, 20, 233, 405, 602, 720, 761, 8, CC 6, CC 6R, R12, Route 1","Oct 1, 2023",Listed (Active)TheMLS #23-313771,8995000.0,"Apr 10, 2017",PendingTheMLS #17-210998,NA,"Mar 23, 2017",Pending (Backup Offers Accepted)TheMLS #17-210998,NA,https://www.redfin.com/CA/Los-Angeles/241-S-Beverly-Glen-Blvd-90024/home/6824650,"Mar 16, 2017",Listed (Active)TheMLS #17-210998,5095000.0,,,,,,,,,,,,,,,,,,,,,,,,,,,,,,,,,,,,,,,,,
MLS Listing,,Single Family Residential,4346 3rd Ave,Leimert Park,CA,90008,670000,3.0,1.0,LEIM - Leimert Park,1255.0,5439.0,1924.0,1,534.0,,Active,,,https://www.redfin.com/CA/Los-Angeles/4346-3rd-Ave-90008/home/6876048,CRMLS,RS23182976,N,Y,34.004218,-118.3200787,2.0,1.0,3,2,2,2.5,534.0,765207.0,4737.0,56,Bikeable,75,Very walkable,54,Good transit,Minimal,Minimal,Major,Minimal,"Places4 groceries, 15 restaurants, 2 parksTransit102, 105, 207, 209, 210, 40","Oct 1, 2023",Listed (Active)CRMLS #RS23182976,670000.0,"Apr 2, 2009",Listing RemovedTheMLS #07-170563,NA,"Sep 10, 2008",,NA,https://www.redfin.com/CA/Los-Angeles/4346-3rd-Ave-90008/home/6876048,"Jun 26, 2008",,NA,"Jun 26, 2008",RelistedTheMLS #07-170563,NA,"Mar 22, 2008",NA,"Feb 22, 2008",NA,Listing RemovedTheMLS #07-170563,,"Jan 5, 2008",,NA,,,,"Nov 27, 2007",,NA,"Oct 3, 2007",,NA,"Aug 6, 2007",,NA,"Jul 22, 2007",NA,"Mar 22, 2007",NA,,,,,,,,,,,,,
MLS Listing,,Townhouse,21121 Lassen St #6,Chatsworth,CA,91311,549000,2.0,2.5,CHT - Chatsworth,1488.0,107162.0,1983.0,1,369.0,415.0,Active,,,https://www.redfin.com/CA/Chatsworth/21121-Lassen-St-91311/unit-6/home/5838220,CRMLS,SR23183113,N,Y,34.2502479,-118.5939812,2.0,2.0,6,6,NA,2.5,369.0,562617.0,4297.0,71,Very bikeable,72,Very walkable,51,Good transit,Moderate,Severe,Major,Minimal,"Places3 groceries, 23 restaurants, 1 parkTransit10, 150, 158, 166, 167, 242/243, 244","Oct 1, 2023",Listed (Active)CRMLS #SR23183113,549000.0,,,,,,,https://www.redfin.com/CA/Chatsworth/21121-Lassen-St-91311/unit-6/home/5838220,,,,,,,,,,,,,,,,,,,,,,,,,,,,,,,,,,,,,,,,,,,,
MLS Listing,,Single Family Residential,2811 Belden Dr,Los Angeles,CA,90068,4795000,4.0,4.5,Hollywood Hills East,3881.0,9285.0,1995.0,1,1236.0,,Active,October-3-2023 11:00 AM,October-3-2023 02:00 PM,https://www.redfin.com/CA/Los-Angeles/2811-Belden-Dr-90068/home/7129986,TheMLS,23-316743,N,Y,34.1206183,-118.3233873,3.0,,5,4,5,2.5,1236.0,4765990.0,33904.0,38,Somewhat bikeable,46,Car-dependent,31,Some transit,NA,NA,NA,NA,"Places3 groceries, 23 restaurants, 13 parksTransit180, 2, 207, 210, 212, 217, 222, 224, 224/690","Oct 1, 2023",Listed (Active)TheMLS #23-316743,4795000.0,"Jun 3, 2023",Listing RemovedTheMLS #23-246281,NA,"Mar 2, 2023",,NA,https://www.redfin.com/CA/Los-Angeles/2811-Belden-Dr-90068/home/7129986,,,,,,,,,,,,,,,,,,,,,,,,,,,,,,,,,,,,,,,,,,,,
MLS Listing,,Condo/Co-op,717 N Highland Ave #14,Los Angeles,CA,90038,1350000,2.0,2.0,Hollywood,2000.0,32774.0,2005.0,1,675.0,278.0,Active,,,https://www.redfin.com/CA/Los-Angeles/717-N-Highland-Ave-90038/unit-14/home/28913012,TheMLS,23-316797,N,Y,34.0844623,-118.3388438,,,5,4,4,2.5,675.0,1343723.0,9823.0,64,Bikeable,90,Walker's paradise,56,Good transit,Minimal,Moderate,Major,Minimal,"Places0 groceries, 29 restaurants, 0 parksTransit10/48, 14/37, 2, 210, 212, 224, 224/690, 4","Oct 1, 2023",Listed (Active)TheMLS #23-316797,1350000.0,,,,,,,https://www.redfin.com/CA/Los-Angeles/717-N-Highland-Ave-90038/unit-14/home/28913012,,,,,,,,,,,,,,,,,,,,,,,,,,,,,,,,,,,,,,,,,,,,
MLS Listing,,Multi-Family (2-4 Unit),624 W 80th St,Los Angeles,CA,90044,990000,6.0,4.0,C37 - Metropolitan South,2907.0,9299.0,1947.0,1,341.0,,Active,,,https://www.redfin.com/CA/Los-Angeles/624-W-80th-St-90044/home/7291191,CRMLS,SR23183041,N,Y,33.9665384,-118.2850254,,1.0,4,3,1,2.5,341.0,983460.0,7000.0,68,Bikeable,57,Somewhat walkable,64,Good transit,Minimal,Minimal,Major,Minimal,"Places3 groceries, 24 restaurants, 1 parkTransit111, 115, 204, 45, 460, 550, 754, 81, South Bay Dodger Stadium Express","Oct 1, 2023",Listed (Active)CRMLS #SR23183041,990000.0,"Oct 27, 2022",Listing RemovedCRMLS #SR22162546,NA,"Jul 23, 2022",,NA,https://www.redfin.com/CA/Los-Angeles/624-W-80th-St-90044/home/7291191,,,,,,,,,,,,,,,,,,,,,,,,,,,,,,,,,,,,,,,,,,,,
MLS Listing,,Multi-Family (2-4 Unit),935 E 32nd St,Los Angeles,CA,90011,695000,6.0,2.5,C23 - Metropolitan,1681.0,3147.0,1905.0,1,413.0,,Active,,,https://www.redfin.com/CA/Los-Angeles/935-E-32nd-St-90011/home/6925795,CRMLS,RS23183116,N,Y,34.0149412,-118.2592747,,2.0,4,3,3,2.0,413.0,691868.0,4914.0,95,Biker's paradise,76,Very walkable,60,Good transit,Minimal,Moderate,Major,Minimal,"Places5 groceries, 24 restaurants, 3 parksTransit10/48, 102, 105, 51, 53, 55","Oct 1, 2023",Listed (Active)CRMLS #RS23183116,695000.0,"Sep 30, 2023",Listing RemovedCRMLS #RS22245571,NA,"Mar 24, 2023",,NA,https://www.redfin.com/CA/Los-Angeles/935-E-32nd-St-90011/home/6925795,"Mar 24, 2023",Relisted (Active)CRMLS #RS22245571,NA,"Dec 13, 2022",Listing RemovedCRMLS #RS22245571,NA,"Dec 12, 2022",NA,"Dec 1, 2022",NA,,,,,,,,,,,,,,,,,,,,,,,,,,,,,,,,,,
MLS Listing,,Single Family Residential,7911 Hillside Ave,Los Angeles,CA,90046,2275000,3.0,3.5,Sunset Strip - Hollywood Hills West,2300.0,4196.0,1941.0,1,989.0,,Active,October-8-2023 02:00 AM,October-8-2023 04:00 PM,https://www.redfin.com/CA/Los-Angeles/7911-Hillside-Ave-90046/home/7116258,TheMLS,23-316763,N,Y,34.1022907,-118.362059,2.0,,7,4,4,2.5,989.0,2272406.0,16086.0,30,Somewhat bikeable,74,Very walkable,49,Some transit,Minimal,Minor,Major,Minimal,"Places3 groceries, 16 restaurants, 0 parksTransit10/48, 105, 16, 2, 212, 217, 218, 4","Oct 1, 2023",Listed (Active)TheMLS #23-316763,2275000.0,"Aug 26, 2023",Listing RemovedTheMLS #23-276423,NA,"Aug 10, 2023",,NA,https://www.redfin.com/CA/Los-Angeles/7911-Hillside-Ave-90046/home/7116258,"Jul 28, 2023",,NA,"Jul 7, 2023",,NA,"Jun 25, 2023",NA,"Jun 23, 2023",NA,,,"Jun 2, 2023",,NA,,,,,,,,,,,,,,,,,,,,,,,,,,,,,
MLS Listing,,Condo/Co-op,8601 International Ave #277,Canoga Park,CA,91304,380000,2.0,2.0,Canoga Park,883.0,235717.0,1971.0,1,430.0,532.0,Active,,,https://www.redfin.com/CA/Canoga-Park/8601-International-Ave-91304/unit-277/home/5873091,TheMLS,21-769814,N,Y,34.2263732,-118.5999947,,,3,6,5,2.5,430.0,,3219.0,68,Bikeable,53,Somewhat walkable,47,Some transit,Moderate,Severe,Major,Minimal,"Places6 groceries, 29 restaurants, 4 parksTransit10, 150, 152, 166, 167, 169, 244","Oct 1, 2023",Listed (Active)TheMLS #21-769814,380000.0,"Jul 21, 2023",Listing RemovedTheMLS #23-243067,NA,"Jul 5, 2023",,NA,https://www.redfin.com/CA/Canoga-Park/8601-International-Ave-91304/unit-277/home/5873091,"May 12, 2023",,NA,"May 5, 2023",,NA,"Mar 23, 2023",NA,"Mar 23, 2023",NA,,Relisted (Active)TheMLS #23-243067,"Feb 25, 2023",PendingTheMLS #23-243067,NA,,,,"Feb 17, 2023",,NA,,,,,,,,,,,,,,,,,,,,,,,
MLS Listing,,Single Family Residential,5080 Marmol Dr,Woodland Hills,CA,91364,1499000,3.0,2.0,WHLL - Woodland Hills,1815.0,10572.0,1962.0,1,826.0,,Active,,,https://www.redfin.com/CA/Woodland-Hills/5080-Marmol-Dr-91364/home/4173723,CRMLS,SR23179043,N,Y,34.1631115,-118.5906488,1.0,1.0,7,5,7,2.5,826.0,1492201.0,10599.0,39,Somewhat bikeable,48,Car-dependent,42,Some transit,Minimal,Major,Moderate,Minimal,"Places1 grocery, 14 restaurants, 3 parksTransit150, 161, 164, 169, 242/243, 244, 55X, 601","Oct 1, 2023",Listed (Active)CRMLS #SR23179043,1499000.0,"Nov 5, 2022",PendingTheMLS #22-185074,NA,"Sep 8, 2022",Contingent (Backup Offers Accepted)TheMLS #22-185074,NA,https://www.redfin.com/CA/Woodland-Hills/5080-Marmol-Dr-91364/home/4173723,"Aug 22, 2022",Listed (Active)TheMLS #22-185074,1100000.0,,,,,,,,,,,,,,,,,,,,,,,,,,,,,,,,,,,,,,,,,
MLS Listing,,Single Family Residential,13716 W Sunset Blvd,Pacific Palisades,CA,90272,5250000,4.0,5.0,Pacific Palisades,3393.0,15006.0,1952.0,1,1547.0,17.0,Active,October-8-2023 02:00 AM,October-8-2023 05:00 PM,https://www.redfin.com/CA/Pacific-Palisades/13716-W-Sunset-Blvd-90272/home/6839463,TheMLS,23-316577,N,Y,34.0503405,-118.5049716,2.0,,9,8,NA,2.25,1547.0,5238514.0,37138.0,23,Somewhat bikeable,10,Car-dependent,32,Some transit,Minimal,Major,Major,Minimal,"Places4 groceries, 30 restaurants, 7 parksTransit14, 18, 41, 43, 602, 9","Sep 29, 2023",Listed (Active)TheMLS #23-316577,5250000.0,"Nov 23, 2022",Listing RemovedTheMLS #22-186885,NA,"Aug 11, 2022",,NA,https://www.redfin.com/CA/Pacific-Palisades/13716-W-Sunset-Blvd-90272/home/6839463,,,,,,,,,,,,,,,,,,,,,,,,,,,,,,,,,,,,,,,,,,,,
MLS Listing,,Multi-Family (2-4 Unit),1341 W 47th St,Los Angeles,CA,90037,1190000,6.0,5.0,Los Angeles Southwest,2514.0,7387.0,1932.0,1,473.0,,Active,,,https://www.redfin.com/CA/Los-Angeles/1341-W-47th-St-90037/home/6871610,TheMLS,23-316741,N,Y,34.0008867,-118.2994957,,,3,2,2,2.5,473.0,1182860.0,8414.0,59,Bikeable,75,Very walkable,61,Good transit,Minimal,Minimal,Major,Minimal,"Places7 groceries, 19 restaurants, 1 parkTransit105, 204, 206, 207, 40, 754","Oct 1, 2023",Listed (Active)TheMLS #23-316741,1190000.0,"Dec 27, 2018",ListedSDMLS #301750591,416000.0,,,,https://www.redfin.com/CA/Los-Angeles/1341-W-47th-St-90037/home/6871610,,,,,,,,,,,,,,,,,,,,,,,,,,,,,,,,,,,,,,,,,,,,
MLS Listing,,Townhouse,7230 Kelvin Ave #1,Winnetka,CA,91306,545000,2.0,2.5,WIN - Winnetka,1423.0,1423.0,1982.0,1,383.0,360.0,Active,,,https://www.redfin.com/CA/Winnetka/7230-Kelvin-Ave-91306/unit-1/home/3741613,CRMLS,SR23183030,N,Y,34.2020731,-118.5857105,1.0,2.0,5,3,3,2.5,383.0,551617.0,4213.0,62,Bikeable,73,Very walkable,48,Some transit,Major,Moderate,Major,Minimal,"Places5 groceries, 32 restaurants, 2 parksTransit150, 152, 161, 162, 164, 165, 169, 242/243, 244, 55X, 601","Oct 1, 2023",Listed (Active)CRMLS #SR23183030,545000.0,"Dec 3, 2008",Listing RemovedCRMLS #F1791598,NA,"Nov 28, 2008",ListedCRMLS #F1791598,199900.0,https://www.redfin.com/CA/Winnetka/7230-Kelvin-Ave-91306/unit-1/home/3741613,,,,,,,,,,,,,,,,,,,,,,,,,,,,,,,,,,,,,,,,,,,,
MLS Listing,,Condo/Co-op,8515 Falmouth Ave #421,Playa Del Rey,CA,90293,888000,2.0,2.0,Playa Del Rey,1147.0,62893.0,1984.0,1,774.0,470.0,Active,October-3-2023 12:00 PM,October-3-2023 02:00 PM,https://www.redfin.com/CA/Venice/8515-Falmouth-Ave-90293/unit-421/home/6631752,TheMLS,23-305417,N,Y,33.9578635,-118.4377506,,,5,4,4,2.5,774.0,,6749.0,62,Bikeable,73,Very walkable,37,Some transit,Minimal,Minimal,Major,Minimal,"Places2 groceries, 22 restaurants, 11 parksTransit108, 110, 115, 16, 3, CC 4, CC 7, R3","Oct 1, 2023",Relisted (Active)TheMLS #23-305417,NA,"Sep 18, 2023",Listed (Active)TheMLS #23-305417,888000.0,"Jun 1, 2021",Contingent (Backup Offers Accepted)TheMLS #21-734840,NA,https://www.redfin.com/CA/Venice/8515-Falmouth-Ave-90293/unit-421/home/6631752,"May 23, 2021",Listed (Active)TheMLS #21-734840,795000.0,,,,,,,,,,,,,,,,,,,,,,,,,,,,,,,,,,,,,,,,,
MLS Listing,,Vacant Land,12242 Laurel Terrace Dr,Studio City,CA,91604,995000,,,STUD - Studio City,,6000.0,,1,,,Active,,,https://www.redfin.com/CA/Studio-City/12242-Laurel-Terrace-Dr-91604/home/22753584,CRMLS,SR23182935,N,Y,34.1404995,-118.3993542,,,9,6,7,2.5,,997356.0,7035.0,65,Bikeable,70,Very walkable,45,Some transit,Minimal,Minor,Major,Minimal,"Places1 grocery, 25 restaurants, 0 parksTransit155, 167, 218, 224, 224/690, 230, 240","Oct 1, 2023",Listed (Active)CRMLS #SR23182935,995000.0,"May 31, 2021",Listing RemovedCRMLS #SR20043337,NA,"Jan 7, 2021",,NA,https://www.redfin.com/CA/Studio-City/12242-Laurel-Terrace-Dr-91604/home/22753584,"Mar 2, 2020",Relisted (Active)CRMLS #SR20043337,NA,"Feb 27, 2020",,NA,"Feb 27, 2020",NA,,,Listing RemovedCRMLS #SR20043337,,,,,,,,,,,,,,,,,,,,,,,,,,,,,,,,,
MLS Listing,,Single Family Residential,833 W 103rd St,Los Angeles,CA,90044,600000,2.0,1.0,Metropolitan Southwest,956.0,4027.0,1936.0,1,628.0,,Active,October-7-2023 01:00 PM,October-7-2023 03:00 PM,https://www.redfin.com/CA/Los-Angeles/833-W-103rd-St-90044/home/7305760,TheMLS,23-315921,N,Y,33.9432381,-118.2905976,,,2,4,1,2.5,628.0,598234.0,4242.0,69,Bikeable,66,Somewhat walkable,56,Good transit,Minimal,Minimal,Major,Minimal,"Places4 groceries, 15 restaurants, 1 parkTransit117, 120, 2, 204, 206, 45, 754, 81","Oct 1, 2023",Listed (Active)TheMLS #23-315921,600000.0,,,,,,,https://www.redfin.com/CA/Los-Angeles/833-W-103rd-St-90044/home/7305760,,,,,,,,,,,,,,,,,,,,,,,,,,,,,,,,,,,,,,,,,,,,
MLS Listing,,Multi-Family (2-4 Unit),11304 Tiara,North Hollywood,CA,91601,2100000,9.0,3.5,NHO - North Hollywood,4117.0,7001.0,1964.0,1,510.0,,Active,,,https://www.redfin.com/CA/North-Hollywood/11304-Tiara-St-91601/home/184887200,CRMLS,OC23183012,N,Y,34.1782308,-118.3769881,,2.0,4,4,1,3.0,510.0,2083380.0,14848.0,60,Bikeable,78,Very walkable,60,Good transit,Minimal,Moderate,Major,Minimal,"Places1 grocery, 28 restaurants, 1 parkTransit152, 154, 155, 162, 164, 165, 224, 224/690, 237, 501, 90, 94","Oct 1, 2023",Listed (Active)CRMLS #OC23183012,2100000.0,"Apr 5, 2022",Pending (Pending Sale)CRMLS #PW22030203,NA,"Mar 2, 2022",Pending (Pending Sale)CRMLS #PW22030203,NA,https://www.redfin.com/CA/North-Hollywood/11304-Tiara-St-91601/home/184887200,"Mar 1, 2022",Price ChangedCRMLS #PW22030203,1700000.0,"Feb 18, 2022",Listed (Active)CRMLS #PW22030203,1500000.0,,,,,,,,,,,,,,,,,,,,,,,,,,,,,,,,,,,,,,
MLS Listing,,Single Family Residential,7878 Naylor Ave,Los Angeles,CA,90045,1595000,3.0,2.0,Westchester,1456.0,6041.0,1944.0,1,1095.0,,Active,,,https://www.redfin.com/CA/Los-Angeles/7878-Naylor-Ave-90045/home/6607176,TheMLS,23-309373,N,Y,33.9676111,-118.3949923,,,4,4,4,2.5,1095.0,,11278.0,60,Bikeable,55,Somewhat walkable,46,Some transit,Minimal,Minimal,Major,Minimal,"Places2 groceries, 19 restaurants, 2 parksTransit102, 108, 110, 111, 115, 14, 3, CC 2, CC 3, CC 4, CC 5C2, CC 6, CC 6R, R3","Oct 1, 2023",Relisted (Active)TheMLS #23-309373,NA,"Jun 6, 2012",PendingTheMLS #12-601361,NA,"May 18, 2012",Listed (Active)TheMLS #12-601361,475000.0,https://www.redfin.com/CA/Los-Angeles/7878-Naylor-Ave-90045/home/6607176,,,,,,,,,,,,,,,,,,,,,,,,,,,,,,,,,,,,,,,,,,,,
MLS Listing,,Multi-Family (5+ Unit),5333 Hyde St,El Sereno,CA,90032,1800000,11.0,6.0,621 - El Sereno,5027.0,6324.0,1964.0,1,358.0,,Active,,,https://www.redfin.com/CA/Los-Angeles/5333-Hyde-St-90032/home/6952955,CRMLS,CV23182993,N,Y,34.0822669,-118.165826,,2.0,3,6,5,2.0,358.0,,12727.0,44,Somewhat bikeable,61,Somewhat walkable,44,Some transit,Minimal,Moderate,Major,Minimal,"Places10 groceries, 29 restaurants, 4 parksTransit179, 256, 258, 665, 76, 78","Oct 1, 2023",Listed (Active)CRMLS #CV23182993,1800000.0,"Sep 30, 2023",Listing RemovedCRMLS #CV23043643,NA,"Jun 20, 2023",Relisted (Active)CRMLS #CV23043643,NA,https://www.redfin.com/CA/Los-Angeles/5333-Hyde-St-90032/home/6952955,"May 21, 2023",Relisted (Active)CRMLS #CV23043643,NA,"Mar 15, 2023",,NA,,,,,,,,,,,,,,,,,,,,,,,,,,,,,,,,,,,,,,
MLS Listing,,Condo/Co-op,10727 Wilshire Blvd #1704,Los Angeles,CA,90024,3999900,2.0,2.5,C05 - Westwood - Century City,2929.0,37847.0,2001.0,1,1366.0,3480.0,Active,,,https://www.redfin.com/CA/Los-Angeles/10727-Wilshire-Blvd-90024/unit-1704/home/8119262,CRMLS,PT23182995,N,Y,34.0609282,-118.4371896,2.0,24.0,9,6,5,2.5,1366.0,3969774.0,31762.0,66,Bikeable,81,Very walkable,71,Excellent transit,Minimal,Minimal,Major,Minimal,"Places4 groceries, 25 restaurants, 4 parksTransit1, 17, 18, 2, 20, 233, 4, 405, 602, 720, 761, 8, CC 6, CC 6R, R12","Oct 1, 2023",Listed (Active)CRMLS #PT23182995,3999900.0,"Sep 30, 2023",Listing RemovedCRMLS #PT23143721,NA,"Sep 9, 2023",,NA,https://www.redfin.com/CA/Los-Angeles/10727-Wilshire-Blvd-90024/unit-1704/home/8119262,"Sep 4, 2023",,NA,"Aug 21, 2023",,NA,"Aug 9, 2023",NA,"Aug 3, 2023",NA,,,,,,,,,,,,,,,,,,,,,,,,,,,,,,,,,,
MLS Listing,,Condo/Co-op,700 S Ardmore Ave #403,Los Angeles,CA,90005,920000,3.0,3.0,Mid-Wilshire,1495.0,14122.0,2005.0,1,615.0,375.0,Active,,,https://www.redfin.com/CA/Los-Angeles/700-S-Ardmore-Ave-90005/unit-403/home/12294552,TheMLS,23-316713,N,Y,34.0595037,-118.3017652,,,5,3,NA,2.5,615.0,911678.0,6880.0,62,Bikeable,95,Walker's paradise,80,Excellent transit,Minimal,Moderate,Major,Minimal,"Places2 groceries, 37 restaurants, 0 parksTransit18, 20, 206, 207, 210, 28, 66, 7, 720, R7","Oct 1, 2023",Listed (Active)TheMLS #23-316713,920000.0,"Jul 19, 2022",Listing RemovedTheMLS #22-175965,NA,"Jul 6, 2022",,NA,https://www.redfin.com/CA/Los-Angeles/700-S-Ardmore-Ave-90005/unit-403/home/12294552,,,,,,,,,,,,,,,,,,,,,,,,,,,,,,,,,,,,,,,,,,,,
MLS Listing,,Condo/Co-op,4340 Glencoe Ave #4,Marina Del Rey,CA,90292,1267000,2.0,3.0,C12 - Marina Del Rey,1547.0,552048.0,1974.0,1,819.0,580.0,Active,October-7-2023 12:00 AM,October-7-2023 11:59 PM,https://www.redfin.com/CA/Marina-del-Rey/4340-Glencoe-Ave-90292/unit-4/home/6725326,CRMLS,PW23182988,N,Y,33.9861882,-118.4384736,2.0,3.0,7,3,6,2.0,819.0,1266804.0,9538.0,75,Very bikeable,85,Very walkable,49,Some transit,Minimal,Minimal,Major,Minimal,"Places4 groceries, 22 restaurants, 2 parksTransit108, 16, 3, 33, CC 1, CC 2, CC 5, CC 7, R3","Oct 1, 2023",Listed (Active)CRMLS #PW23182988,1267000.0,"Sep 30, 2023",Listing RemovedCRMLS #PW23112549,NA,"Jul 18, 2023",Relisted (Active)CRMLS #PW23112549,NA,https://www.redfin.com/CA/Marina-del-Rey/4340-Glencoe-Ave-90292/unit-4/home/6725326,"Jul 8, 2023",Listing RemovedCRMLS #PW23112549,NA,"Jun 23, 2023",,NA,,,,,,,,,,,,,,,,,,,,,,,,,,,,,,,,,,,,,,
MLS Listing,,Single Family Residential,16723 La Maida St,Encino,CA,91436,1599000,4.0,2.0,ENC - Encino,1402.0,8434.0,1949.0,1,1141.0,,Active,,,https://www.redfin.com/CA/Encino/16723-La-Maida-St-91436/home/4786910,CRMLS,SR23182983,N,Y,34.1610126,-118.4976525,2.0,1.0,8,7,6,2.5,1141.0,1599447.0,11306.0,50,Bikeable,80,Very walkable,42,Some transit,Minimal,Moderate,Major,Minimal,"Places5 groceries, 22 restaurants, 3 parksTransit150, 155, 164, 234, 236, 236/235, 237, 240","Oct 1, 2023",Listed (Active)CRMLS #SR23182983,1599000.0,"Sep 30, 2023",Listing RemovedCRMLS #SR23168071,NA,"Sep 9, 2023",,NA,https://www.redfin.com/CA/Encino/16723-La-Maida-St-91436/home/4786910,,,,,,,,,,,,,,,,,,,,,,,,,,,,,,,,,,,,,,,,,,,,
MLS Listing,,Townhouse,9763 Via Nola,Burbank,CA,91504,699000,2.0,2.5,610 - Burbank,1302.0,297737.0,1975.0,1,537.0,676.0,Active,,,https://www.redfin.com/CA/Burbank/9763-Via-Nola-91504/home/180113845,CRMLS,SR23182982,N,Y,34.211792,-118.343692,2.0,3.0,2,NA,6,2.5,537.0,699556.0,5618.0,30,Somewhat bikeable,26,Car-dependent,41,Some transit,Severe,Severe,Major,Minimal,"Places2 groceries, 24 restaurants, 2 parksTransit164, 165, 169, 222, 294, 90, 92, Route 1","Oct 1, 2023",Listed (Active)CRMLS #SR23182982,699000.0,"Sep 30, 2023",Listing RemovedCRMLS #SR23145319,NA,"Aug 30, 2023",Relisted (Active)CRMLS #SR23145319,NA,https://www.redfin.com/CA/Burbank/9763-Via-Nola-91504/home/180113845,"Aug 23, 2023",Contingent (Active Under Contract)CRMLS #SR23145319,NA,"Aug 8, 2023",,NA,,,,,,,,,,,,,,,,,,,,,,,,,,,,,,,,,,,,,,
MLS Listing,,Single Family Residential,11511 Kittridge St,North Hollywood,CA,91606,997900,4.0,4.0,NHO - North Hollywood,1114.0,6256.0,1928.0,1,896.0,,Active,,,https://www.redfin.com/CA/North-Hollywood/11511-Kittridge-St-91606/home/5043181,CRMLS,SR23182969,N,Y,34.1905143,-118.3828863,2.0,1.0,5,4,7,2.0,896.0,989818.0,7056.0,56,Bikeable,74,Very walkable,52,Good transit,Minimal,Moderate,Major,Minimal,"Places6 groceries, 26 restaurants, 0 parksTransit152, 154, 162, 164, 165, 224, 224/690, 230, 90","Oct 1, 2023",Listed (Active)CRMLS #SR23182969,997900.0,,,,,,,https://www.redfin.com/CA/North-Hollywood/11511-Kittridge-St-91606/home/5043181,,,,,,,,,,,,,,,,,,,,,,,,,,,,,,,,,,,,,,,,,,,,
MLS Listing,,Single Family Residential,5413 Rhea Ave,Tarzana,CA,91356,1369000,3.0,3.0,TAR - Tarzana,1655.0,5998.0,1950.0,1,827.0,,Active,,,https://www.redfin.com/CA/Tarzana/5413-Rhea-Ave-91356/home/4109649,CRMLS,SR23170273,N,Y,34.1693127,-118.5422931,2.0,1.0,4,7,7,2.5,827.0,,9680.0,64,Bikeable,84,Very walkable,44,Some transit,Minimal,Minor,Major,Minimal,"Places1 grocery, 29 restaurants, 0 parksTransit150, 164, 165, 237, 240, 242/243","Oct 1, 2023",Listed (Active)CRMLS #SR23170273,1369000.0,"Dec 31, 2020",Listing RemovedCRMLS #SR20190691,NA,"Oct 19, 2020",,NA,https://www.redfin.com/CA/Tarzana/5413-Rhea-Ave-91356/home/4109649,"Oct 5, 2020",,NA,"Sep 16, 2020",,NA,,,,,,,,,,,,,,,,,,,,,,,,,,,,,,,,,,,,,,
MLS Listing,,Multi-Family (2-4 Unit),136 W 48th St,Los Angeles,CA,90037,1799990,9.0,7.5,C42 - Downtown L.A.,4150.0,4752.0,2023.0,1,434.0,,Active,,,https://www.redfin.com/CA/Los-Angeles/136-W-48th-St-90037/home/6924138,CRMLS,OC23170163,N,Y,33.9989536,-118.2753457,2.0,3.0,5,4,3,2.0,434.0,,12727.0,82,Very bikeable,79,Very walkable,59,Good transit,Minimal,Minor,Major,Minimal,"Places11 groceries, 25 restaurants, 1 parkTransit10/48, 105, 108, 45, 460, 51, 550, 81, South Bay Dodger Stadium Express","Oct 1, 2023",Listed (Active)CRMLS #OC23170163,1799990.0,"Feb 25, 2021",Contingent (Active Under Contract)CRMLS #IV20247275,NA,"Feb 22, 2021",Relisted (Active)CRMLS #IV20247275,NA,https://www.redfin.com/CA/Los-Angeles/136-W-48th-St-90037/home/6924138,"Jan 27, 2021",Contingent (Active Under Contract)CRMLS #IV20247275,NA,"Jan 7, 2021",Price ChangedCRMLS #IV20247275,378300.0,"Jan 6, 2021",NA,"Dec 15, 2020",NA,Relisted (Active)CRMLS #IV20247275,Contingent (Active Under Contract)CRMLS #IV20247275,"Nov 27, 2020",Listed (Active)CRMLS #IV20247275,396600.0,,,,,,,,,,,,,,,,,,,,,,,,,,,,,
MLS Listing,,Condo/Co-op,875 Comstock Ave Unit 7C,Los Angeles,CA,90024,875000,1.0,1.0,C05 - Westwood - Century City,1253.0,85036.0,1961.0,1,698.0,1401.0,Active,,,https://www.redfin.com/CA/Los-Angeles/875-Comstock-Ave-90024/unit-7C/home/6824865,CRMLS,OC23172401,N,Y,34.068307,-118.4265842,2.0,20.0,9,6,5,2.0,698.0,,7588.0,39,Somewhat bikeable,49,Car-dependent,64,Good transit,Major,Minor,Major,Minimal,"Places1 grocery, 33 restaurants, 3 parksTransit1, 17, 2, 20, 233, 28, 4, 5, 720, 761, 8, CC 3","Oct 1, 2023",Listed (Active)CRMLS #OC23172401,875000.0,,,,,,,https://www.redfin.com/CA/Los-Angeles/875-Comstock-Ave-90024/unit-7C/home/6824865,,,,,,,,,,,,,,,,,,,,,,,,,,,,,,,,,,,,,,,,,,,,
MLS Listing,,Multi-Family (5+ Unit),5434 Huntington Dr S,Los Angeles,CA,90032,1800000,1.0,6.0,621 - El Sereno,2859.0,6078.0,1925.0,1,630.0,,Active,,,https://www.redfin.com/CA/Los-Angeles/5434-Huntington-Dr-S-90032/home/187632472,CRMLS,GD23177084,N,Y,34.0917793,-118.1624984,,1.0,3,6,5,2.5,630.0,,12727.0,51,Bikeable,80,Very walkable,44,Some transit,NA,NA,NA,NA,"Places9 groceries, 29 restaurants, 5 parksTransit179, 256, 258, 260, 660, 665, 76, 78","Oct 1, 2023",Listed (Active)CRMLS #GD23177084,1800000.0,,,,,,,https://www.redfin.com/CA/Los-Angeles/5434-Huntington-Dr-S-90032/home/187632472,,,,,,,,,,,,,,,,,,,,,,,,,,,,,,,,,,,,,,,,,,,,
MLS Listing,,Single Family Residential,20612 Cohasset St,Winnetka,CA,91306,799999,3.0,2.0,WIN - Winnetka,1226.0,10999.0,1955.0,1,653.0,,Active,,,https://www.redfin.com/CA/Winnetka/20612-Cohasset-St-91306/home/3740896,CRMLS,DW23177302,N,Y,34.2062966,-118.582492,1.0,1.0,4,3,3,2.0,653.0,,5656.0,52,Bikeable,57,Somewhat walkable,42,Some transit,Minimal,Moderate,Major,Minimal,"Places5 groceries, 36 restaurants, 4 parksTransit152, 162, 164, 165, 169, 242/243, 244, 55X","Oct 1, 2023",Listed (Active)CRMLS #DW23177302,799999.0,,,,,,,https://www.redfin.com/CA/Winnetka/20612-Cohasset-St-91306/home/3740896,,,,,,,,,,,,,,,,,,,,,,,,,,,,,,,,,,,,,,,,,,,,
MLS Listing,,Multi-Family (2-4 Unit),676 W 3rd St,San Pedro,CA,90731,945000,5.0,2.5,193 - San Pedro - North,2265.0,4994.0,1984.0,1,417.0,,Active,,,https://www.redfin.com/CA/San-Pedro/676-W-3rd-St-90731/home/7688868,CRMLS,SB23158230,N,Y,33.7417513,-118.2916084,1.0,2.0,3,4,5,2.0,417.0,,6682.0,71,Very bikeable,90,Walker's paradise,49,Some transit,Major,Minimal,Moderate,Minimal,"Places5 groceries, 31 restaurants, 0 parksTransit205, 225, 246, 550","Oct 1, 2023",Relisted (Active)CRMLS #SB23158230,NA,,,,,,,https://www.redfin.com/CA/San-Pedro/676-W-3rd-St-90731/home/7688868,,,,,,,,,,,,,,,,,,,,,,,,,,,,,,,,,,,,,,,,,,,,
MLS Listing,,Condo/Co-op,14521 Birchwood Ct,Sylmar,CA,91342,574999,4.0,3.0,SYL - Sylmar,2277.0,144870.0,2001.0,1,253.0,120.0,Active,,,https://www.redfin.com/CA/Sylmar/14521-Birchwood-Ct-91342/home/8117436,CRMLS,SR23043892,N,Y,34.3181037,-118.4485146,2.0,,NA,6,NA,2.5,253.0,580073.0,4186.0,31,Somewhat bikeable,18,Car-dependent,44,Some transit,Minimal,Extreme,Major,Minimal,"Places5 groceries, 26 restaurants, 4 parksTransit224, 224/690, 230, 234, 236, 236/235, 294, 690, 761, 92","Oct 1, 2023",Relisted (Active)CRMLS #SR23043892,NA,"Aug 31, 2023",Relisted (Active)CRMLS #SR23043892,NA,"Jul 31, 2023",Relisted (Active)CRMLS #SR23043892,NA,https://www.redfin.com/CA/Sylmar/14521-Birchwood-Ct-91342/home/8117436,"Jun 30, 2023",Relisted (Active)CRMLS #SR23043892,NA,"May 30, 2023",Relisted (Active)CRMLS #SR23043892,NA,"Apr 29, 2023",NA,"Feb 15, 2023",NA,Relisted (Active)CRMLS #SR23043892,Relisted (Active)CRMLS #SR22052275,"Jan 15, 2023",Relisted (Active)CRMLS #SR22052275,NA,,,,"Dec 15, 2022",Relisted (Active)CRMLS #SR22052275,NA,"Nov 16, 2022",Relisted (Active)CRMLS #SR22052275,NA,"Oct 15, 2022",Relisted (Active)CRMLS #SR22052275,NA,"Sep 14, 2022",NA,"Aug 14, 2022",NA,Relisted (Active)CRMLS #SR22052275,Relisted (Active)CRMLS #SR22052275,"Jul 14, 2022",Relisted (Active)CRMLS #SR22052275,NA,"Jun 13, 2022",Relisted (Active)CRMLS #SR22052275,NA,"Apr 15, 2022",Relisted (Active)CRMLS #SR22052275,NA,"Mar 15, 2022",NA
MLS Listing,,Condo/Co-op,2324 S Beverly Glen Blvd #207,Los Angeles,CA,90064,1065000,2.0,2.0,Westwood - Century City,1413.0,20066.0,1973.0,1,754.0,590.0,Active,October-3-2023 11:00 AM,October-3-2023 02:00 PM,https://www.redfin.com/CA/Los-Angeles/2324-S-Beverly-Glen-Blvd-90064/unit-207/home/6795345,TheMLS,23-316617,N,Y,34.0482406,-118.4182715,2.0,,9,4,5,2.5,754.0,,8120.0,54,Bikeable,76,Very walkable,54,Good transit,Minimal,Minimal,Major,Minimal,"Places2 groceries, 30 restaurants, 1 parkTransit28, 4, 5, 7, 8, CC 3, R12, R7","Oct 1, 2023",Listed (Active)TheMLS #23-316617,1065000.0,"Jun 3, 2021",Contingent (Backup Offers Accepted)TheMLS #21-693588,NA,"Apr 30, 2021",Price ChangedTheMLS #21-693588,849000.0,https://www.redfin.com/CA/Los-Angeles/2324-S-Beverly-Glen-Blvd-90064/unit-207/home/6795345,"Mar 24, 2021",Price ChangedTheMLS #21-693588,869000.0,"Feb 27, 2021",Price ChangedTheMLS #21-693588,879000.0,"Feb 12, 2021",899000.0,,,Listed (Active)TheMLS #21-693588,,,,,,,,,,,,,,,,,,,,,,,,,,,,,,,,,
MLS Listing,,Single Family Residential,1726 N Clybourn Ave,Burbank,CA,91505,985000,2.0,1.0,Burbank,954.0,5463.0,1942.0,1,1032.0,,Active,,,https://www.redfin.com/CA/Burbank/1726-N-Clybourn-Ave-91505/home/5316832,TheMLS,23-315285,N,Y,34.1809334,-118.3587839,2.0,,8,6,7,2.0,1032.0,,6965.0,69,Bikeable,72,Very walkable,41,Some transit,Minimal,Moderate,Major,Minimal,"Places2 groceries, 17 restaurants, 5 parksTransit154, 162, 164, 165, 169, 222, 294, 90, 94, Route 1","Oct 1, 2023",Listed (Active)TheMLS #23-315285,985000.0,,,,,,,https://www.redfin.com/CA/Burbank/1726-N-Clybourn-Ave-91505/home/5316832,,,,,,,,,,,,,,,,,,,,,,,,,,,,,,,,,,,,,,,,,,,,
MLS Listing,,Single Family Residential,331 N Kenter Ave,Los Angeles,CA,90049,4595000,4.0,4.0,Brentwood,3790.0,9297.0,1941.0,1,1212.0,,Active,,,https://www.redfin.com/CA/Los-Angeles/331-N-Kenter-Ave-90049/home/6837322,TheMLS,23-312653,N,Y,34.064268,-118.4829154,2.0,,5,8,5,2.5,1212.0,,32490.0,7,Somewhat bikeable,7,Car-dependent,24,Minimal transit,NA,NA,NA,NA,"Places2 groceries, 19 restaurants, 5 parksTransit14, 15, 18, 233, 43, 602, 761","Oct 1, 2023",Listed (Active)TheMLS #23-312653,4595000.0,,,,,,,https://www.redfin.com/CA/Los-Angeles/331-N-Kenter-Ave-90049/home/6837322,,,,,,,,,,,,,,,,,,,,,,,,,,,,,,,,,,,,,,,,,,,,
MLS Listing,,Single Family Residential,1716 Courtney Ave,Los Angeles,CA,90046,3650000,4.0,5.0,Sunset Strip - Hollywood Hills West,3800.0,7500.0,2018.0,1,961.0,,Active,,,https://www.redfin.com/CA/Los-Angeles/1716-Courtney-Ave-90046/home/7116448,TheMLS,23-316176,N,Y,34.1022706,-118.3570867,,,7,4,4,2.5,961.0,,25808.0,33,Somewhat bikeable,74,Very walkable,51,Good transit,Moderate,Minor,Major,Minimal,"Places1 grocery, 25 restaurants, 2 parksTransit10/48, 2, 212, 217, 218, 224, 224/690, 4","Sep 28, 2023",Listed (Active)TheMLS #23-316176,3650000.0,"Jul 27, 2023",Listing RemovedTheMLS #23-264949,NA,"Apr 25, 2023",,NA,https://www.redfin.com/CA/Los-Angeles/1716-Courtney-Ave-90046/home/7116448,,,,,,,,,,,,,,,,,,,,,,,,,,,,,,,,,,,,,,,,,,,,
MLS Listing,,Multi-Family (2-4 Unit),8615 Ramsgate Ave,Los Angeles,CA,90045,1400000,4.0,4.0,C29 - Westchester,2764.0,8646.0,1950.0,1,507.0,,Active,,,https://www.redfin.com/CA/Los-Angeles/8615-Ramsgate-Ave-90045/home/6637064,CRMLS,CV23182952,N,Y,33.9593281,-118.3828518,1.0,2.0,4,4,4,2.0,507.0,1399789.0,9899.0,58,Bikeable,86,Very walkable,54,Good transit,Minimal,Minimal,Major,Minimal,"Places2 groceries, 29 restaurants, 1 parkTransit102, 111, 115, 117, 14, 232, 3, 40, 857, CC 6, CC 6R, R3","Sep 30, 2023",Listed (Active)CRMLS #CV23182952,1400000.0,"Dec 1, 2022",Relisted (Active)CRMLS #CV22227407,NA,"Dec 1, 2022",Listing RemovedCRMLS #CV22227407,NA,https://www.redfin.com/CA/Los-Angeles/8615-Ramsgate-Ave-90045/home/6637064,"Oct 24, 2022",,NA,,,,,,,,,,,,,,,,,,,,,,,,,,,,,,,,,,,,,,,,,
MLS Listing,,Single Family Residential,4548 Amber Pl,Los Angeles,CA,90032,525000,2.0,1.0,621 - El Sereno,560.0,3200.0,1923.0,1,938.0,,Active,,,https://www.redfin.com/CA/Los-Angeles/4548-Amber-Pl-90032/home/7000790,CRMLS,CV23177978,N,Y,34.083921,-118.1889518,1.0,1.0,6,6,5,2.0,938.0,541680.0,3712.0,61,Bikeable,68,Somewhat walkable,46,Some transit,Major,Moderate,Major,Minimal,"Places8 groceries, 28 restaurants, 8 parksTransit179, 182, 256, 45, 665, 78","Sep 30, 2023",Listed (Active)CRMLS #CV23177978,525000.0,,,,,,,https://www.redfin.com/CA/Los-Angeles/4548-Amber-Pl-90032/home/7000790,,,,,,,,,,,,,,,,,,,,,,,,,,,,,,,,,,,,,,,,,,,,
MLS Listing,,Condo/Co-op,5935 Playa Vista Dr #407,Playa Vista,CA,90094,1185000,2.0,2.0,Playa Vista,1220.0,43379.0,2004.0,1,971.0,890.0,Active,,,https://www.redfin.com/CA/Playa-Vista/5935-Playa-Vista-Dr-90094/unit-407/home/8136100,TheMLS,23-305057,N,Y,33.9714767,-118.4276739,,,7,4,6,2.5,971.0,1183216.0,9269.0,86,Very bikeable,66,Somewhat walkable,46,Some transit,Moderate,Minimal,Major,Minimal,"Places7 groceries, 22 restaurants, 8 parksTransit108, 110, 115, 16, 3, CC 4, CC 7, R3","Sep 30, 2023",Listed (Active)TheMLS #23-305057,1185000.0,,,,,,,https://www.redfin.com/CA/Playa-Vista/5935-Playa-Vista-Dr-90094/unit-407/home/8136100,,,,,,,,,,,,,,,,,,,,,,,,,,,,,,,,,,,,,,,,,,,,
MLS Listing,,Condo/Co-op,3785 Wilshire Blvd #1702,Los Angeles,CA,90010,1450000,3.0,3.0,Mid-Wilshire,1700.0,53695.0,2009.0,1,853.0,1183.0,Active,,,https://www.redfin.com/CA/Los-Angeles/3785-Wilshire-Blvd-90010/unit-1702/home/28904351,TheMLS,23-316681,N,Y,34.0618769,-118.3086279,,,7,4,NA,2.5,853.0,1433604.0,11435.0,61,Bikeable,98,Walker's paradise,78,Excellent transit,Moderate,Moderate,Major,Minimal,"Places2 groceries, 36 restaurants, 0 parksTransit16, 18, 20, 206, 207, 210, 28, 66, 7, 720, R7","Sep 29, 2023",Listed (Active)TheMLS #23-316681,1450000.0,"Sep 24, 2013",Listing RemovedTheMLS #13-698009,NA,"Aug 20, 2013",,NA,https://www.redfin.com/CA/Los-Angeles/3785-Wilshire-Blvd-90010/unit-1702/home/28904351,,,,,,,,,,,,,,,,,,,,,,,,,,,,,,,,,,,,,,,,,,,,
MLS Listing,,Single Family Residential,730 E 102nd St,Los Angeles,CA,90002,709999,3.0,2.0,WATT - Watts,1357.0,5000.0,1944.0,1,523.0,,Active,,,https://www.redfin.com/CA/Los-Angeles/730-E-102nd-St-90002/home/7303389,CRMLS,DW23182895,N,Y,33.9438586,-118.2613862,,1.0,6,4,1,2.0,523.0,696704.0,5020.0,78,Very bikeable,62,Somewhat walkable,56,Good transit,Minimal,Minimal,Major,Minimal,"Places8 groceries, 18 restaurants, 4 parksTransit10/48, 117, 51, 53","Sep 30, 2023",Listed (Active)CRMLS #DW23182895,709999.0,,,,,,,https://www.redfin.com/CA/Los-Angeles/730-E-102nd-St-90002/home/7303389,,,,,,,,,,,,,,,,,,,,,,,,,,,,,,,,,,,,,,,,,,,,
MLS Listing,,Condo/Co-op,2332 Fox Hills Dr #306,Los Angeles,CA,90064,989000,2.0,2.5,Westwood - Century City,1909.0,18206.0,1974.0,1,518.0,700.0,Active,October-3-2023 11:00 AM,October-3-2023 02:00 PM,https://www.redfin.com/CA/Los-Angeles/2332-Fox-Hills-Dr-90064/unit-306/home/6795553,TheMLS,23-314735,N,Y,34.0501427,-118.414021,,,9,4,5,2.5,518.0,991995.0,7693.0,45,Somewhat bikeable,47,Car-dependent,50,Good transit,Minimal,Minimal,Major,Minimal,"Places3 groceries, 28 restaurants, 4 parksTransit28, 4, 5, 7, CC 3, R7","Sep 30, 2023",Listed (Active)TheMLS #23-314735,989000.0,,,,,,,https://www.redfin.com/CA/Los-Angeles/2332-Fox-Hills-Dr-90064/unit-306/home/6795553,,,,,,,,,,,,,,,,,,,,,,,,,,,,,,,,,,,,,,,,,,,,
MLS Listing,,Single Family Residential,16081 Columbus Ln,North Hills,CA,91343,1095000,4.0,3.0,North Hills,2516.0,5114.0,2017.0,1,435.0,134.0,Active,October-7-2023 01:00 PM,October-7-2023 04:00 PM,https://www.redfin.com/CA/North-Hills/16081-Columbus-Ln-91343/home/144588785,TheMLS,23-316629,N,Y,34.2233903,-118.4836819,,,5,7,5,2.5,435.0,1094160.0,7876.0,48,Somewhat bikeable,58,Somewhat walkable,38,Some transit,Moderate,Moderate,Major,Minimal,"Places4 groceries, 28 restaurants, 0 parksTransit152, 166, 167, 169, 234, 236, 236/235, 237, BAK-LAX","Sep 30, 2023",Listed (Active)TheMLS #23-316629,1095000.0,,,,,,,https://www.redfin.com/CA/North-Hills/16081-Columbus-Ln-91343/home/144588785,,,,,,,,,,,,,,,,,,,,,,,,,,,,,,,,,,,,,,,,,,,,
MLS Listing,,Single Family Residential,128 Ellita Pl,Los Angeles,CA,90042,1195000,4.0,4.0,Highland Park,2150.0,3017.0,1906.0,1,556.0,,Active,October-3-2023 11:00 AM,October-3-2023 02:00 PM,https://www.redfin.com/CA/Los-Angeles/128-Ellita-Pl-90042/home/7077071,TheMLS,23-314931,N,Y,34.1073666,-118.1996063,1.0,,NA,NA,NA,2.5,556.0,1215240.0,8449.0,63,Bikeable,90,Walker's paradise,58,Good transit,Minimal,Moderate,Major,Minimal,"Places5 groceries, 28 restaurants, 1 parkTransit182, 256, 81","Sep 29, 2023",Listed (Active)TheMLS #23-314931,1195000.0,"Jul 17, 2019",Pending (Pending Sale)CRMLS #PF19089183,NA,"Jun 28, 2019",Contingent (Active Under Contract)CRMLS #PF19089183,NA,https://www.redfin.com/CA/Los-Angeles/128-Ellita-Pl-90042/home/7077071,"Jun 24, 2019",Price ChangedCRMLS #PF19089183,799000.0,"Jun 9, 2019",Relisted (Active)CRMLS #PF19089183,NA,"Jun 3, 2019",NA,"May 17, 2019",849000.0,Delisted (Hold Do Not Show)CRMLS #PF19089183,Price ChangedCRMLS #PF19089183,"Apr 25, 2019",Listed (Active)CRMLS #PF19089183,865000.0,,,,,,,,,,,,,,,,,,,,,,,,,,,,,
MLS Listing,,Townhouse,14200 Polk St #43,Sylmar,CA,91342,549995,2.0,2.0,699 - Not Defined,1009.0,92583.0,1985.0,1,545.0,355.0,Active,,,https://www.redfin.com/CA/Sylmar/14200-Polk-St-91342/unit-43/home/5410107,CRMLS,SR23182837,N,Y,34.3135987,-118.4425883,2.0,2.0,4,6,NA,2.5,545.0,553667.0,4244.0,52,Bikeable,59,Somewhat walkable,45,Some transit,Moderate,Extreme,Major,Minimal,"Places3 groceries, 29 restaurants, 3 parksTransit224, 224/690, 230, 234, 236, 236/235, 294, 690, 761, 92","Sep 30, 2023",Listed (Active)CRMLS #SR23182837,549995.0,"Sep 23, 2023",Relisted (Active)CRMLS #SR23142212,NA,"Sep 14, 2023",Relisted (Active)CRMLS #SR23142212,NA,https://www.redfin.com/CA/Sylmar/14200-Polk-St-91342/unit-43/home/5410107,"Aug 25, 2023",,NA,"Aug 21, 2023",,NA,"Aug 4, 2023",NA,,,,,,,,,,,,,,,,,,,,,,,,,,,,,,,,,,,,
MLS Listing,,Single Family Residential,9814 Curwood Pl,Beverly Hills,CA,90210,12500000,6.0,9.0,Beverly Hills Post Office,9500.0,33554.0,2121.0,1,1316.0,,Active,October-3-2023 11:00 AM,October-3-2023 02:00 PM,https://www.redfin.com/CA/Beverly-Hills/9814-Curwood-Pl-90210/home/172174806,TheMLS,23-316633,N,Y,34.1071875,-118.42484,3.0,,9,6,5,2.5,1316.0,12499896.0,88383.0,,,1,Car-dependent,0,Minimal transit,Minimal,Major,Major,Minimal,"Places3 groceries, 19 restaurants, 19 parksTransit1, 158, 167, 17, 2, 20, 218, 233, 240, 4, 617, 720, 761, 8","Sep 30, 2023",Listed (Active)TheMLS #23-316633,12500000.0,"May 6, 2022",PendingTheMLS #22-132175,NA,"Apr 22, 2022",Contingent (Backup Offers Accepted)TheMLS #22-132175,NA,https://www.redfin.com/CA/Beverly-Hills/9814-Curwood-Pl-90210/home/172174806,"Mar 29, 2022",Price ChangedTheMLS #22-132175,12868000.0,"Mar 18, 2022",Price ChangedTheMLS #22-132175,13969000.0,"Mar 4, 2022",13970000.0,,,Listed (Active)TheMLS #22-132175,,,,,,,,,,,,,,,,,,,,,,,,,,,,,,,,,
MLS Listing,,Single Family Residential,4334 Corinth Ave,Culver City,CA,90230,1695000,3.0,2.0,Culver City,1448.0,5510.0,1946.0,1,1171.0,,Active,,,https://www.redfin.com/CA/Culver-City/4334-Corinth-Ave-90230/home/6729043,TheMLS,23-316621,N,Y,34.0013353,-118.4112786,,,4,3,6,2.5,1171.0,1697941.0,11985.0,85,Very bikeable,78,Very walkable,47,Some transit,Severe,Minimal,Major,Minimal,"Places0 groceries, 21 restaurants, 0 parksTransit33, CC 1, CC 2, CC 5, CC 5C1, CC 5C2, CC 6, CC 6R, CC 7","Sep 30, 2023",Listed (Active)TheMLS #23-316621,1695000.0,"May 16, 2021",PendingSDMLS #210011534,NA,"May 1, 2021",Listed (Active)SDMLS #210011534,1299000.0,https://www.redfin.com/CA/Culver-City/4334-Corinth-Ave-90230/home/6729043,,,,,,,,,,,,,,,,,,,,,,,,,,,,,,,,,,,,,,,,,,,,
MLS Listing,,Single Family Residential,20724 Chatsworth St,Chatsworth,CA,91311,825000,3.0,2.0,CHT - Chatsworth,1513.0,10195.0,1962.0,1,545.0,,Active,,,https://www.redfin.com/CA/Chatsworth/20724-Chatsworth-St-91311/home/5773701,CRMLS,SR23182674,N,Y,34.2642806,-118.585292,2.0,1.0,6,6,NA,2.25,545.0,821783.0,5833.0,39,Somewhat bikeable,49,Car-dependent,36,Some transit,Minimal,Severe,Major,Minimal,"Places5 groceries, 28 restaurants, 2 parksTransit10, 150, 158, 166, 167, 242/243, 244","Sep 30, 2023",Listed (Active)CRMLS #SR23182674,825000.0,,,,,,,https://www.redfin.com/CA/Chatsworth/20724-Chatsworth-St-91311/home/5773701,,,,,,,,,,,,,,,,,,,,,,,,,,,,,,,,,,,,,,,,,,,,
MLS Listing,,Single Family Residential,2027 Pelham Ave,Los Angeles,CA,90025,2599999,4.0,3.0,Westwood - Century City,1917.0,5403.0,1927.0,1,1356.0,,Active,,,https://www.redfin.com/CA/Los-Angeles/2027-Pelham-Ave-90025/home/6799801,TheMLS,23-316589,N,Y,34.048517,-118.4293871,,,9,4,5,2.0,1356.0,2589050.0,18384.0,73,Very bikeable,70,Very walkable,64,Good transit,Minimal,Minimal,Major,Minimal,"Places1 grocery, 28 restaurants, 0 parksTransit1, 17, 233, 28, 4, 5, 7, 761, 8, CC 3, CC 6, R12, R7","Sep 30, 2023",Listed (Active)TheMLS #23-316589,2599999.0,,,,,,,https://www.redfin.com/CA/Los-Angeles/2027-Pelham-Ave-90025/home/6799801,,,,,,,,,,,,,,,,,,,,,,,,,,,,,,,,,,,,,,,,,,,,
MLS Listing,,Multi-Family (2-4 Unit),650 S Indiana St,Los Angeles,CA,90023,659000,5.0,3.0,699 - Not Defined,2.0,7941.0,1922.0,1,329500.0,,Active,,,https://www.redfin.com/CA/Los-Angeles/650-S-Indiana-St-90023/home/6961833,CRMLS,MB23182698,N,Y,34.0268721,-118.1920974,2.0,1.0,4,3,2,2.0,329500.0,661452.0,4660.0,48,Somewhat bikeable,84,Very walkable,66,Good transit,Minimal,Moderate,Major,Minimal,"Places13 groceries, 38 restaurants, 1 parkTransit106, 18, 30, 605, 62, 66, 665","Sep 30, 2023",Listed (Active)CRMLS #MB23182698,659000.0,"Oct 20, 2022",Pending (Pending Sale)CRMLS #MB22104910,NA,"Oct 20, 2022",Relisted (Active)CRMLS #MB22104910,NA,https://www.redfin.com/CA/Los-Angeles/650-S-Indiana-St-90023/home/6961833,"Oct 20, 2022",Listing RemovedCRMLS #MB22104910,NA,"Sep 6, 2022",Pending (Pending Sale)CRMLS #MB22104910,NA,"Aug 22, 2022",NA,"Jul 6, 2022",NA,Listing RemovedCRMLS #MB22104910,,,,,,,,,,,,,,,,,,,,,,,,,,,,,,,,,
MLS Listing,,Vacant Land,24169-& 24175 Jensen,West Hills,CA,91304,299000,,,WEH - West Hills,,14004.0,,1,,,Active,,,https://www.redfin.com/CA/Canoga-Park/24175-Jensen-Dr-91304/home/184826391,CRMLS,SR23181915,N,Y,34.224976,-118.6532659,,,7,7,5,5.0,,298553.0,2114.0,4,Somewhat bikeable,8,Car-dependent,0,Minimal transit,Minimal,Severe,Major,Minimal,"Places3 groceries, 16 restaurants, 13 parksTransit10, 150, 152, 162, 164, 165, 169","Sep 30, 2023",Listed (Active)CRMLS #SR23181915,299000.0,"Oct 12, 2020",Listing RemovedCRMLS #SR20077376,NA,"Apr 20, 2020",,NA,https://www.redfin.com/CA/Canoga-Park/24175-Jensen-Dr-91304/home/184826391,,,,,,,,,,,,,,,,,,,,,,,,,,,,,,,,,,,,,,,,,,,,
MLS Listing,,Single Family Residential,7438 Alpine Way,Tujunga,CA,91042,1179000,3.0,4.0,Tujunga,1598.0,11014.0,1973.0,1,738.0,,Active,,,https://www.redfin.com/CA/Tujunga/7438-Alpine-Way-91042/home/5506397,CRMLS,P1-15252,N,Y,34.2766949,-118.2945261,2.0,2.0,4,4,6,2.5,738.0,1175838.0,8336.0,,,7,Car-dependent,0,Minimal transit,Minimal,Extreme,Major,Minimal,"Places4 groceries, 24 restaurants, 7 parksTransit690, 90, Route 19","Sep 29, 2023",Listed (Active)CRMLS #P1-15252,1179000.0,"Dec 19, 2022",Listing RemovedCRMLS #BB22167282,NA,"Oct 19, 2022",,NA,https://www.redfin.com/CA/Tujunga/7438-Alpine-Way-91042/home/5506397,"Oct 18, 2022",,NA,"Sep 28, 2022",,NA,"Aug 1, 2022",NA,,,,,,,,,,,,,,,,,,,,,,,,,,,,,,,,,,,,
MLS Listing,,Condo/Co-op,28006 S Western Ave #270,San Pedro,CA,90732,459000,1.0,1.0,193 - San Pedro - North,770.0,116054.0,1990.0,1,596.0,343.0,Active,,,https://www.redfin.com/CA/San-Pedro/28006-S-Western-Ave-90732/unit-270/home/7684559,CRMLS,PV23171919,N,Y,33.7659775,-118.3081556,2.0,3.0,7,9,5,2.5,596.0,459082.0,3588.0,48,Somewhat bikeable,63,Somewhat walkable,31,Some transit,Major,Minimal,Moderate,Minimal,"Places6 groceries, 29 restaurants, 3 parksTransit205, 225, 246, 550, Green, Orange","Sep 30, 2023",Listed (Active)CRMLS #PV23171919,459000.0,"May 25, 2019",Pending (Pending Sale)CRMLS #SB19110519,NA,"May 14, 2019",Listed (Active)CRMLS #SB19110519,330000.0,https://www.redfin.com/CA/San-Pedro/28006-S-Western-Ave-90732/unit-270/home/7684559,,,,,,,,,,,,,,,,,,,,,,,,,,,,,,,,,,,,,,,,,,,,
