SALE TYPE,SOLD DATE,PROPERTY TYPE,ADDRESS,CITY,STATE OR PROVINCE,ZIP OR POSTAL CODE,PRICE,BEDS,BATHS,LOCATION,SQUARE FEET,LOT SIZE,YEAR BUILT,DAYS ON MARKET,$/SQUARE FEET,HOA/MONTH,STATUS,NEXT OPEN HOUSE START TIME,NEXT OPEN HOUSE END TIME,URL,SOURCE,MLS#,FAVORITE,INTERESTED,LATITUDE,LONGITUDE,HEATING_FEATURES,FLOORING_FEATURES,UTILITIES,ELEMENTARY_SCHOOL_RATING,MIDDLE_SCHOOL_RATING,HIGH_SCHOOL_RATING,PRICE_PR_SQFT,REDFIN_ESTIMATE,EST_MONTHLY_PAY,Bike Score,Bike Score_type,Walk Score,Walk Score_type,Transit Score,Transit Score_type,Flood Factor,Fire Factor,Heat Factor,Wind Factor,OVERALL_NEARBY_PLACES,PRICE_HISTORY1_EVENT_DATE,PRICE_HISTORY1_EVENT_TYPE,PRICE_HISTORY1_PRICE,PRICE_HISTORY2_EVENT_DATE,PRICE_HISTORY2_EVENT_TYPE,PRICE_HISTORY2_PRICE,url,HAS_GARAGE,COOLING_FEATURES,BUYER_AGENCY_COMPENSATION,PRICE_HISTORY3_EVENT_DATE,PRICE_HISTORY3_EVENT_TYPE,PRICE_HISTORY3_PRICE,PRICE_HISTORY4_EVENT_DATE,PRICE_HISTORY4_EVENT_TYPE,PRICE_HISTORY4_PRICE,PRICE_HISTORY5_EVENT_DATE,PRICE_HISTORY5_EVENT_TYPE,PRICE_HISTORY5_PRICE,PRICE_HISTORY6_EVENT_DATE,PRICE_HISTORY6_EVENT_TYPE,PRICE_HISTORY6_PRICE,PARK_DESCRIPTION,BATH_DESCRIPTION,DINNING_DESC,LAUNDARY_FEATURES,FEES_INCLUDE,HOA_FEE_FREQ,HOA_NAME,NUM_STORIES,PRICE_HISTORY7_EVENT_DATE,PRICE_HISTORY7_PRICE,PRICE_HISTORY8_EVENT_DATE,PRICE_HISTORY8_PRICE,PRICE_HISTORY9_EVENT_DATE,PRICE_HISTORY9_PRICE,PRICE_HISTORY10_EVENT_DATE,PRICE_HISTORY10_PRICE,PRICE_HISTORY7_EVENT_TYPE,PRICE_HISTORY8_EVENT_TYPE,PRICE_HISTORY9_EVENT_TYPE,PRICE_HISTORY10_EVENT_TYPE
MLS Listing,,Single Family Residential,562 30th Ave,San Francisco,CA,94121,1849000,4.0,2.5,San Francisco,2169.0,2495.0,1941.0,12,852.0,,Active,September-30-2023 02:00 PM,September-30-2023 04:00 PM,https://www.redfin.com/CA/San-Francisco/562-30th-Ave-94121/home/610842,San Francisco MLS,423910481,N,Y,37.778638,-122.4897934,Central,"Laminate, Linoleum, Vinyl, Wood","Cable Available, Natural Gas Connected",8,8,7,852.0,1869808.0,13074.0,52,Bikeable,92,Walker's paradise,68,Good transit,Minimal,Moderate,Minor,Minimal,"Places5 groceries, 34 restaurants, 4 parksTransit1, 18, 29, 31, 38, 38R, 5, 5R","Sep 18, 2023",Relisted (Active)San Francisco MLS #423910481,NA,"Sep 18, 2023",Listed (Active)San Francisco MLS #423910481,1849000.0,https://www.redfin.com/CA/San-Francisco/562-30th-Ave-94121/home/610842,,,,,,,,,,,,,,,,,,,,,,,,,,,,,,,,,,,
MLS Listing,,Single Family Residential,3028 Market St,San Francisco,CA,94114,1799000,3.0,2.0,,1705.0,1971.0,1890.0,15,1055.0,,Active,September-30-2023 01:00 PM,September-30-2023 04:00 PM,https://www.redfin.com/CA/San-Francisco/3028-Market-St-94114/home/1469904,"bridgeMLS, Bay East AOR, or Contra Costa AOR",41038948,N,Y,37.7612389,-122.441988,"Forced Air, Fireplace(s)","Hardwood Flrs Throughout, Laminate, Tile","All Public Utilities, Internet Available, Individual Electric Meter, Individual Gas Meter",8,2,NA,1055.0,1788099.0,12720.0,65,Bikeable,93,Walker's paradise,78,Excellent transit,Minimal,Minimal,Minor,Minimal,"Places4 groceries, 24 restaurants, 19 parksTransit24, 33, 35, 37, 6, F, KBUS, KT, L-OWL, M, TBUS","Sep 26, 2023","Price ChangedbridgeMLS, Bay East AOR, or Contra Costa AOR #41038948",1799000.0,"Sep 15, 2023","Listed (New)bridgeMLS, Bay East AOR, or Contra Costa AOR #41038948",1899000.0,https://www.redfin.com/CA/San-Francisco/3028-Market-St-94114/home/1469904,1.0,No Air Conditioning,2.5,,,,,,,,,,,,,,,,,,,,,,,,,,,,,,,,
MLS Listing,,Condo/Co-op,990 Duncan St Unit 307G,San Francisco,CA,94131,649000,1.0,1.0,San Francisco,744.0,6993.0,1972.0,16,872.0,688.0,Active,September-30-2023 02:00 PM,September-30-2023 04:00 PM,https://www.redfin.com/CA/San-Francisco/990-Duncan-St-94131/unit-307G/home/1681400,San Francisco MLS,423900428,N,Y,37.7453002,-122.4425216,Wall Furnace,"Carpet, Laminate","Cable Available, Internet Available",6,5,NA,872.0,646702.0,5277.0,63,Bikeable,63,Somewhat walkable,59,Good transit,Minimal,Minor,Minimal,Minimal,"Places7 groceries, 24 restaurants, 17 parksTransit24, 35, 36, 37, 44, 48, 52, KBUS, L-OWL","Oct 1, 2023",Relisted (Active)San Francisco MLS #423900428,NA,"Oct 1, 2023",DelistedSan Francisco MLS #423900428,NA,https://www.redfin.com/CA/San-Francisco/990-Duncan-St-94131/unit-307G/home/1681400,,None,,"Sep 14, 2023",Listed (Active)San Francisco MLS #423900428,649000.0,"Mar 5, 2007",DelistedSan Francisco MLS #319625,NA,"Feb 11, 2007",Price ChangedSan Francisco MLS #319625,505000.0,"Feb 8, 2007",ListedSan Francisco MLS #319625,500000.0,,,,,,,,,,,,,,,,,,,,
MLS Listing,,Condo/Co-op,400 Beale St #612,San Francisco,CA,94105,978000,2.0,2.0,SAN FRANCISCO,1075.0,,2002.0,24,910.0,1092.0,Active,October-1-2023 02:00 PM,October-1-2023 04:00 PM,https://www.redfin.com/CA/San-Francisco/400-Beale-St-94105/unit-612/home/868265,MLSListings,ML81940908,N,Y,37.7870715,-122.3909973,Central Forced Air,Wood,Public Utilities,5,3,NA,910.0,974406.0,8007.0,60,Bikeable,92,Walker's paradise,100,/100Rider's paradise,Major,NA,Minor,Minimal,"Places5 groceries, 16 restaurants, 6 parksTransit101, 114, 12, 130, 132, 150, 154, 172, 25, 38, 38R, 5, 5R, 7, 701, 702, 703, 704, 705, 706, 707, 714, B, C, CB, E, F, FS, G, H, J, KT, Lynx, M, N, N-OWL, NBUS, NL, NX, NX1, NX2, NX3, NX4, NXC, O, OX, P, TBUS, TC, V, W, Z","Sep 6, 2023",Listed (Active)MLSListings #ML81940908,978000.0,,,,https://www.redfin.com/CA/San-Francisco/400-Beale-St-94105/unit-612/home/868265,1.0,,2.5,,,,,,,,,,,,,"Assigned Spaces, Carport, Gate/Door Opener","Primary (Stall Shower(s)), Shower Over Tub, Updated Bath(s)",Dining Area,"Inside, Washer/Dryer","Exterior Painting, Garbage, Maintenance (Exterior), Management Fee",Monthly,Bridgeview Owners Association Assoc,,,,,,,,,,,,,
MLS Listing,,Vacant Land,666 Peralta Ave,San Francisco,CA,94110,750000,,,San Francisco,,1750.0,,36,,,Active,,,https://www.redfin.com/CA/San-Francisco/666-Peralta-Ave-94110/home/186420842,San Francisco MLS,423900078,N,Y,37.7419097,-122.4090035,,,,3,3,NA,,735678.0,5303.0,67,Bikeable,89,Very walkable,73,Excellent transit,Minimal,Minimal,Minor,Minimal,"Places5 groceries, 48 restaurants, 4 parksTransit12, 23, 24, 27, 292, 33, 397, 44, 67, 8, 8AX, 9, 90, 9R","Aug 23, 2023",Listed (Active)San Francisco MLS #423900078,750000.0,,,,https://www.redfin.com/CA/San-Francisco/666-Peralta-Ave-94110/home/186420842,,,,,,,,,,,,,,,,,,,,,,,,,,,,,,,,,,,
MLS Listing,,Condo/Co-op,50 Lansing St #805,San Francisco,CA,94105,1985000,2.0,2.5,San Francisco,1586.0,20082.0,2006.0,60,1252.0,1075.0,Active,,,https://www.redfin.com/CA/San-Francisco/50-Lansing-St-94105/unit-805/home/22886646,San Francisco MLS,423758554,N,Y,37.786127,-122.3942141,,,,5,3,NA,1252.0,1944964.0,15110.0,63,Bikeable,95,Walker's paradise,100,/100Rider's paradise,Minimal,NA,Minor,Minimal,"Places3 groceries, 20 restaurants, 5 parksTransit101, 114, 12, 130, 132, 150, 154, 172, 25, 38, 38R, 5, 5R, 7, 701, 704, 705, 714, 800, B, C, CB, F, FS, G, H, L, LA, Lynx, NL, NX, NX1, NX2, NX3, NX4, NXC, O, OX, P, Route 99, S, SB, SF, TC, V, W, Z","Aug 6, 2023",Price ChangedSan Francisco MLS #423758554,1985000.0,"Aug 1, 2023",Listed (Active)San Francisco MLS #423758554,2050000.0,https://www.redfin.com/CA/San-Francisco/50-Lansing-St-94105/unit-805/home/22886646,,,,"Feb 1, 2019",PendingSan Francisco MLS #480424,NA,"Jan 25, 2019",Listed (Active)San Francisco MLS #480424,1895000.0,,,,,,,,,,,,,,,,,,,,,,,,,,
MLS Listing,,Condo/Co-op,1800 Bryant St #211,San Francisco,CA,94110,750000,1.0,2.0,San Francisco,955.0,14972.0,2000.0,68,785.0,596.0,Active,,,https://www.redfin.com/CA/San-Francisco/1800-Bryant-St-94110/unit-211/home/1169978,San Francisco MLS,423757271,N,Y,37.7641196,-122.4108749,,,,5,7,NA,785.0,754782.0,5899.0,89,Very bikeable,97,Walker's paradise,84,Excellent transit,Minimal,Minimal,Minor,Minimal,"Places1 grocery, 23 restaurants, 2 parksTransit12, 14, 14R, 19, 22, 27, 292, 33, 397, 398, 49, 55, 714, 800, 9, 90, 9R, Blue-N, Blue-S, Green-N, Green-S, Red-N, Red-S, Yellow-N, Yellow-S","Sep 12, 2023",Price ChangedSan Francisco MLS #423757271,750000.0,"Aug 25, 2023",Price ChangedSan Francisco MLS #423757271,780000.0,https://www.redfin.com/CA/San-Francisco/1800-Bryant-St-94110/unit-211/home/1169978,,,,"Aug 8, 2023",Price ChangedSan Francisco MLS #423757271,850000.0,"Aug 2, 2023",Price ChangedSan Francisco MLS #423757271,924000.0,"Jul 24, 2023",Listed (Active)San Francisco MLS #423757271,924000.0,,,,,,,,,,,,,,,,,,,,,,,
MLS Listing,,Condo/Co-op,10 Innes Ct #307,San Francisco,CA,94124,650000,1.0,1.0,San Francisco,736.0,,2018.0,75,883.0,525.0,Active,,,https://www.redfin.com/CA/San-Francisco/10-Innes-Ct-94124/unit-307/home/161028244,San Francisco MLS,423755722,N,Y,37.7280682,-122.3679965,Central,"Tile, Wood",,2,4,4,883.0,647228.0,5121.0,23,Somewhat bikeable,37,Car-dependent,50,Good transit,Minimal,NA,Minor,Minimal,"Places6 groceries, 26 restaurants, 13 parksTransit15, 19, 23, 29, 44, 54, 91","Jul 17, 2023",Listed (Active)San Francisco MLS #423755722,650000.0,"Apr 9, 2019",PendingSan Francisco MLS #483111,NA,https://www.redfin.com/CA/San-Francisco/10-Innes-Ct-94124/unit-307/home/161028244,,Central,,"Apr 3, 2019",Listed (Active)San Francisco MLS #483111,699000.0,,,,,,,,,,,,,,,,,,,,,,,,,,,,,
MLS Listing,,Condo/Co-op,4529 18th St,San Francisco,CA,94114,1198000,2.0,1.5,SAN FRANCISCO,1243.0,,1925.0,128,964.0,,Active,,,https://www.redfin.com/CA/San-Francisco/4529-18th-St-94114/home/1834338,MLSListings,ML81929658,N,Y,37.7604952,-122.4400951,Other (See Remarks),,Public Utilities,7,2,NA,964.0,1194580.0,8471.0,65,Bikeable,96,Walker's paradise,79,Excellent transit,NA,NA,NA,NA,"Places4 groceries, 24 restaurants, 13 parksTransit24, 33, 35, 37, F, KBUS, KT, L-OWL, M, TBUS","Aug 22, 2023",Price ChangedMLSListings #ML81929658,1198000.0,"Jul 5, 2023",Price ChangedMLSListings #ML81929658,1248000.0,https://www.redfin.com/CA/San-Francisco/4529-18th-St-94114/home/1834338,,,2.5,"May 25, 2023",Listed (Active)MLSListings #ML81929658,1298000.0,,,,,,,,,,Other,,Eat in Kitchen,,,,HoA,2.0,,,,,,,,,,,,
MLS Listing,,Condo/Co-op,425 1st St #4306,San Francisco,CA,94105,1795000,2.0,2.0,San Francisco,1238.0,56024.0,2008.0,1,1450.0,1349.0,Active,September-30-2023 02:00 PM,September-30-2023 04:00 PM,https://www.redfin.com/CA/San-Francisco/425-1st-St-94105/unit-4306/home/17304825,San Francisco MLS,423748932,N,Y,37.7857131,-122.3922754,,,,5,3,NA,1450.0,1784774.0,14041.0,61,Bikeable,89,Very walkable,100,/100Rider's paradise,Minimal,NA,Minor,Minimal,"Places4 groceries, 17 restaurants, 8 parksTransit114, 12, 132, 154, 172, 25, 30, 38, 38R, 45, 5, 5R, 7, 701, 705, 714, 8, 8AX, 8BX, 91, B, C, CB, F, FS, G, H, KT, L, LA, Lynx, M, N, N-OWL, NBUS, NL, NX, NX1, NX2, NX3, NX4, NXC, O, OX, P, S, SB, TBUS, TC, V, W, Z","Sep 30, 2023",Listed (Active)San Francisco MLS #423748932,1795000.0,"Oct 23, 2012",PendingSan Francisco MLS #397694,NA,https://www.redfin.com/CA/San-Francisco/425-1st-St-94105/unit-4306/home/17304825,,,,"Oct 16, 2012",DelistedSan Francisco MLS #397694,NA,"Jun 28, 2012",PendingSan Francisco MLS #397694,NA,"Jun 7, 2012",,NA,,,,,,,,,,,,,,,,,,,,,,,
MLS Listing,,Condo/Co-op,51 Innes Ct,San Francisco,CA,94124,1290000,5.0,2.0,San Francisco,1600.0,13880.0,2017.0,1,806.0,894.0,Active,,,https://www.redfin.com/CA/San-Francisco/51-Innes-Ct-94124/home/145411020,San Francisco MLS,423905690,N,Y,37.7272117,-122.367848,,,,2,4,4,806.0,1289310.0,10015.0,31,Somewhat bikeable,32,Car-dependent,50,Good transit,Minimal,NA,Minor,Minimal,"Places6 groceries, 27 restaurants, 13 parksTransit15, 19, 23, 29, 44, 54, 91",,,,,,,https://www.redfin.com/CA/San-Francisco/51-Innes-Ct-94124/home/145411020,,,,,,,,,,,,,,,,,,,,,,,,,,,,,,,,,,,
MLS Listing,,Multi-Family (2-4 Unit),2557 - 2571 Filbert St,San Francisco,CA,94123,8750000,6.0,1.0,San Francisco,6713.0,8659.0,,1,1303.0,,Active,,,https://www.redfin.com/CA/San-Francisco/2557-Filbert-St-94123/home/1451738,San Francisco MLS,423913337,N,Y,37.7969974,-122.4416363,,,,5,8,NA,1303.0,,61868.0,64,Bikeable,96,Walker's paradise,71,Excellent transit,Minimal,Minimal,Minor,Minimal,"Places3 groceries, 28 restaurants, 1 parkTransit1, 101, 114, 130, 132, 150, 154, 172, 22, 24, 28, 30, 43, 45, 91","Sep 30, 2023",Listed (Active)San Francisco MLS #423913337,8750000.0,"Sep 11, 2023",Listed (Active)San Francisco MLS #423907253,8750000.0,https://www.redfin.com/CA/San-Francisco/2557-Filbert-St-94123/home/1451738,,,,,,,,,,,,,,,,,,,,,,,,,,,,,,,,,,,
MLS Listing,,Multi-Family (5+ Unit),601 - 609 Pennsylvania Ave,San Francisco,CA,94107,2998000,10.0,4.0,San Francisco,2840.0,,,1,1056.0,,Active,,,https://www.redfin.com/CA/San-Francisco/601-Pennsylvania-Ave-94107/home/1438865,BAREIS,423900205,N,Y,37.7588705,-122.3929889,"Varies By Unit, Gas, Floor Furnace, Fireplace Insert, Electric","Wood, Tile",,5,3,NA,1056.0,,21198.0,75,Very bikeable,91,Walker's paradise,70,Excellent transit,Minimal,Minimal,Minor,Minimal,"Places2 groceries, 30 restaurants, 6 parksTransit15, 19, 22, 48, 55, 91, B7, CCA/Adobe, East, KT, L1, L2, L3, L4, L5, L6, TBUS, TC, West","Sep 30, 2023",Listed (Active)BAREIS #423900205,2998000.0,"Jun 16, 2023",,NA,https://www.redfin.com/CA/San-Francisco/601-Pennsylvania-Ave-94107/home/1438865,,"Varies By Unit, Ceiling Fan(s)",,"May 26, 2023",,NA,"May 2, 2023",,NA,"Mar 13, 2023",,NA,"Feb 23, 2023",,NA,,,,,,,,,"Jan 24, 2023",NA,"Jan 3, 2023",NA,"Dec 15, 2022",NA,"Nov 30, 2022",NA,,,,
MLS Listing,,Single Family Residential,1835 Wawona St,San Francisco,CA,94116,1200000,3.0,2.0,San Francisco,1338.0,3824.0,,1,897.0,,Active,September-30-2023 01:00 PM,September-30-2023 04:00 PM,https://www.redfin.com/CA/San-Francisco/1835-Wawona-St-94116/home/1494129,San Francisco MLS,423760664,N,Y,37.7367662,-122.4868577,"Central, Gas","Tile, Wood",Natural Gas Connected,8,6,7,897.0,1307593.0,8485.0,47,Somewhat bikeable,68,Somewhat walkable,59,Good transit,Minimal,Minor,Minimal,Minimal,"Places3 groceries, 23 restaurants, 5 parksTransit122, 18, 23, 28, 29, 48, 57, 58, 66, 91, L-OWL, LBUS","Sep 29, 2023",Listed (Active)San Francisco MLS #423760664,1200000.0,,,,https://www.redfin.com/CA/San-Francisco/1835-Wawona-St-94116/home/1494129,,,,,,,,,,,,,,,,,,,,,,,,,,,,,,,,,,,
MLS Listing,,Single Family Residential,2287 47th Ave,San Francisco,CA,94116,1300000,2.0,1.0,SUNSET,1025.0,1625.0,1951.0,1,1268.0,,Active,,,https://www.redfin.com/CA/San-Francisco/2287-47th-Ave-94116/home/913242,"bridgeMLS, Bay East AOR, or Contra Costa AOR",41040681,N,Y,37.7439151,-122.5060458,Natural Gas,Carpet,,9,7,10,1268.0,1305761.0,9192.0,73,Very bikeable,59,Somewhat walkable,55,Good transit,Minimal,Minimal,Minor,Minimal,"Places4 groceries, 26 restaurants, 6 parksTransit18, 23, 29, 48, 58, 7, L-OWL, LBUS","Sep 29, 2023","Listed (Active)bridgeMLS, Bay East AOR, or Contra Costa AOR #41040681",1300000.0,,,,https://www.redfin.com/CA/San-Francisco/2287-47th-Ave-94116/home/913242,2.0,,2.5,,,,,,,,,,,,,,,,,,,,,,,,,,,,,,,,
MLS Listing,,Condo/Co-op,1 Steuart Ln #705,San Francisco,CA,94105,1559000,1.0,1.0,San Francisco,863.0,20415.0,2021.0,1,1806.0,2263.0,Active,September-30-2023 02:00 PM,September-30-2023 04:00 PM,https://www.redfin.com/CA/San-Francisco/1-Steuart-Ln-94105/unit-705/home/187766733,San Francisco MLS,423913513,N,Y,37.7916703,-122.391584,Central,Wood,,5,3,NA,1806.0,1556403.0,13286.0,80,Very bikeable,96,Walker's paradise,100,/100Rider's paradise,NA,NA,NA,NA,"Places3 groceries, 19 restaurants, 4 parksTransit101, 114, 12, 130, 132, 14, 14R, 150, 154, 172, 2, 25, 292, 38, 38R, 397, 398, 5, 5R, 6, 7, 701, 702, 703, 704, 705, 706, 707, 714, 9, 9R, E, F, FCX, HB, J, KBUS, KT, L-OWL, M, N, N-OWL, NBUS, NL, OA, P41, RCH, SEA, TBUS, TC, VJO, Z","Sep 29, 2023",Listed (Active)San Francisco MLS #423913513,1559000.0,,,,https://www.redfin.com/CA/San-Francisco/1-Steuart-Ln-94105/unit-705/home/187766733,,Central,,,,,,,,,,,,,,,,,,,,,,,,,,,,,,,,,
MLS Listing,,Multi-Family (2-4 Unit),3542 24th St,San Francisco,CA,94110,1795000,5.0,2.0,San Francisco,3208.0,3436.0,1900.0,1,560.0,,Active,,,https://www.redfin.com/CA/San-Francisco/3542-24th-St-94110/home/1157498,San Francisco MLS,423913484,N,Y,37.7522676,-122.4223704,,,,1,2,2,560.0,,12692.0,91,Biker's paradise,99,Walker's paradise,84,Excellent transit,Minimal,Minimal,Minor,Minimal,"Places4 groceries, 33 restaurants, 2 parksTransit12, 14, 14R, 24, 27, 33, 36, 48, 49, 67, 714, 800, Blue-N, Blue-S, Green-N, Green-S, J, Red-N, Red-S, Yellow-N, Yellow-S","Sep 29, 2023",Listed (Active)San Francisco MLS #423913484,1795000.0,"May 17, 2022",,NA,https://www.redfin.com/CA/San-Francisco/3542-24th-St-94110/home/1157498,,,,,,,,,,,,,,,,,,,,,,,,,,,,,,,,,,,
MLS Listing,,Single Family Residential,651 41st Ave,San Francisco,CA,94121,2675000,5.0,4.0,San Francisco,2345.0,2252.0,1923.0,1,1141.0,,Active,September-30-2023 02:00 PM,September-30-2023 04:00 PM,https://www.redfin.com/CA/San-Francisco/651-41st-Ave-94121/home/2003929,San Francisco MLS,423913188,N,Y,37.7764023,-122.5019344,Central,"Tile, Wood",Natural Gas Connected,9,8,7,1141.0,,18914.0,67,Bikeable,89,Very walkable,65,Good transit,Minimal,Moderate,Minor,Minimal,"Places6 groceries, 33 restaurants, 9 parksTransit1, 18, 29, 31, 38, 38R, 5, 5R","Sep 29, 2023",Listed (Active)San Francisco MLS #423913188,2675000.0,"Nov 18, 2020",PendingSan Francisco MLS #509817,NA,https://www.redfin.com/CA/San-Francisco/651-41st-Ave-94121/home/2003929,,None,,"Nov 13, 2020",Listed (Active)San Francisco MLS #509817,1298000.0,,,,,,,,,,,,,,,,,2.0,,,,,,,,,,,,
MLS Listing,,Single Family Residential,3425 Noriega St,San Francisco,CA,94122,998000,2.0,1.0,San Francisco,1124.0,2435.0,1945.0,1,888.0,,Active,September-30-2023 02:00 PM,September-30-2023 04:00 PM,https://www.redfin.com/CA/San-Francisco/3425-Noriega-St-94122/home/1574005,San Francisco MLS,423912663,N,Y,37.7529996,-122.5005452,"Central, Gas","Tile, Vinyl, Wood",,9,8,7,888.0,1014624.0,7056.0,82,Very bikeable,87,Very walkable,54,Good transit,Moderate,Minor,Minor,Minimal,"Places6 groceries, 28 restaurants, 6 parksTransit18, 29, 48, 7, L-OWL, LBUS, N, N-OWL, NBUS","Sep 29, 2023",Listed (Active)San Francisco MLS #423912663,998000.0,,,,https://www.redfin.com/CA/San-Francisco/3425-Noriega-St-94122/home/1574005,,None,,,,,,,,,,,,,,,,,,,,,,,,,,,,,,,,,
MLS Listing,,Condo/Co-op,62 Delmar St,San Francisco,CA,94117,1495000,3.0,1.5,San Francisco,1149.0,1999.0,1908.0,1,1301.0,325.0,Active,September-30-2023 02:00 PM,September-30-2023 04:00 PM,https://www.redfin.com/CA/San-Francisco/62-Delmar-St-94117/home/49781089,San Francisco MLS,423913227,N,Y,37.7680776,-122.4455586,Fireplace(s),"Tile, Wood",,8,2,8,1301.0,,10896.0,73,Very bikeable,97,Walker's paradise,77,Excellent transit,Minimal,NA,Minor,Minimal,"Places7 groceries, 27 restaurants, 4 parksTransit21, 33, 37, 43, 5, 5R, 6, 7, N, N-OWL, NBUS","Sep 29, 2023",Listed (Active)San Francisco MLS #423913227,1495000.0,"Oct 8, 2021",ListedSan Francisco MLS #421589291,1395000.0,https://www.redfin.com/CA/San-Francisco/62-Delmar-St-94117/home/49781089,,,,,,,,,,,,,,,,,,,,,,,,,,,,,,,,,,,
MLS Listing,,Single Family Residential,574 Silver Ave,San Francisco,CA,94112,949000,2.0,2.0,San Francisco,,3210.0,1919.0,1,,,Active,October-1-2023 02:00 PM,October-1-2023 04:00 PM,https://www.redfin.com/CA/San-Francisco/574-Silver-Ave-94112/home/772429,San Francisco MLS,423912576,N,Y,37.7284594,-122.4247282,"Central, Gas, Wall Furnace","Tile, Vinyl",,5,5,5,,956888.0,6710.0,58,Bikeable,68,Somewhat walkable,77,Excellent transit,Minimal,Minimal,Minimal,Minimal,"Places5 groceries, 33 restaurants, 7 parksTransit14, 14R, 23, 29, 35, 36, 44, 49, 52, 54, 67, J","Sep 29, 2023",Listed (Active)San Francisco MLS #423912576,949000.0,,,,https://www.redfin.com/CA/San-Francisco/574-Silver-Ave-94112/home/772429,,None,,,,,,,,,,,,,,,,,,,,,1.0,,,,,,,,,,,,
MLS Listing,,Condo/Co-op,451 Kansas St #398,San Francisco,CA,94107,1089000,2.0,2.0,San Francisco,931.0,80311.0,2007.0,1,1170.0,689.0,Active,October-1-2023 02:00 PM,October-1-2023 04:00 PM,https://www.redfin.com/CA/San-Francisco/451-Kansas-St-94107/unit-398/home/23424294,San Francisco MLS,423913191,N,Y,37.7637484,-122.4027468,Electric,"Tile, Wood",,5,3,NA,1089.0,1089137.0,8389.0,72,Very bikeable,96,Walker's paradise,74,Excellent transit,Minimal,NA,Moderate,Minimal,"Places3 groceries, 33 restaurants, 5 parksTransit19, 22, 27, 292, 33, 397, 48, 55, 9, 90, 9R, CCA/Adobe, TC, West","Sep 29, 2023",Listed (Active)San Francisco MLS #423913191,1089000.0,"Jun 10, 2016",PendingSan Francisco MLS #446462,NA,https://www.redfin.com/CA/San-Francisco/451-Kansas-St-94107/unit-398/home/23424294,,None,,"Jun 3, 2016",Listed (Active)San Francisco MLS #446462,995000.0,,,,,,,,,,,,,,,,,,,,,,,,,,,,,
MLS Listing,,Condo/Co-op,1501 Filbert St Ph 7F,San Francisco,CA,94123,2995000,2.0,2.5,San Francisco,1634.0,10900.0,2014.0,1,1833.0,979.0,Active,,,https://www.redfin.com/CA/San-Francisco/1501-Filbert-St-94123/unit-7F/home/102817181,San Francisco MLS,423913352,N,Y,37.7991911,-122.4245164,,"Carpet, Wood",,6,6,7,1833.0,2992523.0,22156.0,77,Very bikeable,100,/100Walker's paradise,82,Excellent transit,Minimal,NA,Minor,Minimal,"Places4 groceries, 22 restaurants, 0 parksTransit1, 101, 114, 12, 130, 132, 150, 154, 172, 19, 27, 28, 30, 43, 45, 49, 90, 91, PH","Sep 29, 2023",Listed (Active)San Francisco MLS #423913352,2995000.0,"Jun 27, 2018",DelistedSan Francisco MLS #470700,NA,https://www.redfin.com/CA/San-Francisco/1501-Filbert-St-94123/unit-7F/home/102817181,,,,"May 11, 2018",,NA,,,,,,,,,,,,,,,,,,,,,,,,,,,,,
MLS Listing,,Condo/Co-op,396 Guerrero St,San Francisco,CA,94103,1395000,3.0,1.5,San Francisco,1738.0,3043.0,1907.0,1,803.0,393.0,Active,September-30-2023 12:00 PM,September-30-2023 02:00 PM,https://www.redfin.com/CA/San-Francisco/396-Guerrero-St-94103/home/12353103,San Francisco MLS,423913397,N,Y,37.7649803,-122.4243613,Central,"Tile, Wood",,2,2,2,803.0,1409517.0,10257.0,100,/100Biker's paradise,99,Walker's paradise,97,Rider's paradise,Minimal,NA,Minor,Minimal,"Places0 groceries, 37 restaurants, 0 parksTransit12, 14, 14R, 22, 27, 33, 37, 49, 55, 6, 7, 714, 800, Blue-N, Blue-S, F, Green-N, Green-S, J, KBUS, KT, L-OWL, M, N, N-OWL, NBUS, Red-N, Red-S, TBUS, Yellow-N, Yellow-S","Sep 29, 2023",Listed (Active)San Francisco MLS #423913397,1395000.0,"Apr 30, 2017",PendingSan Francisco MLS #456377,NA,https://www.redfin.com/CA/San-Francisco/396-Guerrero-St-94103/home/12353103,,,,"Apr 21, 2017",Contingent (Contingent - Show)San Francisco MLS #456377,NA,"Mar 31, 2017",Listed (Active)San Francisco MLS #456377,1295000.0,,,,,,,,,,,,,,,,,,,,,,,,,,
MLS Listing,,Condo/Co-op,2999 California St #63,San Francisco,CA,94115,619000,1.0,1.0,San Francisco,613.0,4761.0,1929.0,1,1010.0,645.0,Active,October-1-2023 01:00 PM,October-1-2023 03:00 PM,https://www.redfin.com/CA/San-Francisco/2999-California-St-94115/unit-63/home/102816748,San Francisco MLS,423913379,N,Y,37.7874366,-122.4435262,Steam,Wood,,5,8,7,1010.0,632496.0,5022.0,81,Very bikeable,97,Walker's paradise,71,Excellent transit,Minimal,Minimal,Minor,Minimal,"Places4 groceries, 24 restaurants, 1 parkTransit1, 2, 22, 24, 31, 38, 38R, 43, 45, 5","Sep 29, 2023",Listed (Active)San Francisco MLS #423913379,619000.0,"May 6, 2005",DelistedSan Francisco MLS #286962,NA,https://www.redfin.com/CA/San-Francisco/2999-California-St-94115/unit-63/home/102816748,,,,"Apr 15, 2005",ListedSan Francisco MLS #286962,459000.0,,,,,,,,,,,,,,,,,,,,,,,,,,,,,
MLS Listing,,Multi-Family (5+ Unit),648 - 656 Pacific Ave,San Francisco,CA,94133,2995000,0.0,,San Francisco,15039.0,8023.0,1911.0,1,199.0,,Active,,,https://www.redfin.com/CA/San-Francisco/648-Pacific-Ave-94133/home/161024736,San Francisco MLS,423913380,N,Y,37.7972251,-122.4065256,"Central, Gas","Tile, Vinyl",,7,4,NA,199.0,,21177.0,73,Very bikeable,100,/100Walker's paradise,100,/100Rider's paradise,NA,NA,NA,NA,"Places3 groceries, 43 restaurants, 0 parksTransit1, 114, 12, 132, 154, 172, 30, 39, 45, 8, 8AX, 8BX, 91, C, PH, PM","Sep 29, 2023",Listed (Active)San Francisco MLS #423913380,2995000.0,"Oct 31, 2019",Delisted (Canceled)San Francisco MLS #483103,NA,https://www.redfin.com/CA/San-Francisco/648-Pacific-Ave-94133/home/161024736,,,,"Apr 3, 2019",,NA,,,,,,,,,,,,,,,,,,,,,,,,,,,,,
MLS Listing,,Condo/Co-op,401 Harrison St Unit 18F,San Francisco,CA,94105,1245000,1.0,1.0,San Francisco,830.0,56023.0,2014.0,1,1500.0,1546.0,Active,September-30-2023 02:00 PM,September-30-2023 04:00 PM,https://www.redfin.com/CA/San-Francisco/401-Harrison-St-94105/unit-18F/home/110263325,San Francisco MLS,423906981,N,Y,37.7863747,-122.3919931,Central,Wood,,5,3,NA,1500.0,,10349.0,57,Bikeable,94,Walker's paradise,100,/100Rider's paradise,Minimal,NA,Minor,Minimal,"Places4 groceries, 15 restaurants, 6 parksTransit101, 114, 12, 130, 132, 150, 154, 172, 25, 38, 38R, 5, 5R, 7, 701, 702, 703, 704, 705, 706, 707, 714, B, C, CB, E, F, FS, G, H, J, KT, LA, Lynx, M, N, N-OWL, NBUS, NL, NX, NX1, NX2, NX3, NX4, NXC, O, OX, P, TBUS, TC, V, W, Z","Sep 15, 2023",Listed (Active)San Francisco MLS #423906981,1245000.0,,,,https://www.redfin.com/CA/San-Francisco/401-Harrison-St-94105/unit-18F/home/110263325,,"Central, Heat Pump",,,,,,,,,,,,,,,,,,,,,,,,,,,,,,,,,
MLS Listing,,Single Family Residential,182 Alpine Ter,San Francisco,CA,94117,1795000,3.0,3.0,San Francisco,2080.0,2250.0,1908.0,1,863.0,,Active,October-4-2023 11:00 AM,October-4-2023 01:00 PM,https://www.redfin.com/CA/San-Francisco/182-Alpine-Ter-94117/home/1101884,San Francisco MLS,423913361,N,Y,37.7675627,-122.4375008,,,,8,2,2,863.0,1861424.0,12692.0,65,Bikeable,93,Walker's paradise,85,Excellent transit,Minimal,Minimal,Minor,Minimal,"Places5 groceries, 22 restaurants, 11 parksTransit21, 22, 24, 33, 35, 37, 43, 6, 7, F, KBUS, KT, L-OWL, M, N, N-OWL, NBUS, TBUS","Sep 29, 2023",Listed (Active)San Francisco MLS #423913361,1795000.0,,,,https://www.redfin.com/CA/San-Francisco/182-Alpine-Ter-94117/home/1101884,,,,,,,,,,,,,,,,,,,,,,,,,,,,,,,,,,,
MLS Listing,,Single Family Residential,37 Saturn St,San Francisco,CA,94114,1195000,2.0,1.0,San Francisco,1100.0,2186.0,1900.0,1,1086.0,,Active,September-30-2023 12:00 PM,September-30-2023 02:00 PM,https://www.redfin.com/CA/San-Francisco/37-Saturn-St-94114/home/1637023,BAREIS,423912175,N,Y,37.7625977,-122.4416116,,,,8,2,NA,1086.0,1287675.0,8449.0,64,Bikeable,91,Walker's paradise,79,Excellent transit,Minimal,Minimal,Minor,Minimal,"Places4 groceries, 26 restaurants, 19 parksTransit24, 33, 35, 37, 6, F, KBUS, KT, L-OWL, M, TBUS","Sep 29, 2023",Listed (Active)BAREIS #423912175,1195000.0,,,,https://www.redfin.com/CA/San-Francisco/37-Saturn-St-94114/home/1637023,,,,,,,,,,,,,,,,,,,,,,,,,,,,,,,,,,,
MLS Listing,,Condo/Co-op,325 China Basin St #515,San Francisco,CA,94158,1395000,2.0,2.0,San Francisco,1295.0,58215.0,2008.0,1,1077.0,1159.0,Active,October-1-2023 02:00 PM,October-1-2023 04:00 PM,https://www.redfin.com/CA/San-Francisco/325-China-Basin-St-94158/unit-515/home/21966272,San Francisco MLS,423912278,N,Y,37.7719487,-122.3875674,Electric,"Carpet, Tile, Wood",,5,3,NA,1077.0,1390499.0,11023.0,93,Biker's paradise,86,Very walkable,76,Excellent transit,Major,NA,Minor,Minimal,"Places2 groceries, 40 restaurants, 5 parksTransit114, 12, 132, 15, 154, 172, 19, 22, 30, 45, 48, 55, 8, 8AX, 8BX, 91, B7, Berk - P52 - P1.5, Berk-SF, CCA/Adobe, East, KT, L1, L2, L3, L4, L5, L6, Megabus, N, N-OWL, NBUS, TBUS, TC, West","Sep 29, 2023",Listed (Active)San Francisco MLS #423912278,1395000.0,"Mar 8, 2009",DelistedSan Francisco MLS #353178,NA,https://www.redfin.com/CA/San-Francisco/325-China-Basin-St-94158/unit-515/home/21966272,,,,"Feb 24, 2009",,NA,,,,,,,,,,,,,,,,,,,,,,,,,,,,,
MLS Listing,,Condo/Co-op,1490 Francisco St #9,San Francisco,CA,94123,1349000,2.0,1.0,San Francisco,,5000.0,1924.0,1,,613.0,Active,September-30-2023 01:00 PM,September-30-2023 03:00 PM,https://www.redfin.com/CA/San-Francisco/1490-Francisco-St-94123/unit-9/home/170576384,San Francisco MLS,423911043,N,Y,37.802786,-122.4295821,,"Tile, Wood",,6,6,7,,1349320.0,10151.0,96,Biker's paradise,95,Walker's paradise,77,Excellent transit,Minimal,Minimal,Minor,Minimal,"Places4 groceries, 14 restaurants, 9 parksTransit101, 114, 130, 132, 150, 154, 172, 19, 22, 28, 30, 43, 45, 49, 90, 91, PH","Sep 29, 2023",Listed (Active)San Francisco MLS #423911043,1349000.0,"Apr 6, 2020",PendingSan Francisco MLS #494465,NA,https://www.redfin.com/CA/San-Francisco/1490-Francisco-St-94123/unit-9/home/170576384,,Window Unit(s),,"Feb 27, 2020",Contingent (Contingent - Show)San Francisco MLS #494465,NA,"Feb 14, 2020",Listed (Active)San Francisco MLS #494465,1150000.0,,,,,,,,,,,,,,,,,,,,,,,,,,
MLS Listing,,Condo/Co-op,160 Graystone Ter #9,San Francisco,CA,94114,975000,1.0,1.0,San Francisco,918.0,,1951.0,1,1062.0,998.0,Active,September-30-2023 02:00 PM,September-30-2023 04:00 PM,https://www.redfin.com/CA/San-Francisco/160-Graystone-Ter-94114/unit-9/home/12352812,San Francisco MLS,423913336,N,Y,37.7571927,-122.4460382,,,,9,8,NA,1062.0,,7892.0,47,Somewhat bikeable,57,Somewhat walkable,67,Good transit,Minimal,Minimal,Minimal,Minimal,"Places7 groceries, 20 restaurants, 22 parksTransit33, 35, 36, 37, 43, 6, KBUS, L-OWL","Sep 29, 2023",Listed (Active)San Francisco MLS #423913336,975000.0,"Jun 6, 2006",DelistedSan Francisco MLS #299459,NA,https://www.redfin.com/CA/San-Francisco/160-Graystone-Ter-94114/unit-9/home/12352812,,,,"Dec 9, 2005",ListedSan Francisco MLS #299459,659000.0,,,,,,,,,,,,,,,,,,,,,,,,,,,,,
MLS Listing,,Condo/Co-op,58 Varennes St Unit B,San Francisco,CA,94133,699000,2.0,1.0,San Francisco,580.0,1050.0,1906.0,1,1205.0,125.0,Active,October-1-2023 02:00 PM,October-1-2023 04:00 PM,https://www.redfin.com/CA/San-Francisco/58-Varennes-St-94133/unit-B/home/541367,San Francisco MLS,423912285,N,Y,37.8005638,-122.4067219,,"Parquet, Tile",,9,4,NA,1205.0,699790.0,5142.0,63,Bikeable,100,/100Walker's paradise,90,Rider's paradise,Minimal,Minimal,Minor,Minimal,"Places2 groceries, 49 restaurants, 4 parksTransit1, 114, 12, 132, 154, 172, 30, 39, 45, 8, 8AX, 8BX, 91, F, L-OWL, PH, PM","Sep 29, 2023",Listed (Active)San Francisco MLS #423912285,699000.0,,,,https://www.redfin.com/CA/San-Francisco/58-Varennes-St-94133/unit-B/home/541367,,,,,,,,,,,,,,,,,,,,,,,,,,,,,,,,,,,
MLS Listing,,Condo/Co-op,169 Parnassus Ave,San Francisco,CA,94117,1995000,3.0,2.0,San Francisco,1848.0,3008.0,1890.0,1,1080.0,250.0,Active,October-1-2023 12:00 PM,October-1-2023 02:00 PM,https://www.redfin.com/CA/San-Francisco/169-Parnassus-Ave-94117/home/28940402,San Francisco MLS,423761154,N,Y,37.7643629,-122.451658,"Central, Fireplace(s), Gas","Carpet, Wood",,7,8,8,1080.0,2008379.0,14356.0,70,Very bikeable,96,Walker's paradise,68,Good transit,Minimal,NA,Minimal,Minimal,"Places4 groceries, 27 restaurants, 4 parksTransit21, 33, 37, 43, 6, 7, N, N-OWL, NBUS","Sep 29, 2023",Listed (Active)San Francisco MLS #423761154,1995000.0,,,,https://www.redfin.com/CA/San-Francisco/169-Parnassus-Ave-94117/home/28940402,,,,,,,,,,,,,,,,,,,,,,,,,,,,,,,,,,,
MLS Listing,,Single Family Residential,2800 Pacific Ave,San Francisco,CA,94115,14995000,5.0,5.0,San Francisco,8179.0,9130.0,1908.0,1,1833.0,,Active,,,https://www.redfin.com/CA/San-Francisco/2800-Pacific-Ave-94115/home/1040354,San Francisco MLS,423911656,N,Y,37.7926794,-122.4417475,"Central, Gas",Wood,,5,8,NA,1833.0,,106024.0,59,Bikeable,91,Walker's paradise,73,Excellent transit,Minimal,Minimal,Minor,Minimal,"Places2 groceries, 22 restaurants, 3 parksTransit1, 101, 114, 130, 132, 150, 154, 172, 2, 22, 24, 28, 30, 38, 38R, 43, 45, 91","Sep 29, 2023",Listed (Active)San Francisco MLS #423911656,14995000.0,"Feb 28, 2014",Pending (Contingent - Show)San Francisco MLS #398164,NA,https://www.redfin.com/CA/San-Francisco/2800-Pacific-Ave-94115/home/1040354,,,,"Nov 13, 2013",Price ChangedSan Francisco MLS #398164,8900000.0,"Nov 12, 2013",Price ChangedSan Francisco MLS #398164,8999000.0,"Sep 11, 2013",Price ChangedSan Francisco MLS #398164,9650000.0,"May 1, 2013",Price Changed (Active)San Francisco MLS #398164,11995000.0,,,,,,,,,"May 1, 2013",NA,"Feb 28, 2013",NA,"Oct 4, 2012",9750000.0,"Jun 22, 2012",10950000.0,Relisted (Active)San Francisco MLS #398164,DelistedSan Francisco MLS #398164,Price ChangedSan Francisco MLS #398164,Listed (Active)San Francisco MLS #398164
MLS Listing,,Condo/Co-op,1945 Washington St #402,San Francisco,CA,94109,995000,2.0,2.0,San Francisco,983.0,17557.0,1987.0,1,1012.0,760.0,Active,October-1-2023 02:00 PM,October-1-2023 04:00 PM,https://www.redfin.com/CA/San-Francisco/1945-Washington-St-94109/unit-402/home/1069593,San Francisco MLS,423913121,N,Y,37.7925414,-122.4254555,Baseboard,,,6,6,7,1012.0,995811.0,7795.0,62,Bikeable,96,Walker's paradise,85,Excellent transit,Minimal,Minimal,Minor,Minimal,"Places1 grocery, 15 restaurants, 6 parksTransit1, 101, 12, 130, 150, 19, 2, 24, 27, 38, 38R, 45, 49, 90, C, PH","Sep 28, 2023",Listed (Active)San Francisco MLS #423913121,995000.0,,,,https://www.redfin.com/CA/San-Francisco/1945-Washington-St-94109/unit-402/home/1069593,,None,,,,,,,,,,,,,,,,,,,,,,,,,,,,,,,,,
MLS Listing,,Single Family Residential,478 Gates St,San Francisco,CA,94110,1995000,3.0,3.5,San Francisco,,1751.0,1906.0,1,,,Active,September-30-2023 02:00 PM,September-30-2023 04:00 PM,https://www.redfin.com/CA/San-Francisco/478-Gates-St-94110/home/1950786,San Francisco MLS,423756305,N,Y,37.737379,-122.4142406,"MultiZone, Radiant",Wood,"Internet Available, See Remarks",3,3,1,,2011966.0,14106.0,65,Bikeable,92,Walker's paradise,74,Excellent transit,Minimal,Minimal,Minor,Minimal,"Places8 groceries, 27 restaurants, 9 parksTransit14, 14R, 23, 24, 292, 36, 397, 44, 49, 67, 9, 90, 9R","Sep 29, 2023",Listed (Active)San Francisco MLS #423756305,1995000.0,"Oct 12, 2020",,NA,https://www.redfin.com/CA/San-Francisco/478-Gates-St-94110/home/1950786,,,,"Oct 6, 2020",,NA,"Sep 19, 2020",,NA,"Aug 20, 2020",Relisted (Active)San Francisco MLS #500837,NA,"Jul 30, 2020",Contingent (Contingent - Show)San Francisco MLS #500837,NA,,,,,,,,3.0,"Jul 13, 2020",NA,,,,,,,,,,
MLS Listing,,Condo/Co-op,160 Graystone Ter #8,San Francisco,CA,94114,950000,1.0,1.0,San Francisco,766.0,,1951.0,1,1240.0,874.0,Active,September-30-2023 02:00 PM,September-30-2023 04:00 PM,https://www.redfin.com/CA/San-Francisco/160-Graystone-Ter-94114/unit-8/home/12352811,San Francisco MLS,423913291,N,Y,37.7571927,-122.4460382,Central,"Stone, Wood",,9,8,NA,1240.0,,7676.0,47,Somewhat bikeable,57,Somewhat walkable,67,Good transit,Minimal,Minimal,Minimal,Minimal,"Places7 groceries, 20 restaurants, 22 parksTransit33, 35, 36, 37, 43, 6, KBUS, L-OWL","Sep 29, 2023",Listed (Active)San Francisco MLS #423913291,950000.0,"Jun 3, 2010",Pending (Contingent - Show)San Francisco MLS #370267,NA,https://www.redfin.com/CA/San-Francisco/160-Graystone-Ter-94114/unit-8/home/12352811,,,,"May 7, 2010",Listed (Active)San Francisco MLS #370267,509000.0,,,,,,,,,,,,,,,,,1.0,,,,,,,,,,,,
MLS Listing,,Multi-Family (2-4 Unit),1273 Dolores St,San Francisco,CA,94110,2397000,5.0,3.0,San Francisco,3689.0,3123.0,1904.0,1,650.0,,Active,September-30-2023 02:00 PM,September-30-2023 04:00 PM,https://www.redfin.com/CA/San-Francisco/1273-Dolores-St-94110/home/1328243,San Francisco MLS,423744047,N,Y,37.749125,-122.424472,,,,7,3,2,650.0,2356479.0,17161.0,85,Very bikeable,97,Walker's paradise,83,Excellent transit,Minimal,Minimal,Minor,Minimal,"Places7 groceries, 20 restaurants, 3 parksTransit12, 14, 14R, 24, 27, 36, 48, 49, 67, 714, 800, Blue-N, Blue-S, Green-N, Green-S, J, Red-N, Red-S, Yellow-N, Yellow-S","Sep 29, 2023",Listed (Active)San Francisco MLS #423744047,2397000.0,"Sep 21, 2021",Contingent (Contingent - Show)San Francisco MLS #421587185,NA,https://www.redfin.com/CA/San-Francisco/1273-Dolores-St-94110/home/1328243,,,,"Aug 29, 2021",Listed (Active)San Francisco MLS #421587185,2160000.0,,,,,,,,,,,,,,,,,,,,,,,,,,,,,
MLS Listing,,Condo/Co-op,1750 Taylor St #603,San Francisco,CA,94133,3195000,2.0,2.0,San Francisco,1790.0,35706.0,1964.0,1,1785.0,2593.0,Active,,,https://www.redfin.com/CA/San-Francisco/1750-Taylor-St-94133/unit-603/home/12399898,San Francisco MLS,423912060,N,Y,37.7987349,-122.4132863,"Central, Electric","Carpet, Wood",,9,4,NA,1785.0,3184461.0,21856.0,64,Bikeable,98,Walker's paradise,82,Excellent transit,Minimal,Minimal,Minor,Minimal,"Places4 groceries, 31 restaurants, 3 parksTransit1, 12, 27, 30, 39, 45, 8, 8AX, 8BX, 91, PH, PM","Oct 1, 2023",Contingent (Contingent - No Show)San Francisco MLS #423912060,NA,"Sep 29, 2023",Listed (Active)San Francisco MLS #423912060,3195000.0,https://www.redfin.com/CA/San-Francisco/1750-Taylor-St-94133/unit-603/home/12399898,,,,"Apr 3, 1997",DelistedSan Francisco MLS #19575,NA,"Mar 19, 1997",ListedSan Francisco MLS #19575,895000.0,,,,,,,,,,,,,,,,,,,,,,,,,,
MLS Listing,,Multi-Family (2-4 Unit),989 - 991 Duncan St,San Francisco,CA,94131,2195000,4.0,4.0,San Francisco,2660.0,4661.0,1962.0,1,825.0,,Active,October-1-2023 02:45 PM,October-1-2023 04:00 PM,https://www.redfin.com/CA/San-Francisco/989-Duncan-St-94131/home/1151290,San Francisco MLS,423913091,N,Y,37.7448434,-122.4427327,Central,"Tile, Wood","Cable Connected, City",6,5,NA,825.0,,15520.0,65,Bikeable,75,Very walkable,58,Good transit,Minimal,Minor,Minimal,Minimal,"Places6 groceries, 26 restaurants, 17 parksTransit35, 36, 37, 44, 48, 52, KBUS, L-OWL","Sep 29, 2023",Listed (Active)San Francisco MLS #423913091,2195000.0,,,,https://www.redfin.com/CA/San-Francisco/989-Duncan-St-94131/home/1151290,2.0,,,,,,,,,,,,,,,,,,,,,,3.0,,,,,,,,,,,,
MLS Listing,,Condo/Co-op,3975 Clay St,San Francisco,CA,94118,2695000,5.0,2.0,San Francisco,2509.0,3229.0,1911.0,1,1074.0,,Active,October-1-2023 03:00 PM,October-1-2023 05:00 PM,https://www.redfin.com/CA/San-Francisco/3975-Clay-St-94118/home/148072620,San Francisco MLS,423912222,N,Y,37.7873845,-122.4586713,,"Tile, Wood",,9,8,8,1074.0,2703789.0,19055.0,79,Very bikeable,90,Walker's paradise,61,Good transit,NA,NA,NA,NA,"Places6 groceries, 27 restaurants, 3 parksTransit1, 2, 21, 31, 33, 38, 38R, 43, 44, 5, 5R","Sep 29, 2023",Listed (Active)San Francisco MLS #423912222,2695000.0,"Dec 25, 2017",PendingSan Francisco MLS #463005,NA,https://www.redfin.com/CA/San-Francisco/3975-Clay-St-94118/home/148072620,,,,"Oct 19, 2017",Price ChangedSan Francisco MLS #463005,2495000.0,"Oct 9, 2017",Listed (Active)San Francisco MLS #463005,2695000.0,,,,,,,,,,,,,,,,,,,,,,,,,,
MLS Listing,,Condo/Co-op,25 Sierra St Unit E102,San Francisco,CA,94107,1295000,3.0,2.0,San Francisco,1680.0,48750.0,2007.0,1,771.0,914.0,Active,October-1-2023 02:00 PM,October-1-2023 04:00 PM,https://www.redfin.com/CA/San-Francisco/25-Sierra-St-94107/unit-E102/home/12402595,San Francisco MLS,423912790,N,Y,37.7582134,-122.3955026,"Fireplace(s), Wall Furnace","Carpet, Tile, Wood",,6,6,NA,771.0,,10070.0,59,Bikeable,93,Walker's paradise,71,Excellent transit,Minimal,NA,Moderate,Minimal,"Places3 groceries, 22 restaurants, 10 parksTransit15, 19, 22, 48, 55, 91, B7, CCA/Adobe, East, KT, L1, L2, L3, L4, L5, L6, TBUS, TC, West","Sep 29, 2023",Listed (Active)San Francisco MLS #423912790,1295000.0,"Apr 18, 2008",DelistedSan Francisco MLS #336441,NA,https://www.redfin.com/CA/San-Francisco/25-Sierra-St-94107/unit-E102/home/12402595,,,,"Apr 9, 2008",ContingentSan Francisco MLS #336441,NA,"Apr 1, 2008",Price ChangedSan Francisco MLS #336441,750000.0,"Mar 1, 2008",Price ChangedSan Francisco MLS #336441,775000.0,"Jan 31, 2008",ListedSan Francisco MLS #336441,799000.0,,,,,,,,,,,,,,,,,,,,
MLS Listing,,Condo/Co-op,4399 25th St,San Francisco,CA,94114,925000,1.0,1.0,San Francisco,,2100.0,1908.0,1,,215.0,Active,October-1-2023 02:00 PM,October-1-2023 04:00 PM,https://www.redfin.com/CA/San-Francisco/4399-25th-St-94114/home/114072051,San Francisco MLS,423913132,N,Y,37.7493102,-122.4381688,Central,"Carpet, Parquet, Tile",,7,3,NA,907.0,925747.0,6755.0,62,Bikeable,92,Walker's paradise,62,Good transit,Minimal,Minimal,Minor,Minimal,"Places5 groceries, 29 restaurants, 9 parksTransit24, 35, 37, 48, 52, KBUS, L-OWL","Sep 29, 2023",Listed (Active)San Francisco MLS #423913132,925000.0,"Nov 20, 2019",PendingSan Francisco MLS #490552,NA,https://www.redfin.com/CA/San-Francisco/4399-25th-St-94114/home/114072051,,Ceiling Fan(s),,"Sep 27, 2019",Listed (Active)San Francisco MLS #490552,799000.0,,,,,,,,,,,,,,,,,,,,,,,,,,,,,
MLS Listing,,Multi-Family (2-4 Unit),858 Ashbury St,San Francisco,CA,94117,3250000,5.0,5.0,San Francisco,5218.0,2656.0,1910.0,1,623.0,,Active,October-3-2023 12:00 PM,October-3-2023 02:00 PM,https://www.redfin.com/CA/San-Francisco/858-Ashbury-St-94117/home/1798919,San Francisco MLS,423913017,N,Y,37.7663162,-122.4459055,"Radiant Floor, Varies By Unit","Carpet, Varies By Unit, Wood",,8,2,8,623.0,3166875.0,22980.0,73,Very bikeable,97,Walker's paradise,75,Excellent transit,Minimal,Minimal,Minimal,Minimal,"Places9 groceries, 30 restaurants, 3 parksTransit21, 33, 37, 43, 6, 7, N, N-OWL, NBUS","Sep 28, 2023",Listed (Active)San Francisco MLS #423913017,3250000.0,"Apr 16, 2022",,NA,https://www.redfin.com/CA/San-Francisco/858-Ashbury-St-94117/home/1798919,1.0,,,,,,,,,,,,,,,,,,,,,,,,,,,,,,,,,,
MLS Listing,,Condo/Co-op,1050 N North Point St #206,San Francisco,CA,94109,675000,1.0,1.0,Russian Hill,676.0,26400.0,1963.0,1,999.0,849.0,Active,October-1-2023 01:00 PM,October-1-2023 04:00 PM,https://www.redfin.com/CA/San-Francisco/1050-N-Point-St-94109/unit-206/home/12400769,"bridgeMLS, Bay East AOR, or Contra Costa AOR",41040558,N,Y,37.8053959,-122.4248482,Electric,"Tile, Wood","All Public Utilities, Internet Available",9,4,7,999.0,,5622.0,79,Very bikeable,94,Walker's paradise,80,Excellent transit,Minimal,NA,Minor,Minimal,"Places7 groceries, 20 restaurants, 13 parksTransit101, 114, 130, 132, 150, 154, 172, 19, 28, 30, 43, 45, 49, 90, 91, F, L-OWL, PH, PM","Sep 29, 2023","Price ChangedbridgeMLS, Bay East AOR, or Contra Costa AOR #41040558",675000.0,"Sep 29, 2023","Listed (Active)bridgeMLS, Bay East AOR, or Contra Costa AOR #41040558",675000000.0,https://www.redfin.com/CA/San-Francisco/1050-N-Point-St-94109/unit-206/home/12400769,,,2.5,"Aug 5, 2015",ListedBAREIS #435911,574000.0,,,,,,,,,,,,,,,,,,,,,,,,,,,,,
MLS Listing,,Condo/Co-op,2001 Mcallister St #120,San Francisco,CA,94118,700000,1.0,1.0,San Francisco,680.0,98109.0,2002.0,1,1029.0,787.0,Active,September-30-2023 02:00 PM,September-30-2023 04:00 PM,https://www.redfin.com/CA/San-Francisco/2001-McAllister-St-94118/unit-120/home/12399951,San Francisco MLS,423913031,N,Y,37.776448,-122.4460603,Electric,"Carpet, Tile, Wood",,9,8,8,1029.0,,5799.0,93,Biker's paradise,96,Walker's paradise,73,Excellent transit,Minimal,NA,Minor,Minimal,"Places7 groceries, 23 restaurants, 4 parksTransit2, 21, 24, 31, 33, 37, 38, 38R, 43, 5, 5R, 6, 7, N-OWL, NBUS","Sep 29, 2023",Listed (Active)San Francisco MLS #423913031,700000.0,"Apr 25, 2019",PendingSan Francisco MLS #483602,NA,https://www.redfin.com/CA/San-Francisco/2001-McAllister-St-94118/unit-120/home/12399951,,,,"Apr 15, 2019",Listed (Active)San Francisco MLS #483602,750000.0,,,,,,,,,,,,,,,,,,,,,,,,,,,,,
MLS Listing,,Single Family Residential,139 Marietta Dr,San Francisco,CA,94127,1995000,3.0,2.5,San Francisco,2070.0,2469.0,1951.0,1,964.0,,Active,September-30-2023 01:00 PM,September-30-2023 04:00 PM,https://www.redfin.com/CA/San-Francisco/139-Marietta-Dr-94127/home/1637307,San Francisco MLS,423907002,N,Y,37.7407071,-122.4475864,"Central, Gas, Radiant","Bamboo, Wood",,6,5,NA,964.0,2047216.0,14283.0,53,Bikeable,61,Somewhat walkable,63,Good transit,Minimal,Minor,Minimal,Minimal,"Places6 groceries, 11 restaurants, 18 parksTransit23, 36, 37, 43, 44, 48, 52, KBUS, L-OWL","Sep 29, 2023",Listed (Active)San Francisco MLS #423907002,1995000.0,"Nov 6, 2020",PendingSan Francisco MLS #505052,NA,https://www.redfin.com/CA/San-Francisco/139-Marietta-Dr-94127/home/1637307,,,,"Sep 29, 2020",Price ChangedSan Francisco MLS #505052,2195000.0,"Sep 14, 2020",Listed (Active)San Francisco MLS #505052,2395000.0,,,,,,,,,,,,,,,,,,,,,,,,,,
MLS Listing,,Townhouse,620 Clarendon Ave,San Francisco,CA,94131,1329000,3.0,2.5,San Francisco,1763.0,843.0,1977.0,1,754.0,1200.0,Active,October-1-2023 02:00 PM,October-1-2023 04:00 PM,https://www.redfin.com/CA/San-Francisco/620-Clarendon-Ave-94131/home/1395050,San Francisco MLS,423913141,N,Y,37.752228,-122.4579032,Gas,"Tile, Vinyl",,9,8,NA,754.0,1336518.0,10597.0,37,Somewhat bikeable,42,Car-dependent,71,Excellent transit,Minimal,Minor,Minimal,Minimal,"Places8 groceries, 19 restaurants, 17 parksTransit36, 37, 43, 44, 48, 52, 6, 66, KBUS, KT, L-OWL, M","Sep 29, 2023",Listed (Active)San Francisco MLS #423913141,1329000.0,,,,https://www.redfin.com/CA/San-Francisco/620-Clarendon-Ave-94131/home/1395050,,,,,,,,,,,,,,,,,,,,,,,,,,,,,,,,,,,
MLS Listing,,Condo/Co-op,566 Vermont St,San Francisco,CA,94107,995000,2.0,1.0,San Francisco,,2495.0,1900.0,1,,250.0,Active,October-1-2023 02:00 PM,October-1-2023 04:00 PM,https://www.redfin.com/CA/San-Francisco/566-Vermont-St-94107/home/1767581,San Francisco MLS,423912674,N,Y,37.7624899,-122.4046053,Central,Wood,,5,3,NA,,1007618.0,7285.0,71,Very bikeable,96,Walker's paradise,76,Excellent transit,Minimal,Minimal,Minor,Minimal,"Places5 groceries, 27 restaurants, 4 parksTransit19, 22, 27, 292, 33, 397, 48, 55, 9, 90, 9R, CCA/Adobe","Sep 29, 2023",Listed (Active)San Francisco MLS #423912674,995000.0,"Sep 27, 2023",Listed (Active)San Francisco MLS #423912673,2140000.0,https://www.redfin.com/CA/San-Francisco/566-Vermont-St-94107/home/1767581,,,,,,,,,,,,,,,,,,,,,,,,,,,,,,,,,,,
MLS Listing,,Condo/Co-op,433 Upper Terrace Ter #4,San Francisco,CA,94117,1375000,2.0,2.0,San Francisco,,4996.0,1977.0,1,,590.0,Active,October-1-2023 01:00 PM,October-1-2023 03:00 PM,https://www.redfin.com/CA/San-Francisco/433-Upper-Ter-94117/unit-4/home/187753662,San Francisco MLS,423913187,N,Y,37.763647,-122.4455074,,,,8,2,NA,,,10312.0,66,Bikeable,86,Very walkable,74,Excellent transit,Minimal,Minimal,Minimal,Minimal,"Places9 groceries, 28 restaurants, 15 parksTransit33, 35, 37, 43, 6, 7, KBUS, L-OWL, N, N-OWL, NBUS","Sep 29, 2023",Listed (Active)San Francisco MLS #423913187,1375000.0,,,,https://www.redfin.com/CA/San-Francisco/433-Upper-Ter-94117/unit-4/home/187753662,,,,,,,,,,,,,,,,,,,,,,,,,,,,,,,,,,,
MLS Listing,,Condo/Co-op,433 Collingwood St Unit B,San Francisco,CA,94114,2199000,2.0,2.0,San Francisco,1769.0,3041.0,2003.0,1,1243.0,334.0,Active,,,https://www.redfin.com/CA/San-Francisco/433-Collingwood-St-94114/unit-B/home/872851,San Francisco MLS,423912460,N,Y,37.755446,-122.435282,,Wood,,7,2,NA,1243.0,2187260.0,15882.0,65,Bikeable,94,Walker's paradise,74,Excellent transit,Minimal,NA,Minor,Minimal,"Places5 groceries, 33 restaurants, 3 parksTransit24, 33, 35, 37, 48, F, J, KBUS, KT, L-OWL, M, TBUS","Sep 29, 2023",Listed (Active)San Francisco MLS #423912460,2199000.0,"Jul 31, 2015",PendingSan Francisco MLS #434919,NA,https://www.redfin.com/CA/San-Francisco/433-Collingwood-St-94114/unit-B/home/872851,,,,"Jul 16, 2015",Listed (Active)San Francisco MLS #434919,1738000.0,,,,,,,,,,,,,,,,,,,,,,,,,,,,,
MLS Listing,,Single Family Residential,407 Sawyer St,San Francisco,CA,94134,1275000,3.0,2.0,San Francisco,1476.0,1812.0,1948.0,1,864.0,,Active,September-30-2023 02:00 PM,September-30-2023 05:00 PM,https://www.redfin.com/CA/San-Francisco/407-Sawyer-St-94134/home/1614601,San Francisco MLS,423912915,N,Y,37.71301,-122.4142627,,,,5,3,NA,864.0,1287265.0,9015.0,50,Bikeable,67,Somewhat walkable,65,Good transit,Minimal,Moderate,Minor,Minimal,"Places5 groceries, 18 restaurants, 7 parksTransit24, 29, 292, 397, 54, 56, 8, 8AX, 8BX, 9, 91, 9R, BBC Shuttle, DCB Shuttle, DCB Shuttle (SamTrans), KT, TBUS","Sep 29, 2023",Listed (Active)San Francisco MLS #423912915,1275000.0,,,,https://www.redfin.com/CA/San-Francisco/407-Sawyer-St-94134/home/1614601,,,,,,,,,,,,,,,,,,,,,,,,,,,,,,,,,,,
MLS Listing,,Condo/Co-op,175 Bluxome St #327,San Francisco,CA,94107,829000,2.0,2.0,San Francisco,,30938.0,1998.0,1,,686.0,Active,September-30-2023 12:00 PM,September-30-2023 02:00 PM,https://www.redfin.com/CA/San-Francisco/175-Bluxome-St-94107/unit-327/home/12398183,San Francisco MLS,423912440,N,Y,37.7744041,-122.3996934,,Wood,,5,3,NA,,,6548.0,98,Biker's paradise,92,Walker's paradise,91,Rider's paradise,Severe,NA,Moderate,Minimal,"Places0 groceries, 33 restaurants, 4 parksTransit101, 114, 12, 130, 132, 14, 14R, 150, 154, 172, 19, 22, 27, 292, 30, 397, 398, 45, 55, 714, 8, 8AX, 8BX, 9, 90, 91, B7, CCA/Adobe, East, FCX, KT, L1, L2, L3, L4, L5, L6, Megabus, N, N-OWL, NBUS, TBUS, TC, West","Sep 29, 2023",Listed (Active)San Francisco MLS #423912440,829000.0,"Jun 28, 2015",Pending (Contingent - Show)San Francisco MLS #434171,NA,https://www.redfin.com/CA/San-Francisco/175-Bluxome-St-94107/unit-327/home/12398183,,Ceiling Fan(s),,"Jun 15, 2015",Listed (Active)San Francisco MLS #434171,899000.0,,,,,,,,,,,,,,,,,,,,,,,,,,,,,
MLS Listing,,Single Family Residential,66 Elsie St,San Francisco,CA,94110,3898000,5.0,4.0,San Francisco,2810.0,1751.0,1974.0,1,1387.0,,Active,September-30-2023 02:00 PM,September-30-2023 04:00 PM,https://www.redfin.com/CA/San-Francisco/66-Elsie-St-94110/home/1955807,San Francisco MLS,423905616,N,Y,37.7438097,-122.4172493,"Central, Gas","Tile, Wood",,3,3,1,1387.0,,27561.0,68,Bikeable,93,Walker's paradise,83,Excellent transit,Minimal,Minimal,Minor,Minimal,"Places6 groceries, 31 restaurants, 3 parksTransit12, 14, 14R, 23, 24, 27, 36, 48, 49, 67, 714, 800, Blue-N, Blue-S, Green-N, Green-S, J, Red-N, Red-S, Yellow-N, Yellow-S","Sep 29, 2023",Relisted (Active)San Francisco MLS #423905616,NA,"Sep 22, 2023",Listed (Active)San Francisco MLS #423905616,4000000.0,https://www.redfin.com/CA/San-Francisco/66-Elsie-St-94110/home/1955807,,,,"Mar 25, 2022",PendingSan Francisco MLS #422636441,NA,"Mar 18, 2022",Listed (Active)San Francisco MLS #422636441,1595000.0,,,,,,,,,,,,,,3.0,,,,,,,,,,,,
MLS Listing,,Single Family Residential,8 16th Ave,San Francisco,CA,94121,5495000,4.0,5.0,San Francisco,,3846.0,1912.0,1,,,Active,October-1-2023 02:00 PM,October-1-2023 04:00 PM,https://www.redfin.com/CA/San-Francisco/8-16th-Ave-94118/home/605171,San Francisco MLS,423913049,N,Y,37.786781,-122.4752724,"Radiant, Radiant Floor","Carpet, Wood",,8,8,NA,,,39341.0,94,Biker's paradise,84,Very walkable,65,Good transit,Major,Moderate,Minor,Minimal,"Places2 groceries, 30 restaurants, 7 parksTransit1, 28, 29, 31, 38, 38R, 44, 5, 5R, 91","Sep 29, 2023",Listed (Active)San Francisco MLS #423913049,5495000.0,"Nov 27, 2006",DelistedSan Francisco MLS #316347,NA,https://www.redfin.com/CA/San-Francisco/8-16th-Ave-94118/home/605171,,,,"Nov 3, 2006",ListedSan Francisco MLS #316347,1950000.0,,,,,,,,,,,,,,,,,3.0,,,,,,,,,,,,
MLS Listing,,Single Family Residential,226 Bocana St,San Francisco,CA,94110,1295000,2.0,2.0,San Francisco,1456.0,1794.0,1929.0,1,889.0,,Active,October-1-2023 02:30 PM,October-1-2023 04:00 PM,https://www.redfin.com/CA/San-Francisco/226-Bocana-St-94110/home/759843,San Francisco MLS,423911371,N,Y,37.7401638,-122.418267,"Central, Gas","Tile, Wood",,3,7,NA,889.0,,9156.0,67,Bikeable,95,Walker's paradise,77,Excellent transit,Minimal,Minimal,Minor,Minimal,"Places6 groceries, 34 restaurants, 4 parksTransit12, 14, 14R, 23, 24, 27, 36, 49, 67, J","Sep 29, 2023",Listed (Active)San Francisco MLS #423911371,1295000.0,,,,https://www.redfin.com/CA/San-Francisco/226-Bocana-St-94110/home/759843,,,,,,,,,,,,,,,,,,,,,,,,,,,,,,,,,,,
MLS Listing,,Condo/Co-op,1515 15th St #503,San Francisco,CA,94103,699000,1.0,1.0,SAN FRANCISCO,650.0,14125.0,2014.0,1,1075.0,600.0,Active,September-30-2023 02:00 PM,September-30-2023 04:00 PM,https://www.redfin.com/CA/San-Francisco/1515-15th-St-94103/unit-503/home/108273181,MLSListings,ML81943542,N,Y,37.7665977,-122.4181501,"Central Forced Air, Electric",Wood,Public Utilities,5,7,2,1075.0,697443.0,5542.0,100,/100Biker's paradise,99,Walker's paradise,98,Rider's paradise,Minimal,NA,Minor,Minimal,"Places5 groceries, 30 restaurants, 1 parkTransit12, 14, 14R, 22, 27, 292, 33, 397, 398, 49, 55, 6, 7, 714, 800, 9, 90, 9R, Blue-N, Blue-S, F, FCX, Green-N, Green-S, J, KBUS, KT, L-OWL, M, N, N-OWL, NBUS, Red-N, Red-S, TBUS, Yellow-N, Yellow-S","Sep 29, 2023",Listed (Active)MLSListings #ML81943542,699000.0,"Feb 25, 2022",ContingentMLSListings #ML81878818,NA,https://www.redfin.com/CA/San-Francisco/1515-15th-St-94103/unit-503/home/108273181,1.0,Central Forced Air,2.5,"Feb 17, 2022",Listed (Active)MLSListings #ML81878818,688000.0,,,,,,,,,,"Assigned Spaces, Attached Garage, Electric Gate, Enclosed, Gate/Door Opener","Shower Over Tub, Tile","Breakfast Bar, Dining Area in Living Room",Washer/Dryer,"Common Area Electricity, Common Area Gas, Decks, Garbage, Maintenance (Common Area), Reserves, Roof, Water",Monthly,Fifteen Fifteen,1.0,,,,,,,,,,,,
MLS Listing,,Condo/Co-op,3857 18th St,San Francisco,CA,94114,1350000,2.0,2.0,San Francisco,1563.0,2840.0,1885.0,1,864.0,763.0,Active,September-30-2023 02:00 PM,September-30-2023 04:00 PM,https://www.redfin.com/CA/San-Francisco/3857-18th-St-94114/home/12402162,San Francisco MLS,423912248,N,Y,37.7611361,-122.429647,Central,"Carpet, Tile, Wood",,7,2,2,864.0,1398592.0,10428.0,67,Bikeable,98,Walker's paradise,91,Rider's paradise,NA,NA,NA,NA,"Places1 grocery, 25 restaurants, 5 parksTransit22, 24, 33, 35, 37, F, J, KBUS, KT, L-OWL, M, N, N-OWL, NBUS, TBUS","Sep 29, 2023",Listed (Active)San Francisco MLS #423912248,1350000.0,"Aug 31, 2023",,NA,https://www.redfin.com/CA/San-Francisco/3857-18th-St-94114/home/12402162,,None,,"Jul 6, 2023",,NA,,,,,,,,,,,,,,,,,,,,,,,,,,,,,
MLS Listing,,Condo/Co-op,181 Fremont St Unit 55C,San Francisco,CA,94105,2995000,2.0,2.5,San Francisco,1605.0,15312.0,2018.0,1,1866.0,3433.0,Active,,,https://www.redfin.com/CA/San-Francisco/181-Fremont-St-94105/unit-55C/home/167020365,San Francisco MLS,423900453,N,Y,37.7896113,-122.3954593,"Central, Radiant Floor","Tile, Wood",,5,3,NA,1866.0,,24610.0,78,Very bikeable,99,Walker's paradise,100,/100Rider's paradise,NA,NA,NA,NA,"Places3 groceries, 24 restaurants, 7 parksTransit101, 114, 130, 132, 14, 14R, 150, 154, 172, 25, 292, 38, 38R, 397, 398, 5, 5R, 7, 701, 702, 703, 704, 705, 706, 707, 713, 714, 800, B, C, CB, E, F, FCX, G, H, J, Lynx, NL, NX, NX1, NX2, NX3, NX4, NXC, O, OX, P, TC, V, W, Z","Sep 28, 2023",Listed (Active)San Francisco MLS #423900453,2995000.0,,,,https://www.redfin.com/CA/San-Francisco/181-Fremont-St-94105/unit-55C/home/167020365,,,,,,,,,,,,,,,,,,,,,,,,,,,,,,,,,,,
MLS Listing,,Condo/Co-op,335 Berry St #108,San Francisco,CA,94158,527536,2.0,2.0,San Francisco,992.0,29040.0,2009.0,1,532.0,797.0,Active,October-6-2023 05:00 PM,October-6-2023 07:00 PM,https://www.redfin.com/CA/San-Francisco/335-Berry-St-94158/unit-108/home/28939190,San Francisco MLS,423913196,N,Y,37.7730819,-122.3962416,Central,"Carpet, Simulated Wood",,5,3,NA,532.0,527303.0,4527.0,94,Biker's paradise,84,Very walkable,83,Excellent transit,Major,NA,Minor,Minimal,"Places3 groceries, 28 restaurants, 6 parksTransit114, 12, 132, 15, 154, 172, 19, 22, 30, 45, 55, 8, 8AX, 8BX, 91, B7, Berk - P52 - P1.5, Berk-SF, CCA/Adobe, East, KT, L1, L2, L3, L4, L5, L6, Megabus, N, N-OWL, NBUS, TBUS, TC, West","Sep 29, 2023",Listed (Active)San Francisco MLS #423913196,527536.0,,,,https://www.redfin.com/CA/San-Francisco/335-Berry-St-94158/unit-108/home/28939190,,,,,,,,,,,,,,,,,,,,,,,,,,,,,,,,,,,
MLS Listing,,Condo/Co-op,88 King St #318,San Francisco,CA,94107,1188000,2.0,2.0,San Francisco,1116.0,82157.0,2000.0,1,1065.0,1250.0,Active,September-30-2023 02:00 PM,September-30-2023 04:00 PM,https://www.redfin.com/CA/San-Francisco/88-King-St-94107/unit-318/home/1381252,San Francisco MLS,423912336,N,Y,37.7806052,-122.3892138,"Electric, MultiZone","Carpet, Tile",,5,3,NA,1065.0,1192546.0,9672.0,89,Very bikeable,91,Walker's paradise,90,Rider's paradise,Minimal,NA,Minor,Minimal,"Places0 groceries, 33 restaurants, 4 parksTransit114, 12, 132, 154, 172, 22, 30, 45, 8, 8AX, 8BX, 91, B7, Berk - P52 - P1.5, Berk-SF, East, FS, G, H, KT, L, L1, L2, L3, L4, L5, L6, LA, M, Megabus, N, N-OWL, NBUS, NX3, NX4, NXC, S, SB, TBUS, TC, West","Sep 29, 2023",Listed (Active)San Francisco MLS #423912336,1188000.0,"Feb 2, 2022",PendingSan Francisco MLS #421605226,NA,https://www.redfin.com/CA/San-Francisco/88-King-St-94107/unit-318/home/1381252,,,,"Jan 10, 2022",Contingent (Contingent - Show)San Francisco MLS #421605226,NA,"Nov 30, 2021",Listed (Active)San Francisco MLS #421605226,1399000.0,,,,,,,,,,,,,,1.0,,,,,,,,,,,,
MLS Listing,,Single Family Residential,3014 Market St,San Francisco,CA,94114,1325000,2.0,1.0,San Francisco,1028.0,1838.0,1904.0,1,1289.0,,Active,September-30-2023 02:00 PM,September-30-2023 04:00 PM,https://www.redfin.com/CA/San-Francisco/3014-Market-St-94114/home/670759,San Francisco MLS,423909118,N,Y,37.7612851,-122.4415705,"Central, Gas, Natural Gas","Carpet, Laminate, Wood",,8,2,NA,1289.0,1412993.0,9369.0,65,Bikeable,93,Walker's paradise,78,Excellent transit,Minimal,Minimal,Minor,Minimal,"Places4 groceries, 25 restaurants, 18 parksTransit24, 33, 35, 37, 6, F, KBUS, KT, L-OWL, M, TBUS","Sep 29, 2023",Listed (Active)San Francisco MLS #423909118,1325000.0,"Jan 10, 1997",DelistedSan Francisco MLS #14949,NA,https://www.redfin.com/CA/San-Francisco/3014-Market-St-94114/home/670759,,None,,"Dec 31, 1996",ListedSan Francisco MLS #14949,289000.0,,,,,,,,,,,,,,,,,,,,,,,,,,,,,
MLS Listing,,Condo/Co-op,404 Ashbury St #1,San Francisco,CA,94117,549000,1.0,1.0,San Francisco,669.0,2868.0,1900.0,1,821.0,428.0,Active,October-1-2023 02:00 PM,October-1-2023 04:00 PM,https://www.redfin.com/CA/San-Francisco/404-Ashbury-St-94117/unit-1/home/187744339,San Francisco MLS,423912951,N,Y,37.7715955,-122.4470669,Natural Gas,Wood,,8,2,NA,821.0,574388.0,4359.0,86,Very bikeable,98,Walker's paradise,75,Excellent transit,Moderate,Minor,Minor,Minimal,"Places5 groceries, 26 restaurants, 2 parksTransit21, 31, 33, 37, 43, 5, 5R, 6, 7, N, N-OWL, NBUS","Sep 29, 2023",Listed (Active)San Francisco MLS #423912951,549000.0,,,,https://www.redfin.com/CA/San-Francisco/404-Ashbury-St-94117/unit-1/home/187744339,,,,,,,,,,,,,,,,,,,,,,,,,,,,,,,,,,,
MLS Listing,,Condo/Co-op,1699 Oak St,San Francisco,CA,94117,1249000,3.0,1.5,San Francisco,1421.0,2868.0,1900.0,1,879.0,487.0,Active,October-1-2023 02:00 PM,October-1-2023 04:00 PM,https://www.redfin.com/CA/San-Francisco/1699-Oak-St-94117/home/187744338,San Francisco MLS,423911308,N,Y,37.7716813,-122.4471152,Natural Gas,"Tile, Wood",,8,2,NA,879.0,1266050.0,9318.0,86,Very bikeable,98,Walker's paradise,75,Excellent transit,Moderate,Minor,Minor,Minimal,"Places5 groceries, 25 restaurants, 2 parksTransit21, 31, 33, 37, 43, 5, 5R, 6, 7, N, N-OWL, NBUS","Sep 29, 2023",Listed (Active)San Francisco MLS #423911308,1249000.0,,,,https://www.redfin.com/CA/San-Francisco/1699-Oak-St-94117/home/187744338,,,,,,,,,,,,,,,,,,,,,,,,,,,,,,,,,,,
MLS Listing,,Townhouse,79 Summit Way,San Francisco,CA,94132,1600000,3.0,2.5,San Francisco,2133.0,1422.0,2015.0,1,750.0,332.0,Active,September-30-2023 12:00 PM,September-30-2023 02:00 PM,https://www.redfin.com/CA/San-Francisco/79-Summit-Way-94132/home/109687140,San Francisco MLS,423912329,N,Y,37.7150992,-122.4749637,,,,6,5,10,750.0,1590190.0,11645.0,40,Somewhat bikeable,66,Somewhat walkable,74,Excellent transit,Minimal,Minor,Minor,Minimal,"Places4 groceries, 25 restaurants, 8 parksTransit110, 120, 121, 122, 130, 14R, 18, 28, 29, 54, 57, 58, 714, 91, Blue-N, Blue-S, DCB Shuttle, DCB Shuttle (SamTrans), DCS Shuttle, ECR, Green-N, Green-S, M, Red-N, Red-S, Yellow-N, Yellow-S","Oct 1, 2023",Listed (Active)CRMLS #SW23183068,1600000.0,"Jan 26, 2019",Pending (Pending (Do Not Show))MLSListings #ML81731766,NA,https://www.redfin.com/CA/San-Francisco/79-Summit-Way-94132/home/109687140,2.0,,2.5,"Nov 21, 2018",Listed (Active)MLSListings #ML81731766,1495000.0,,,,,,,,,,,,,,,,,5.0,,,,,,,,,,,,
MLS Listing,,Condo/Co-op,738 Fell St,San Francisco,CA,94117,1598000,3.0,2.5,San Francisco,1785.0,6875.0,1890.0,1,895.0,350.0,Active,September-30-2023 02:00 PM,September-30-2023 04:00 PM,https://www.redfin.com/CA/San-Francisco/738-Fell-St-94117/home/1313261,San Francisco MLS,423912937,N,Y,37.7751856,-122.4299981,Central,"Tile, Wood",,5,3,NA,895.0,1597845.0,11649.0,82,Very bikeable,98,Walker's paradise,93,Rider's paradise,Minimal,Minimal,Minor,Minimal,"Places7 groceries, 24 restaurants, 4 parksTransit21, 22, 24, 31, 37, 5, 5R, 6, 7, 800, F, J, KBUS, KT, L-OWL, M, N, N-OWL, NBUS, TBUS","Sep 29, 2023",Listed (Active)San Francisco MLS #423912937,1598000.0,"Oct 4, 2017",PendingSan Francisco MLS #461736,NA,https://www.redfin.com/CA/San-Francisco/738-Fell-St-94117/home/1313261,,,,"Sep 14, 2017",Listed (Active)San Francisco MLS #461736,1295000.0,,,,,,,,,,,,,,,,,,,,,,,,,,,,,
MLS Listing,,Condo/Co-op,764 Cole St #5,San Francisco,CA,94117,950000,1.0,1.0,San Francisco,,3125.0,1908.0,1,,330.0,Active,September-30-2023 02:00 PM,September-30-2023 04:00 PM,https://www.redfin.com/CA/San-Francisco/764-Cole-St-94117/unit-5/home/40364664,San Francisco MLS,423746825,N,Y,37.7674682,-122.4500443,Gas,"Wood, Tile",Natural Gas Connected,7,8,8,,946203.0,7132.0,81,Very bikeable,98,Walker's paradise,72,Excellent transit,Major,Minor,Minor,Minimal,"Places3 groceries, 35 restaurants, 1 parkTransit21, 33, 37, 43, 5, 5R, 6, 7, N, N-OWL, NBUS","Sep 29, 2023",Listed (Active)San Francisco MLS #423746825,950000.0,"Sep 25, 2017",PendingSan Francisco MLS #462396,NA,https://www.redfin.com/CA/San-Francisco/764-Cole-St-94117/unit-5/home/40364664,,,,"Sep 22, 2017",DelistedSan Francisco MLS #462396,NA,"Sep 8, 2017",Listed (Active)San Francisco MLS #462396,749000.0,,,,,,,,,,,,,,,,,,,,,,,,,,
MLS Listing,,Condo/Co-op,523 Pierce St,San Francisco,CA,94117,1675000,3.0,1.5,San Francisco,1701.0,2925.0,1924.0,1,985.0,,Active,September-30-2023 02:00 PM,September-30-2023 04:00 PM,https://www.redfin.com/CA/San-Francisco/523-Pierce-St-94117/home/187744337,San Francisco MLS,423913060,N,Y,37.774826,-122.4344872,"Central, Gas",Wood,Natural Gas Connected,5,3,7,985.0,1686138.0,11843.0,77,Very bikeable,98,Walker's paradise,86,Excellent transit,Minimal,Minor,Minor,Minimal,"Places5 groceries, 30 restaurants, 3 parksTransit21, 22, 24, 31, 37, 5, 5R, 6, 7, J, KT, N, N-OWL, NBUS","Sep 29, 2023",Listed (Active)San Francisco MLS #423913060,1675000.0,,,,https://www.redfin.com/CA/San-Francisco/523-Pierce-St-94117/home/187744337,,,,,,,,,,,,,,,,,,,,,,,,,,,,,,,,,,,
MLS Listing,,Single Family Residential,10 Wilder St,San Francisco,CA,94131,975000,2.0,1.0,San Francisco,800.0,1346.0,1914.0,1,1219.0,,Active,October-1-2023 02:00 PM,October-1-2023 04:00 PM,https://www.redfin.com/CA/San-Francisco/10-Wilder-St-94131/home/1056365,San Francisco MLS,423907478,N,Y,37.733997,-122.4321156,,"Vinyl, Wood",,5,3,NA,1219.0,1064390.0,6981.0,69,Bikeable,90,Walker's paradise,83,Excellent transit,Minimal,Minimal,Minor,Minimal,"Places6 groceries, 32 restaurants, 5 parksTransit14, 14R, 23, 24, 35, 36, 44, 49, 52, 714, Blue-N, Blue-S, Green-N, Green-S, J, Red-N, Red-S, Yellow-N, Yellow-S","Sep 29, 2023",Listed (Active)San Francisco MLS #423907478,975000.0,"Jul 15, 2007",DelistedSan Francisco MLS #326667,NA,https://www.redfin.com/CA/San-Francisco/10-Wilder-St-94131/home/1056365,,,,"Jul 9, 2007",ContingentSan Francisco MLS #326667,NA,"Jun 22, 2007",ListedSan Francisco MLS #326667,749000.0,,,,,,,,,,,,,,,,,,,,,,,,,,
MLS Listing,,Single Family Residential,273 - 275 Sussex St,San Francisco,CA,94131,3395000,4.0,4.0,San Francisco,3304.0,2665.0,1931.0,1,1028.0,,Active,October-1-2023 02:00 PM,October-1-2023 04:00 PM,https://www.redfin.com/CA/San-Francisco/273-Sussex-St-94131/home/1159631,San Francisco MLS,423912989,N,Y,37.7363504,-122.4376009,Radiant,Wood,Solar,5,3,NA,1028.0,3411921.0,24005.0,62,Bikeable,76,Very walkable,79,Excellent transit,Minimal,Minimal,Minor,Minimal,"Places6 groceries, 20 restaurants, 13 parksTransit23, 24, 35, 36, 44, 52, 714, Blue-N, Blue-S, Green-N, Green-S, J, Red-N, Red-S, Yellow-N, Yellow-S","Sep 29, 2023",Listed (Active)San Francisco MLS #423912989,3395000.0,"Apr 19, 2020",Delisted (Canceled)San Francisco MLS #496197,NA,https://www.redfin.com/CA/San-Francisco/273-Sussex-St-94131/home/1159631,,,,"Mar 12, 2020",,NA,,,,,,,,,,,,,,,,,,,,,,,,,,,,,
MLS Listing,,Condo/Co-op,900 Bush St #521,San Francisco,CA,94109,898000,2.0,2.0,San Francisco,1003.0,37816.0,1982.0,1,895.0,1310.0,Active,September-30-2023 01:00 PM,September-30-2023 05:00 PM,https://www.redfin.com/CA/San-Francisco/900-Bush-St-94109/unit-521/home/552770,San Francisco MLS,423900474,N,Y,37.7898591,-122.4125833,,,,5,6,NA,895.0,899757.0,7659.0,62,Bikeable,99,Walker's paradise,100,/100Rider's paradise,Minimal,NA,Minor,Minimal,"Places2 groceries, 29 restaurants, 1 parkTransit1, 2, 27, 30, 31, 38, 38R, 45, 8, 8AX, 8BX, 91, C, PH, PM","Sep 29, 2023",Listed (Active)San Francisco MLS #423900474,898000.0,,,,https://www.redfin.com/CA/San-Francisco/900-Bush-St-94109/unit-521/home/552770,,,,,,,,,,,,,,,,,,,,,,,,,,,,,,,,,,,
MLS Listing,,Single Family Residential,345 Ewing Ter,San Francisco,CA,94118,2995000,4.0,3.0,SAN FRANCISCO,2606.0,2456.0,1941.0,1,1149.0,,Active,September-30-2023 01:00 PM,September-30-2023 04:00 PM,https://www.redfin.com/CA/San-Francisco/345-Ewing-Ter-94118/home/1297212,MLSListings,ML81943522,N,Y,37.7797573,-122.4483621,"Central Forced Air (Gas), Heating (2+ Zones), Radiant","Hardwood, Tile",Public Utilities,9,8,7,1149.0,3000889.0,21177.0,90,Biker's paradise,93,Walker's paradise,73,Excellent transit,Minimal,Minimal,Minor,Minimal,"Places7 groceries, 16 restaurants, 4 parksTransit1, 2, 21, 24, 31, 33, 37, 38, 38R, 43, 5, 5R, 6, 7, N-OWL, NBUS","Sep 29, 2023",Listed (Active)MLSListings #ML81943522,2995000.0,,,,https://www.redfin.com/CA/San-Francisco/345-Ewing-Ter-94118/home/1297212,2.0,,2.5,,,,,,,,,,,,,"Attached Garage, Gate/Door Opener, On Street","Granite, Marble, Primary (Stall Shower(s)), Primary (Tub w/ Jets), Skylight, 2+ Stall Shower, Tile","Breakfast Nook, Dining Area in Living Room, Eat in Kitchen, Other (See Remarks)","In Utility Room, Washer/Dryer",,,,1.0,,,,,,,,,,,,
MLS Listing,,Single Family Residential,1527 Underwood Ave,San Francisco,CA,94124,975000,5.0,3.0,San Francisco,2038.0,2495.0,1937.0,2,478.0,,Active,September-30-2023 02:00 PM,September-30-2023 04:00 PM,https://www.redfin.com/CA/San-Francisco/1527-Underwood-Ave-94124/home/1727174,San Francisco MLS,423913186,N,Y,37.7289699,-122.3907761,,,,2,4,4,478.0,983313.0,6894.0,68,Bikeable,87,Very walkable,71,Excellent transit,Minimal,Minimal,Minor,Minimal,"Places6 groceries, 26 restaurants, 4 parksTransit15, 23, 24, 29, 44, 54, 91, KT, TBUS","Sep 28, 2023",Listed (Active)San Francisco MLS #423913186,975000.0,"Aug 1, 2017",PendingSan Francisco MLS #460574,NA,https://www.redfin.com/CA/San-Francisco/1527-Underwood-Ave-94124/home/1727174,,,,"Jul 20, 2017",Listed (Active)San Francisco MLS #460574,699000.0,,,,,,,,,,,,,,,,,,,,,,,,,,,,,
MLS Listing,,Single Family Residential,4998 Mission St,San Francisco,CA,94112,900000,3.0,1.0,Outer Mission,1375.0,2138.0,1923.0,2,655.0,,Active,,,https://www.redfin.com/CA/San-Francisco/4998-Mission-St-94112/home/1802585,"bridgeMLS, Bay East AOR, or Contra Costa AOR",41040515,N,Y,37.7185946,-122.4397088,,,Other Water/Sewer,5,7,7,655.0,905730.0,6364.0,47,Somewhat bikeable,96,Walker's paradise,87,Excellent transit,Major,Moderate,Minimal,Minimal,"Places3 groceries, 30 restaurants, 2 parksTransit14, 14R, 29, 43, 49, 52, 54, 714, 8, 8BX, 91, BCP Shuttle, Blue-N, Blue-S, DCB Shuttle, DCB Shuttle (SamTrans), Green-N, Green-S, J, KBUS, KT, M, Red-N, Red-S, Yellow-N, Yellow-S","Sep 28, 2023","Listed (Active)bridgeMLS, Bay East AOR, or Contra Costa AOR #41040515",900000.0,,,,https://www.redfin.com/CA/San-Francisco/4998-Mission-St-94112/home/1802585,,,3.0,,,,,,,,,,,,,,,,,,,,,,,,,,,,,,,,
MLS Listing,,Single Family Residential,252 Foote Ave,San Francisco,CA,94112,1198000,3.0,2.0,San Francisco,,2199.0,1939.0,2,,,Active,October-1-2023 01:00 PM,October-1-2023 04:00 PM,https://www.redfin.com/CA/San-Francisco/252-Foote-Ave-94112/home/1736669,San Francisco MLS,423911699,N,Y,37.7149748,-122.4473887,"Central, Natural Gas","Carpet, Wood",,5,5,4,,,8471.0,49,Somewhat bikeable,86,Very walkable,87,Excellent transit,Minimal,Moderate,Minimal,Minimal,"Places3 groceries, 28 restaurants, 3 parksTransit120, 121, 130, 14, 14R, 29, 43, 49, 54, 714, 8, 8BX, 91, BCP Shuttle, Blue-N, Blue-S, DCB Shuttle, DCB Shuttle (SamTrans), ECR, Green-N, Green-S, J, KBUS, KT, M, Red-N, Red-S, Yellow-N, Yellow-S","Sep 28, 2023",Listed (Active)San Francisco MLS #423911699,1198000.0,"Dec 19, 2014",PendingSan Francisco MLS #428049,NA,https://www.redfin.com/CA/San-Francisco/252-Foote-Ave-94112/home/1736669,,None,,"Dec 4, 2014",Listed (Active)San Francisco MLS #428049,749000.0,,,,,,,,,,,,,,,,,,,,,,,,,,,,,
MLS Listing,,Condo/Co-op,1580 Pacific Ave Unit K3,San Francisco,CA,94109,1698000,2.0,2.0,San Francisco,1182.0,17371.0,,2,1437.0,703.0,Active,,,https://www.redfin.com/CA/San-Francisco/1580-Pacific-Ave-94109/unit-K3/home/187742159,San Francisco MLS,423913093,N,Y,37.7954383,-122.4213345,Central,Wood,,9,4,7,1437.0,1671581.0,12709.0,79,Very bikeable,100,/100Walker's paradise,85,Excellent transit,Minimal,Minimal,Minor,Minimal,"Places4 groceries, 23 restaurants, 3 parksTransit1, 101, 12, 130, 150, 19, 27, 45, 49, 90, C, PH","Sep 28, 2023",Listed (Active)San Francisco MLS #423913093,1698000.0,,,,https://www.redfin.com/CA/San-Francisco/1580-Pacific-Ave-94109/unit-K3/home/187742159,,Central,,,,,,,,,,,,,,,,,,,,,1.0,,,,,,,,,,,,
MLS Listing,,Condo/Co-op,1580 Pacific Ave Unit L3,San Francisco,CA,94109,1443000,2.0,2.0,San Francisco,994.0,17371.0,,2,1452.0,684.0,Active,,,https://www.redfin.com/CA/San-Francisco/1580-Pacific-Ave-94109/unit-L3/home/187742026,San Francisco MLS,423913089,N,Y,37.7954383,-122.4213345,Central,Wood,,9,4,7,1452.0,1426397.0,10887.0,79,Very bikeable,100,/100Walker's paradise,85,Excellent transit,Minimal,Minimal,Minor,Minimal,"Places4 groceries, 23 restaurants, 3 parksTransit1, 101, 12, 130, 150, 19, 27, 45, 49, 90, C, PH","Sep 28, 2023",Listed (Active)San Francisco MLS #423913089,1443000.0,,,,https://www.redfin.com/CA/San-Francisco/1580-Pacific-Ave-94109/unit-L3/home/187742026,,Central,,,,,,,,,,,,,,,,,,,,,1.0,,,,,,,,,,,,
MLS Listing,,Condo/Co-op,634 Laguna St Unit A,San Francisco,CA,94102,1249000,3.0,2.0,San Francisco,1100.0,1923.0,1991.0,2,1135.0,436.0,Active,September-30-2023 02:00 PM,September-30-2023 04:30 PM,https://www.redfin.com/CA/San-Francisco/634-Laguna-St-94102/unit-A/home/12277410,San Francisco MLS,423910173,N,Y,37.777203,-122.4263138,"Floor Furnace, Gas, Natural Gas","Simulated Wood, Tile, Wood",,5,3,NA,1135.0,1251824.0,9267.0,92,Biker's paradise,98,Walker's paradise,97,Rider's paradise,NA,NA,NA,NA,"Places7 groceries, 32 restaurants, 4 parksTransit101, 130, 14, 150, 2, 21, 22, 31, 38, 38R, 397, 49, 5, 5R, 6, 7, 800, 9, 90, 9R, F, J, KBUS, KT, L-OWL, M, N, N-OWL, NBUS, TBUS","Sep 28, 2023",Listed (Active)San Francisco MLS #423910173,1249000.0,"Oct 7, 2011",Pending (Contingent - Show)San Francisco MLS #390088,NA,https://www.redfin.com/CA/San-Francisco/634-Laguna-St-94102/unit-A/home/12277410,,None,,"Sep 27, 2011",Listed (Active)San Francisco MLS #390088,529900.0,,,,,,,,,,,,,,,,,4.0,,,,,,,,,,,,
MLS Listing,,Condo/Co-op,1580 Pacific Ave Unit B3,San Francisco,CA,94109,898000,1.0,1.0,San Francisco,732.0,17371.0,,2,1227.0,610.0,Active,,,https://www.redfin.com/CA/San-Francisco/1580-Pacific-Ave-94109/unit-B3/home/187741950,San Francisco MLS,423913084,N,Y,37.7954383,-122.4213345,Central,Wood,,9,4,7,1227.0,898375.0,6959.0,79,Very bikeable,100,/100Walker's paradise,85,Excellent transit,Minimal,Minimal,Minor,Minimal,"Places4 groceries, 23 restaurants, 3 parksTransit1, 101, 12, 130, 150, 19, 27, 45, 49, 90, C, PH","Sep 28, 2023",Listed (Active)San Francisco MLS #423913084,898000.0,,,,https://www.redfin.com/CA/San-Francisco/1580-Pacific-Ave-94109/unit-B3/home/187741950,,Central,,,,,,,,,,,,,,,,,,,,,1.0,,,,,,,,,,,,
MLS Listing,,Multi-Family (2-4 Unit),536 - 538 Elizabeth St,San Francisco,CA,94114,1549000,5.0,,San Francisco,1772.0,2848.0,1900.0,2,874.0,,Active,October-1-2023 02:00 PM,October-1-2023 04:00 PM,https://www.redfin.com/CA/San-Francisco/536-Elizabeth-St-94114/home/1868168,San Francisco MLS,423912905,N,Y,37.7524157,-122.4328612,,,,7,3,NA,874.0,1559312.0,11090.0,74,Very bikeable,98,Walker's paradise,70,Excellent transit,Minimal,Minimal,Minor,Minimal,"Places7 groceries, 31 restaurants, 2 parksTransit24, 33, 35, 48, 52, J","Sep 28, 2023",Listed (Active)San Francisco MLS #423912905,1549000.0,"Sep 25, 2023",,NA,https://www.redfin.com/CA/San-Francisco/536-Elizabeth-St-94114/home/1868168,,,,,,,,,,,,,,,,,,,,,,,,,,,,,,,,,,,
MLS Listing,,Condo/Co-op,2245 Fulton St,San Francisco,CA,94117,1695000,3.0,1.5,San Francisco,2058.0,3624.0,1911.0,2,824.0,800.0,Active,September-30-2023 01:00 PM,September-30-2023 04:00 PM,https://www.redfin.com/CA/San-Francisco/2245-Fulton-St-94117/home/12353940,San Francisco MLS,423912004,N,Y,37.7745928,-122.4537465,Steam,"Tile, Vinyl, Wood",,9,8,8,824.0,1706501.0,12785.0,73,Very bikeable,91,Walker's paradise,73,Excellent transit,Minimal,NA,Minimal,Minimal,"Places4 groceries, 23 restaurants, 9 parksTransit21, 31, 33, 37, 38, 38R, 43, 5, 5R, 6, 7, N, N-OWL, NBUS","Sep 28, 2023",Listed (Active)San Francisco MLS #423912004,1695000.0,,,,https://www.redfin.com/CA/San-Francisco/2245-Fulton-St-94117/home/12353940,,,,,,,,,,,,,,,,,,,,,,,,,,,,,,,,,,,
MLS Listing,,Single Family Residential,14 Ardenwood Way,San Francisco,CA,94132,1995000,3.0,4.0,San Francisco,2785.0,3730.0,1933.0,2,716.0,,Active,September-30-2023 02:00 PM,September-30-2023 04:00 PM,https://www.redfin.com/CA/San-Francisco/14-Ardenwood-Way-94132/home/666649,San Francisco MLS,423751982,N,Y,37.735599,-122.4728845,"Central, Gas","Carpet, Wood",,8,7,10,716.0,2127474.0,14106.0,65,Bikeable,89,Very walkable,74,Excellent transit,Minimal,Minor,Minimal,Minimal,"Places2 groceries, 19 restaurants, 5 parksTransit122, 18, 23, 28, 29, 48, 57, 58, 91, KBUS, KT, L-OWL, LBUS, M","Sep 28, 2023",Listed (Active)San Francisco MLS #423751982,1995000.0,,,,https://www.redfin.com/CA/San-Francisco/14-Ardenwood-Way-94132/home/666649,,,,,,,,,,,,,,,,,,,,,,,,,,,,,,,,,,,
MLS Listing,,Condo/Co-op,514 Wisconsin St,San Francisco,CA,94107,929000,2.0,2.0,San Francisco,1050.0,79531.0,1978.0,2,885.0,996.0,Active,September-30-2023 02:00 PM,September-30-2023 04:00 PM,https://www.redfin.com/CA/San-Francisco/514-Wisconsin-St-94107/home/1074366,San Francisco MLS,423907791,N,Y,37.7604522,-122.3996957,"MultiZone, Radiant Floor",Wood,Cable Available,5,3,NA,885.0,934536.0,7565.0,60,Bikeable,95,Walker's paradise,72,Excellent transit,Minimal,Minimal,Minor,Minimal,"Places5 groceries, 28 restaurants, 7 parksTransit19, 22, 292, 33, 397, 48, 55, 9, 90, 9R, B7, CCA/Adobe, L1, L2, L3, L4, L5, L6, TC, West","Sep 28, 2023",Listed (Active)San Francisco MLS #423907791,929000.0,,,,https://www.redfin.com/CA/San-Francisco/514-Wisconsin-St-94107/home/1074366,,None,,,,,,,,,,,,,,,,,,,,,3.0,,,,,,,,,,,,
MLS Listing,,Multi-Family (5+ Unit),512 - 520 Grant Ave,San Francisco,CA,94108,5395000,5.0,4.0,San Francisco,7760.0,1873.0,1908.0,2,695.0,,Active,,,https://www.redfin.com/CA/San-Francisco/512-Grant-Ave-94108/home/170220159,San Francisco MLS,423913006,N,Y,37.7917672,-122.4056323,,,,9,6,NA,695.0,,38146.0,63,Bikeable,100,/100Walker's paradise,100,/100Rider's paradise,NA,NA,NA,NA,"Places2 groceries, 35 restaurants, 2 parksTransit1, 114, 12, 132, 15, 154, 172, 2, 30, 38, 38R, 45, 5, 5R, 6, 7, 8, 800, 8AX, 8BX, 9, 91, 9R, Blue-N, Blue-S, C, F, Green-N, Green-S, J, KBUS, KT, L-OWL, M, N, N-OWL, NBUS, PH, PM, Red-N, Red-S, TBUS, Yellow-N, Yellow-S","Sep 28, 2023",Listed (Active)San Francisco MLS #423913006,5395000.0,"Mar 2, 2020",PendingSan Francisco MLS #493399,NA,https://www.redfin.com/CA/San-Francisco/512-Grant-Ave-94108/home/170220159,,,,"Feb 6, 2020",Contingent (Contingent - Show)San Francisco MLS #493399,NA,"Jan 6, 2020",Listed (Active)San Francisco MLS #493399,4300000.0,,,,,,,,,,,,,,,,,,,,,,,,,,
MLS Listing,,Condo/Co-op,1201 Sutter St #401,San Francisco,CA,94109,599000,1.0,1.0,San Francisco,,8245.0,2021.0,2,,217.0,Active,September-30-2023 02:00 PM,September-30-2023 04:00 PM,https://www.redfin.com/CA/San-Francisco/1201-Sutter-St-94109/unit-401/home/187738262,San Francisco MLS,423912659,N,Y,37.7876407,-122.4202681,Central,"Tile, Wood",,5,6,NA,,598900.0,4452.0,82,Very bikeable,99,Walker's paradise,85,Excellent transit,Minimal,Minimal,Minor,Minimal,"Places4 groceries, 39 restaurants, 1 parkTransit1, 101, 130, 150, 19, 2, 27, 31, 38, 38R, 49, 90, C","Sep 28, 2023",Listed (Active)San Francisco MLS #423912659,599000.0,,,,https://www.redfin.com/CA/San-Francisco/1201-Sutter-St-94109/unit-401/home/187738262,,Central,,,,,,,,,,,,,,,,,,,,,,,,,,,,,,,,,
MLS Listing,,Multi-Family (2-4 Unit),675 - 677 10th Ave,San Francisco,CA,94118,2798436,6.0,,San Francisco,4110.0,4316.0,1923.0,2,681.0,,Active,September-30-2023 01:30 PM,September-30-2023 04:30 PM,https://www.redfin.com/CA/San-Francisco/675-10th-Ave-94118/home/1314697,San Francisco MLS,423912991,N,Y,37.7756151,-122.4685143,"Central, Gas","Tile, Vinyl, Wood",,9,8,NA,681.0,2803599.0,20035.0,97,Biker's paradise,91,Walker's paradise,71,Excellent transit,Minimal,Minor,Minor,Minimal,"Places1 grocery, 31 restaurants, 12 parksTransit1, 21, 28, 31, 33, 38, 38R, 44, 5, 5R, 7, 91","Sep 28, 2023",Listed (Active)San Francisco MLS #423912991,2798436.0,,,,https://www.redfin.com/CA/San-Francisco/675-10th-Ave-94118/home/1314697,,,,,,,,,,,,,,,,,,,,,,,,,,,,,,,,,,,
MLS Listing,,Single Family Residential,661 Vienna St,San Francisco,CA,94112,950000,4.0,2.0,San Francisco,1725.0,2495.0,1908.0,2,551.0,,Active,October-1-2023 02:00 PM,October-1-2023 04:00 PM,https://www.redfin.com/CA/San-Francisco/661-Vienna-St-94112/home/1752558,San Francisco MLS,423912752,N,Y,37.7178419,-122.4321148,,"Laminate, Tile, Wood",,4,3,5,551.0,1172406.0,6717.0,60,Bikeable,81,Very walkable,75,Excellent transit,Minimal,Moderate,Minimal,Minimal,"Places4 groceries, 28 restaurants, 6 parksTransit14, 14R, 29, 43, 49, 52, 54, 8, 8BX, 9, 91, 9R, DCB Shuttle, DCB Shuttle (SamTrans)","Sep 28, 2023",Listed (Active)San Francisco MLS #423912752,950000.0,"Dec 23, 2000",DelistedSan Francisco MLS #83789,NA,https://www.redfin.com/CA/San-Francisco/661-Vienna-St-94112/home/1752558,,,,"Dec 1, 2000",ListedSan Francisco MLS #83789,495000.0,,,,,,,,,,,,,,,,,,,,,,,,,,,,,
MLS Listing,,Single Family Residential,2338 California St,San Francisco,CA,94115,4545000,4.0,3.5,San Francisco,3090.0,3381.0,1875.0,2,1471.0,,Active,October-1-2023 02:00 PM,October-1-2023 04:00 PM,https://www.redfin.com/CA/San-Francisco/2338-California-St-94115/home/568299,San Francisco MLS,423912973,N,Y,37.7892755,-122.4329649,,,,6,6,7,1471.0,4553278.0,32136.0,71,Very bikeable,99,Walker's paradise,79,Excellent transit,Minimal,Minimal,Minor,Minimal,"Places1 grocery, 30 restaurants, 1 parkTransit1, 2, 22, 24, 31, 38, 38R, 45","Sep 28, 2023",Listed (Active)San Francisco MLS #423912973,4545000.0,"Jun 26, 2023",,NA,https://www.redfin.com/CA/San-Francisco/2338-California-St-94115/home/568299,,,,"Jun 26, 2023",,NA,,,,,,,,,,,,,,,,,,,,,,,,,,,,,
MLS Listing,,Condo/Co-op,3301 - 3311 Cesar Chavez St Unit 3303A,San Francisco,CA,94110,850000,2.0,2.0,San Francisco,,6400.0,,2,,565.0,Active,October-1-2023 01:30 PM,October-1-2023 03:00 PM,https://www.redfin.com/CA/San-Francisco/3301-Cesar-Chavez-St-94110/unit-A/home/172282204,San Francisco MLS,423912967,N,Y,37.7479855,-122.4161677,Gas,Wood,,3,3,2,,854182.0,6575.0,74,Very bikeable,97,Walker's paradise,85,Excellent transit,Severe,Minimal,Minor,Minimal,"Places9 groceries, 33 restaurants, 2 parksTransit12, 14, 14R, 24, 27, 36, 48, 49, 67, 714, 800, Blue-N, Blue-S, Green-N, Green-S, Red-N, Red-S, Yellow-N, Yellow-S","Sep 28, 2023",Listed (Active)San Francisco MLS #423912967,850000.0,"Jun 9, 2023",,NA,https://www.redfin.com/CA/San-Francisco/3301-Cesar-Chavez-St-94110/unit-A/home/172282204,,,,,,,,,,,,,,,,,,,,,,,,,,,,,,,,,,,
MLS Listing,,Condo/Co-op,706 Hayes St,San Francisco,CA,94102,495000,1.0,1.0,San Francisco,,3088.0,1900.0,2,,321.0,Active,September-30-2023 02:00 PM,September-30-2023 04:00 PM,https://www.redfin.com/CA/San-Francisco/706-Hayes-St-94102/home/187736558,San Francisco MLS,423912218,N,Y,37.7763478,-122.4281987,,,,5,3,NA,,497078.0,3821.0,77,Very bikeable,98,Walker's paradise,93,Rider's paradise,Minimal,Minimal,Minor,Minimal,"Places8 groceries, 21 restaurants, 7 parksTransit21, 22, 31, 37, 38, 38R, 49, 5, 5R, 6, 7, 800, 90, F, J, KBUS, KT, L-OWL, M, N, N-OWL, NBUS, TBUS","Sep 28, 2023",Listed (Active)San Francisco MLS #423912218,495000.0,,,,https://www.redfin.com/CA/San-Francisco/706-Hayes-St-94102/home/187736558,,,,,,,,,,,,,,,,,,,,,,,,,,,,,,,,,,,
MLS Listing,,Condo/Co-op,708 Hayes St,San Francisco,CA,94102,795000,3.0,2.0,San Francisco,1332.0,3088.0,1900.0,2,597.0,476.0,Active,September-30-2023 02:00 PM,September-30-2023 04:00 PM,https://www.redfin.com/CA/San-Francisco/708-Hayes-St-94102/home/187736351,San Francisco MLS,423912219,N,Y,37.77635,-122.4281723,,,,5,3,NA,597.0,799598.0,6097.0,77,Very bikeable,98,Walker's paradise,93,Rider's paradise,Minimal,Minimal,Minor,Minimal,"Places9 groceries, 21 restaurants, 7 parksTransit21, 22, 31, 37, 38, 38R, 49, 5, 5R, 6, 7, 800, 90, F, J, KBUS, KT, L-OWL, M, N, N-OWL, NBUS, TBUS","Sep 28, 2023",Listed (Active)San Francisco MLS #423912219,795000.0,,,,https://www.redfin.com/CA/San-Francisco/708-Hayes-St-94102/home/187736351,,,,,,,,,,,,,,,,,,,,,,,,,,,,,,,,,,,
MLS Listing,,Single Family Residential,633 Banks St,San Francisco,CA,94110,1595000,3.0,2.0,San Francisco,1613.0,1750.0,1951.0,2,989.0,,Active,September-30-2023 02:00 PM,September-30-2023 04:00 PM,https://www.redfin.com/CA/San-Francisco/633-Banks-St-94110/home/1149859,San Francisco MLS,423760559,N,Y,37.7353982,-122.4128689,"Central, Gas","Tile, Wood",,3,3,5,989.0,1602101.0,11278.0,69,Bikeable,90,Walker's paradise,74,Excellent transit,Minimal,Minimal,Minor,Minimal,"Places7 groceries, 37 restaurants, 3 parksTransit23, 24, 292, 397, 44, 54, 67, 8, 8AX, 9, 90, 9R","Sep 28, 2023",Listed (Active)San Francisco MLS #423760559,1595000.0,"Jul 20, 2018",PendingSan Francisco MLS #473230,NA,https://www.redfin.com/CA/San-Francisco/633-Banks-St-94110/home/1149859,,Central,,"Jul 13, 2018",Listed (Active)San Francisco MLS #473230,1295000.0,,,,,,,,,,,,,,,,,,,,,,,,,,,,,
MLS Listing,,Multi-Family (5+ Unit),1486 - 1490 15th St,San Francisco,CA,94103,2300000,0.0,,San Francisco,6933.0,2374.0,1910.0,2,332.0,,Active,,,https://www.redfin.com/CA/San-Francisco/1486-15th-St-94103/home/993571,San Francisco MLS,423912841,N,Y,37.7669457,-122.4173489,,,,5,7,2,332.0,,16262.0,100,/100Biker's paradise,99,Walker's paradise,98,Rider's paradise,Severe,Minimal,Minor,Minimal,"Places7 groceries, 28 restaurants, 0 parksTransit12, 14, 14R, 22, 27, 292, 33, 397, 398, 49, 55, 6, 7, 714, 800, 9, 90, 9R, Blue-N, Blue-S, F, FCX, Green-N, Green-S, J, KBUS, KT, L-OWL, M, N, N-OWL, NBUS, Red-N, Red-S, TBUS, Yellow-N, Yellow-S","Sep 28, 2023",Listed (Active)San Francisco MLS #423912841,2300000.0,"Apr 26, 2004",DelistedSan Francisco MLS #263361,NA,https://www.redfin.com/CA/San-Francisco/1486-15th-St-94103/home/993571,,,,"Mar 4, 2004",ListedSan Francisco MLS #263361,885000.0,,,,,,,,,,,,,,,,,,,,,,,,,,,,,
MLS Listing,,Condo/Co-op,280 Spear St Unit 31C,San Francisco,CA,94105,1995000,2.0,2.0,San Francisco,1270.0,54884.0,2020.0,2,1571.0,1378.0,Active,October-1-2023 02:00 PM,October-1-2023 04:00 PM,https://www.redfin.com/CA/San-Francisco/280-Spear-St-94105/unit-31C/home/171848540,San Francisco MLS,423912949,N,Y,37.7903739,-122.3913812,"Central, Heat Pump","Tile, Wood",,5,3,NA,1571.0,1981574.0,15484.0,80,Very bikeable,96,Walker's paradise,100,/100Rider's paradise,NA,NA,NA,NA,"Places4 groceries, 17 restaurants, 5 parksTransit101, 114, 12, 130, 132, 14, 14R, 150, 154, 172, 25, 292, 38, 38R, 397, 398, 5, 5R, 6, 7, 701, 702, 703, 704, 705, 706, 707, 714, 9R, CB, E, F, FCX, HB, J, KT, L-OWL, M, N, N-OWL, NBUS, NL, O, OA, OX, RCH, SEA, TBUS, TC, V, VJO, W, Z","Sep 28, 2023",Listed (Active)San Francisco MLS #423912949,1995000.0,"Mar 12, 2021",,NA,https://www.redfin.com/CA/San-Francisco/280-Spear-St-94105/unit-31C/home/171848540,,Heat Pump,,,,,,,,,,,,,,,,,,,,,,,,,,,,,,,,,
MLS Listing,,Condo/Co-op,2694 Bush St,San Francisco,CA,94115,1399000,3.0,1.0,LOWER PAC HTS,1471.0,,1900.0,2,951.0,497.0,Active,September-30-2023 01:00 PM,September-30-2023 03:00 PM,https://www.redfin.com/CA/San-Francisco/2694-Bush-St-94115/home/1031176,"bridgeMLS, Bay East AOR, or Contra Costa AOR",41040437,N,Y,37.786188,-122.441594,Electric,"Hardwood Flrs Throughout, Linoleum, Tile",,5,8,7,951.0,1393523.0,10389.0,83,Very bikeable,98,Walker's paradise,72,Excellent transit,Minimal,Minimal,Minor,Minimal,"Places4 groceries, 23 restaurants, 3 parksTransit1, 2, 22, 24, 31, 38, 38R, 43, 5, 5R","Sep 28, 2023","Listed (Active)bridgeMLS, Bay East AOR, or Contra Costa AOR #41040437",1399000.0,,,,https://www.redfin.com/CA/San-Francisco/2694-Bush-St-94115/home/1031176,1.0,,2.5,,,,,,,,,,,,,,,,,,,,,,,,,,,,,,,,
MLS Listing,,Single Family Residential,2600 Green St,San Francisco,CA,94123,8500000,5.0,6.0,San Francisco,6865.0,3554.0,1916.0,2,1238.0,,Active,,,https://www.redfin.com/CA/San-Francisco/2600-Green-St-94123/home/1798506,San Francisco MLS,423912797,N,Y,37.7955573,-122.4421727,,Wood,,5,8,NA,1238.0,,60100.0,62,Bikeable,91,Walker's paradise,72,Excellent transit,Minimal,Minimal,Minor,Minimal,"Places3 groceries, 26 restaurants, 1 parkTransit1, 101, 114, 130, 132, 150, 154, 172, 2, 22, 24, 28, 30, 43, 45, 91","Sep 28, 2023",Listed (Active)San Francisco MLS #423912797,8500000.0,,,,https://www.redfin.com/CA/San-Francisco/2600-Green-St-94123/home/1798506,,,,,,,,,,,,,,,,,,,,,,,4.0,,,,,,,,,,,,
MLS Listing,,Single Family Residential,3140 Lyon St,San Francisco,CA,94123,2995000,4.0,4.0,San Francisco,3357.0,,1927.0,2,892.0,,Active,October-1-2023 01:00 PM,October-1-2023 04:00 PM,https://www.redfin.com/CA/San-Francisco/3140-Lyon-St-94123/home/1331997,San Francisco MLS,423912367,N,Y,37.8000047,-122.447321,,,,5,8,NA,892.0,3057206.0,21177.0,87,Very bikeable,92,Walker's paradise,63,Good transit,Minimal,Minor,Minor,Minimal,"Places3 groceries, 21 restaurants, 3 parksTransit1, 101, 114, 130, 132, 150, 154, 172, 2, 22, 24, 28, 30, 43, 45, 91","Sep 28, 2023",Listed (Active)San Francisco MLS #423912367,2995000.0,,,,https://www.redfin.com/CA/San-Francisco/3140-Lyon-St-94123/home/1331997,,,,,,,,,,,,,,,,,,,,,,,3.0,,,,,,,,,,,,
MLS Listing,,Condo/Co-op,1835 Franklin St #703,San Francisco,CA,94109,1349000,2.0,2.0,PACIFIC HEIGHTS,1492.0,8300.0,1965.0,2,904.0,1817.0,Active,September-30-2023 02:00 PM,September-30-2023 04:00 PM,https://www.redfin.com/CA/San-Francisco/1835-Franklin-St-94109/unit-703/home/567315,"bridgeMLS, Bay East AOR, or Contra Costa AOR",41040398,N,Y,37.7915552,-122.4245357,Baseboard,Tile,,6,6,NA,904.0,,11355.0,74,Very bikeable,98,Walker's paradise,85,Excellent transit,Minimal,Minimal,Minor,Minimal,"Places1 grocery, 18 restaurants, 4 parksTransit1, 101, 12, 130, 150, 19, 2, 27, 38, 38R, 45, 49, 90, C, PH","Sep 28, 2023","Listed (Active)bridgeMLS, Bay East AOR, or Contra Costa AOR #41040398",1349000.0,,,,https://www.redfin.com/CA/San-Francisco/1835-Franklin-St-94109/unit-703/home/567315,1.0,,2.5,,,,,,,,,,,,,,,,,,,,,,,,,,,,,,,,
MLS Listing,,Single Family Residential,2220 Castro St,San Francisco,CA,94131,4995000,4.0,4.5,San Francisco,3972.0,2622.0,1912.0,2,1258.0,,Active,October-1-2023 12:00 PM,October-1-2023 02:00 PM,https://www.redfin.com/CA/San-Francisco/2220-Castro-St-94131/home/843833,San Francisco MLS,423908660,N,Y,37.7436974,-122.4336147,Radiant Floor,Wood,,7,3,NA,1258.0,5009701.0,35318.0,55,Bikeable,84,Very walkable,76,Excellent transit,Minimal,Minimal,Minor,Minimal,"Places6 groceries, 24 restaurants, 8 parksTransit24, 35, 36, 48, 52, J","Sep 28, 2023",Listed (Active)San Francisco MLS #423908660,4995000.0,"Dec 21, 2013",Pending (Contingent - Show)San Francisco MLS #415713,NA,https://www.redfin.com/CA/San-Francisco/2220-Castro-St-94131/home/843833,,,,"Dec 6, 2013",Listed (Active)San Francisco MLS #415713,3295000.0,,,,,,,,,,,,,,,,,,,,,,,,,,,,,
