SALE TYPE,SOLD DATE,PROPERTY TYPE,ADDRESS,CITY,STATE OR PROVINCE,ZIP OR POSTAL CODE,PRICE,BEDS,BATHS,LOCATION,SQUARE FEET,LOT SIZE,YEAR BUILT,DAYS ON MARKET,$/SQUARE FEET,HOA/MONTH,STATUS,NEXT OPEN HOUSE START TIME,NEXT OPEN HOUSE END TIME,URL,SOURCE,MLS#,FAVORITE,INTERESTED,LATITUDE,LONGITUDE,PARK_DESCRIPTION,HAS_GARAGE,DINNING_DESC,COOLING_FEATURES,HEATING_FEATURES,UTILITIES,NUM_STORIES,ELEMENTARY_SCHOOL_RATING,MIDDLE_SCHOOL_RATING,HIGH_SCHOOL_RATING,BUYER_AGENCY_COMPENSATION,PRICE_PR_SQFT,REDFIN_ESTIMATE,EST_MONTHLY_PAY,Bike Score,Bike Score_type,Walk Score,Walk Score_type,Transit Score,Transit Score_type,Flood Factor,Fire Factor,Heat Factor,Wind Factor,OVERALL_NEARBY_PLACES,PRICE_HISTORY1_EVENT_DATE,PRICE_HISTORY1_EVENT_TYPE,PRICE_HISTORY1_PRICE,PRICE_HISTORY2_EVENT_DATE,PRICE_HISTORY2_EVENT_TYPE,PRICE_HISTORY2_PRICE,PRICE_HISTORY3_EVENT_DATE,PRICE_HISTORY3_EVENT_TYPE,PRICE_HISTORY3_PRICE,url,LAUNDARY_FEATURES,FLOORING_FEATURES,BATH_DESCRIPTION,FEES_INCLUDE,HOA_FEE_FREQ,HOA_NAME,PRICE_HISTORY4_EVENT_DATE,PRICE_HISTORY4_EVENT_TYPE,PRICE_HISTORY4_PRICE,PRICE_HISTORY5_EVENT_DATE,PRICE_HISTORY5_EVENT_TYPE,PRICE_HISTORY5_PRICE,PRICE_HISTORY6_EVENT_DATE,PRICE_HISTORY6_EVENT_TYPE,PRICE_HISTORY6_PRICE,PRICE_HISTORY7_EVENT_DATE,PRICE_HISTORY7_EVENT_TYPE,PRICE_HISTORY7_PRICE,PRICE_HISTORY8_EVENT_DATE,PRICE_HISTORY8_EVENT_TYPE,PRICE_HISTORY8_PRICE,PRICE_HISTORY9_EVENT_DATE,PRICE_HISTORY9_EVENT_TYPE,PRICE_HISTORY9_PRICE,PRICE_HISTORY10_EVENT_DATE,PRICE_HISTORY10_EVENT_TYPE,PRICE_HISTORY10_PRICE
MLS Listing,,Single Family Residential,50 N Midway St,Campbell,CA,95008,2780000,4,2.0,CAMPBELL,2476,7332.0,1956,1,1123,,Active,September-30-2023 02:00 PM,September-30-2023 04:00 PM,https://www.redfin.com/CA/Campbell/50-N-Midway-St-95008/home/915769,MLSListings,ML81943672,N,Y,37.2878396,-121.9267558,Attached Garage,2.0,Formal Dining Room,Other (See Remarks),Central Forced Air,Public Utilities,1.0,5,NA,6,2.0,1123.0,1823805.0,19656.0,74,Very bikeable,77,Very walkable,46,Some transit,Moderate,Minimal,Major,Minimal,"Places2 groceries, 31 restaurants, 0 parksTransit25, 26, 56, 61, 64B, Event Green, Green (Winc-StJa), Green Line, Green Line Modified, Green Line Special, Green-South Portion, GreenS","Sep 30, 2023",Listed (Active)MLSListings #ML81943672,2780000.0,"Sep 9, 2021",Pending (Pending (Do Not Show))MLSListings #ML81861018,NA,"Sep 2, 2021",Listed (Active)MLSListings #ML81861018,1398000.0,https://www.redfin.com/CA/Campbell/50-N-Midway-St-95008/home/915769,,,,,,,,,,,,,,,,,,,,,,,,,,,
MLS Listing,,Multi-Family (2-4 Unit),1407 San Tomas Aquino Pkwy,San Jose,CA,95130,1848000,8,5.0,SAN JOSE,2764,6885.0,1960,1,669,,Active,September-30-2023 01:00 PM,September-30-2023 04:30 PM,https://www.redfin.com/CA/San-Jose/1407-San-Tomas-Aquino-Pkwy-95130/home/1225945,MLSListings,ML81943671,N,Y,37.298514,-121.9632859,Carport,,,,Wall Furnace,Public Utilities,2.0,6,6,7,2.5,669.0,1876217.0,13067.0,80,Very bikeable,62,Somewhat walkable,36,Some transit,Major,Minimal,Moderate,Minimal,"Places8 groceries, 29 restaurants, 0 parksTransit25, 26, 56, 57, 60, Event Green, Express 101, Green (Winc-StJa), Green Line, Green Line Modified, Green Line Special, Green-South Portion, GreenS","Sep 30, 2023",Listed (Active)MLSListings #ML81943671,1848000.0,,,,,,,https://www.redfin.com/CA/San-Jose/1407-San-Tomas-Aquino-Pkwy-95130/home/1225945,Coin-Operated,Carpet,,,,,,,,,,,,,,,,,,,,,,,,,
MLS Listing,,Condo/Co-op,1734 Braddock Ct,San Jose,CA,95125,668000,2,1.0,SAN JOSE,865,,1984,1,772,500.0,Active,October-1-2023 02:00 PM,October-1-2023 04:00 PM,https://www.redfin.com/CA/San-Jose/1734-Braddock-Ct-95125/home/982283,MLSListings,ML81943668,N,Y,37.294789,-121.923406,"Assigned Spaces, Guest/Visitor Parking",,Dining Area in Living Room,Central Forced Air,Central Forced Air,"Individual Gas Meters, Public Utilities",1.0,5,NA,6,2.5,772.0,667920.0,5223.0,64,Bikeable,65,Somewhat walkable,45,Some transit,Severe,Minimal,Moderate,Minimal,"Places4 groceries, 26 restaurants, 0 parksTransit25, 26, 56, 61, 64B, Event Green, Express 103, Green (Winc-StJa), Green Line, Green Line Modified, Green Line Special, Green-South Portion, GreenS","Sep 30, 2023",Listed (Active)MLSListings #ML81943668,668000.0,,,,,,,https://www.redfin.com/CA/San-Jose/1734-Braddock-Ct-95125/home/982283,"In Utility Room, Washer/Dryer","Carpet, Hardwood, Tile",Shower Over Tub,"Common Area Electricity, Common Area Gas, Exterior Painting, Garbage, Insurance (Common Area), Landscaping/Gardening, Maintenance (Common Area), Management Fee, Pools, Spa, or Tennis, Reserves, Roof",Monthly,Community Management Services,,,,,,,,,,,,,,,,,,,,,
MLS Listing,,Single Family Residential,2279 MAXIMILIAN Dr,Campbell,CA,95008,1749000,4,2.0,CAMPBELL,1486,6000.0,1962,1,1177,,Active,September-30-2023 01:00 PM,September-30-2023 04:00 PM,https://www.redfin.com/CA/San-Jose/2279-Maximilian-Dr-95130/home/818069,MLSListings,ML81943620,N,Y,37.279734,-121.966353,Attached Garage,2.0,"Dining Area in Family Room, Formal Dining Room",Central Forced Air,Central Forced Air (Gas),Public Utilities,1.0,6,NA,8,2.5,1177.0,1752258.0,12367.0,41,Somewhat bikeable,20,Car-dependent,31,Some transit,Moderate,Minimal,Moderate,Minimal,"Places5 groceries, 23 restaurants, 4 parksTransit26, 27, 37, 56, 57, 60, Event Green, Express 101, Green (Winc-StJa), Green Line, Green Line Modified, Green Line Special, Green-South Portion, GreenS","Sep 29, 2023",Listed (Active)MLSListings #ML81943620,1749000.0,"Jan 17, 2019",Pending (Pending (Do Not Show))MLSListings #ML81728662,NA,"Jan 8, 2019",ContingentMLSListings #ML81728662,NA,https://www.redfin.com/CA/San-Jose/2279-Maximilian-Dr-95130/home/818069,In Garage,Laminate,,,,,"Nov 29, 2018",Price ChangedMLSListings #ML81728662,1348000.0,"Nov 8, 2018",Price ChangedMLSListings #ML81728662,1388000.0,"Oct 23, 2018",Listed (Active)MLSListings #ML81728662,1468000.0,,,,,,,,,,,,
MLS Listing,,Single Family Residential,775 Harrison Ave,Campbell,CA,95008,1798000,4,2.0,CAMPBELL,1575,9375.0,1953,2,1142,,Active,September-30-2023 01:00 PM,September-30-2023 04:30 PM,https://www.redfin.com/CA/Campbell/775-Harrison-Ave-95008/home/1429442,MLSListings,ML81943503,N,Y,37.2983342,-121.9427559,"Detached, Drive Through, On Street, Workshop in Garage",4.0,Dining Area,"Ceiling Fan, Central Forced Air","Central Forced Air, Fireplace",Public Utilities,1.0,6,NA,6,2.5,1142.0,1810729.0,12713.0,70,Very bikeable,61,Somewhat walkable,48,Some transit,Minimal,Minimal,Moderate,Minimal,"Places5 groceries, 27 restaurants, 3 parksTransit25, 26, 27, 37, 56, 60, 61, Event Green, Express 101, Green (Winc-StJa), Green Line, Green Line Modified, Green Line Special, Green-South Portion, GreenS, SCVMC, SCVMC Shuttle","Sep 28, 2023",Listed (Active)MLSListings #ML81943503,1798000.0,,,,,,,https://www.redfin.com/CA/Campbell/775-Harrison-Ave-95008/home/1429442,"In Garage, Washer/Dryer","Hardwood, Marble, Tile","Primary (Stall Shower(s)), Shower Over Tub, Tile",,,,,,,,,,,,,,,,,,,,,,,,
MLS Listing,,Single Family Residential,78 Cherry Ln,Campbell,CA,95008,1698000,3,2.0,CAMPBELL,1630,8276.0,1948,2,1042,,Active,September-30-2023 01:00 PM,September-30-2023 04:30 PM,https://www.redfin.com/CA/Campbell/78-Cherry-Ln-95008/home/755657,MLSListings,ML81943500,N,Y,37.2833394,-121.9512439,"Detached, On Street, Parking Area, Uncovered Parking",2.0,"Breakfast Bar, Dining Area, Eat in Kitchen","Ceiling Fan, Central Forced Air",Central Forced Air,Public Utilities,1.0,6,NA,8,2.5,1042.0,1718525.0,12006.0,81,Very bikeable,88,Very walkable,50,Good transit,Minimal,Minimal,Moderate,Minimal,"Places2 groceries, 20 restaurants, 2 parksTransit26, 27, 37, 56, 60, 61, Event Green, Express 101, Green (Winc-StJa), Green Line, Green Line Modified, Green Line Special, Green-South Portion, GreenS","Sep 28, 2023",Listed (Active)MLSListings #ML81943500,1698000.0,,,,,,,https://www.redfin.com/CA/Campbell/78-Cherry-Ln-95008/home/755657,"Inside, Washer/Dryer","Carpet, Hardwood, Tile","Double Sinks, Granite, 2+ Stall Shower, Tub w/Jets, Updated Bath(s)",,,,,,,,,,,,,,,,,,,,,,,,
MLS Listing,,Condo/Co-op,2867 S Bascom Ave #603,Campbell,CA,95008,579900,1,1.0,CAMPBELL,668,,1984,2,868,480.0,Active,September-30-2023 01:00 PM,September-30-2023 03:00 PM,https://www.redfin.com/CA/San-Jose/2867-S-Bascom-Ave-95124/unit-603/home/1333723,MLSListings,ML81943448,N,Y,37.270604,-121.938345,"Guest/Visitor Parking, Underground Parking",,Dining Area,Ceiling Fan,Central Forced Air,Public Utilities,1.0,7,7,8,2.5,868.0,579848.0,4580.0,77,Very bikeable,82,Very walkable,39,Some transit,Minimal,Minimal,Moderate,Minimal,"Places2 groceries, 34 restaurants, 0 parksTransit26, 27, 37, 60, 61, Event Green, Express 101, Green (Winc-StJa), Green Line, Green Line Modified, Green Line Special, Green-South Portion, GreenS","Sep 28, 2023",Listed (Active)MLSListings #ML81943448,579900.0,"May 16, 2010",Pending (Pending (Do Not Show))MLSListings #ML81010767,NA,"Apr 25, 2010",Pending (Pending Without Release)MLSListings #ML81010767,NA,https://www.redfin.com/CA/San-Jose/2867-S-Bascom-Ave-95124/unit-603/home/1333723,Inside,"Carpet, Laminate","Shower and Tub, Tile","Insurance (Common Area), Pools, Spa, or Tennis",Monthly,Cedar Terrace,"Mar 8, 2010",Listed (Active)MLSListings #ML81010767,230000.0,,,,,,,,,,,,,,,,,,
MLS Listing,,Townhouse,425 Robin Ridge Way,Campbell,CA,95008,1775000,4,3.5,CAMPBELL,2159,1106.0,2017,2,822,262.0,Active,September-30-2023 01:00 PM,September-30-2023 04:00 PM,https://www.redfin.com/CA/Campbell/425-Robin-Ridge-Way-95008/home/160939599,MLSListings,ML81942863,N,Y,37.2838734,-121.9421482,"Attached Garage, Electric Car Hookup, Guest/Visitor Parking",2.0,"Breakfast Bar, Dining Area, Eat in Kitchen","Central Forced Air, Multi-Zone","Central Forced Air (Gas), Heating (2+ Zones)","Individual Electric Meters, Individual Gas Meters, Public Utilities",3.0,6,NA,6,2.5,822.0,1775849.0,12812.0,72,Very bikeable,89,Very walkable,51,Good transit,Severe,Minimal,Moderate,Minimal,"Places4 groceries, 30 restaurants, 2 parksTransit26, 27, 37, 56, 60, 61, Event Green, Express 101, Green (Winc-StJa), Green Line, Green Line Modified, Green Line Special, Green-South Portion, GreenS","Sep 28, 2023",Listed (Active)MLSListings #ML81942863,1775000.0,,,,,,,https://www.redfin.com/CA/Campbell/425-Robin-Ridge-Way-95008/home/160939599,"Upper Floor, Washer/Dryer","Carpet, Hardwood, Stone, Tile","Double Sinks, Full on Ground Floor, Primary (Stall Shower(s)), Shower Over Tub, Stall Shower, Stone, Tile","Common Area Electricity, Exterior Painting, Landscaping/Gardening, Maintenance (Common Area), Reserves, Roof",Monthly,Madison Townhomes of Campbell,,,,,,,,,,,,,,,,,,,,,
MLS Listing,,Single Family Residential,2033 Woodglen Dr,San Jose,CA,95130,2098000,4,2.5,SAN JOSE,2256,4295.0,2005,2,930,85.0,Active,September-30-2023 01:30 PM,September-30-2023 04:00 PM,https://www.redfin.com/CA/San-Jose/2033-Woodglen-Dr-95130/home/2122032,MLSListings,ML81943422,N,Y,37.2852165,-121.9847451,Attached Garage,2.0,Dining Area in Family Room,Central Forced Air,Central Forced Air,Public Utilities,2.0,8,6,7,2.5,930.0,2186394.0,14919.0,75,Very bikeable,76,Very walkable,38,Some transit,Moderate,Minimal,Moderate,Minimal,"Places2 groceries, 25 restaurants, 1 parkTransit25, 26, 27, 37, 56, 57, Express 101","Sep 28, 2023",Listed (Active)MLSListings #ML81943422,2098000.0,"May 4, 2016",Pending (Pending (Do Not Show))MLSListings #ML81582241,NA,"Apr 26, 2016",Listed (Active)MLSListings #ML81582241,1399000.0,https://www.redfin.com/CA/San-Jose/2033-Woodglen-Dr-95130/home/2122032,"Tub/Sink, Washer/Dryer","Hardwood, Tile, Vinyl/Linoleum",,"Common Area Electricity, Insurance (Common Area), Maintenance (Common Area)",Monthly,Woodglen Owners Association,,,,,,,,,,,,,,,,,,,,,
MLS Listing,,Single Family Residential,1290 Hoffman Ln,Campbell,CA,95008,1299950,3,1.0,CAMPBELL,1005,9472.0,1959,2,1293,,Active,September-30-2023 01:30 PM,September-30-2023 04:00 PM,https://www.redfin.com/CA/Campbell/1290-Hoffman-Ln-95008/home/1727555,MLSListings,ML81943390,N,Y,37.2680933,-121.9454734,"No Garage, Other",,Dining Area,,Wall Furnace,Public Utilities,1.0,7,7,8,2.5,1293.0,1305577.0,9191.0,86,Very bikeable,56,Somewhat walkable,36,Some transit,Minimal,Minimal,Moderate,Minimal,"Places2 groceries, 21 restaurants, 3 parksTransit26, 27, 37, 60, 61, Event Green, Express 101, Green (Winc-StJa), Green Line, Green Line Modified, Green Line Special, Green-South Portion, GreenS","Sep 28, 2023",Listed (Active)MLSListings #ML81943390,1299950.0,,,,,,,https://www.redfin.com/CA/Campbell/1290-Hoffman-Ln-95008/home/1727555,"In Utility Room, Inside","Carpet, Other (See Remarks)",,,,,,,,,,,,,,,,,,,,,,,,,
MLS Listing,,Single Family Residential,629 Union Ave,Campbell,CA,95008,1249000,3,2.5,CAMPBELL,1318,2046.0,1980,3,948,210.0,Active,September-30-2023 01:00 PM,September-30-2023 04:00 PM,https://www.redfin.com/CA/Campbell/629-Union-Ave-95008/home/701539,MLSListings,ML81943339,N,Y,37.2780406,-121.9365028,Attached Garage,2.0,"Dining ""L""",,Central Forced Air (Gas),Public Utilities,2.0,7,7,8,2.25,948.0,,9041.0,84,Very bikeable,71,Very walkable,43,Some transit,Minimal,Minimal,Moderate,Minimal,"Places3 groceries, 26 restaurants, 2 parksTransit26, 27, 37, 56, 60, 61, Event Green, Express 101, Green (Winc-StJa), Green Line, Green Line Modified, Green Line Special, Green-South Portion, GreenS","Sep 27, 2023",Listed (Active)MLSListings #ML81943339,1249000.0,,,,,,,https://www.redfin.com/CA/Campbell/629-Union-Ave-95008/home/701539,In Garage,,,"Insurance, Landscaping/Gardening, Maintenance (Common Area), Maintenance (Road), Reserves",Monthly,Dry Creek Place Home Owner Association,,,,,,,,,,,,,,,,,,,,,
MLS Listing,,Single Family Residential,1361 El Moro Dr,Campbell,CA,95008,2378000,3,3.0,CAMPBELL,1805,10428.0,1954,3,1317,,Active,September-30-2023 01:30 PM,September-30-2023 04:30 PM,https://www.redfin.com/CA/Campbell/1361-El-Moro-Dr-95008/home/1085730,MLSListings,ML81942859,N,Y,37.2844254,-121.9249778,Attached Garage,2.0,Dining Area,Central Forced Air,Forced Air,Public Utilities,1.0,7,7,8,2.5,1317.0,2375997.0,16814.0,53,Bikeable,53,Somewhat walkable,39,Some transit,Minimal,Minimal,Major,Minimal,"Places4 groceries, 27 restaurants, 0 parksTransit26, 56, 61, 64B, Event Green, Green (Winc-StJa), Green Line, Green Line Modified, Green Line Special, Green-South Portion, GreenS","Sep 27, 2023",Listed (Active)MLSListings #ML81942859,2378000.0,,,,,,,https://www.redfin.com/CA/Campbell/1361-El-Moro-Dr-95008/home/1085730,"In Utility Room, Washer/Dryer","Hardwood, Stone, Tile",,,,,,,,,,,,,,,,,,,,,,,,,
MLS Listing,,Townhouse,490 W Sunnyoaks Ave Unit B,Campbell,CA,95008,1290000,3,2.5,CAMPBELL,1759,1979.0,1990,3,733,530.0,Active,September-30-2023 01:30 PM,September-30-2023 04:30 PM,https://www.redfin.com/CA/Campbell/490-W-Sunnyoaks-Ave-95008/unit-B/home/569693,MLSListings,ML81943271,N,Y,37.2717343,-121.9586426,Attached Garage,2.0,Dining Area in Living Room,Central Forced Air,Central Forced Air (Gas),Public Utilities,2.0,6,NA,8,2.5,733.0,1333356.0,9651.0,64,Bikeable,49,Car-dependent,37,Some transit,Minimal,Minimal,Moderate,Minimal,"Places4 groceries, 17 restaurants, 6 parksTransit26, 27, 37, 56, 60, 61, Event Green, Express 101, Green (Winc-StJa), Green Line, Green Line Modified, Green Line Special, Green-South Portion, GreenS","Sep 27, 2023",Listed (Active)MLSListings #ML81943271,1290000.0,,,,,,,https://www.redfin.com/CA/Campbell/490-W-Sunnyoaks-Ave-95008/unit-B/home/569693,"Inside, Upper Floor","Carpet, Laminate","Half on Ground Floor, Primary (Tub w/ Jets), Shower Over Tub, Solid Surface, Tile","Exterior Painting, Insurance (Common Area), Insurance (Structure), Landscaping/Gardening, Maintenance (Common Area), Maintenance (Exterior), Maintenance (Unit Yard), Management Fee, Reserves, Roof",Monthly,Homeowners Assn Chateau Chambord,,,,,,,,,,,,,,,,,,,,,
MLS Listing,,Single Family Residential,1911 Dry Creek Rd,Campbell,CA,95008,2399000,4,2.5,CAMPBELL,2194,11717.0,1977,4,1093,,Active,September-30-2023 02:00 PM,September-30-2023 04:00 PM,https://www.redfin.com/CA/San-Jose/1911-Dry-Creek-Rd-95124/home/549896,MLSListings,ML81943212,N,Y,37.281244,-121.928977,Attached Garage,2.0,Dining Area in Living Room,Central Forced Air,Central Forced Air,Public Utilities,1.0,7,7,8,2.5,1093.0,2412975.0,16962.0,71,Very bikeable,72,Very walkable,41,Some transit,Minimal,Minimal,Moderate,Minimal,"Places3 groceries, 25 restaurants, 1 parkTransit26, 27, 37, 56, 60, 61, 64B, Event Green, Express 101, Green (Winc-StJa), Green Line, Green Line Modified, Green Line Special, Green-South Portion, GreenS","Sep 26, 2023",Listed (Active)MLSListings #ML81943212,2399000.0,,,,,,,https://www.redfin.com/CA/San-Jose/1911-Dry-Creek-Rd-95124/home/549896,Inside,Wood,"Double Sinks, Stall Shower",,,,,,,,,,,,,,,,,,,,,,,,
MLS Listing,,Single Family Residential,4033 Valerie Dr,Campbell,CA,95008,1838888,4,2.0,CAMPBELL,1782,5931.0,1971,8,1032,,Active,September-30-2023 01:00 PM,September-30-2023 04:00 PM,https://www.redfin.com/CA/Campbell/4033-Valerie-Dr-95008/home/1231277,MLSListings,ML81942930,N,Y,37.279872,-121.9725967,"Attached Garage, Gate/Door Opener",2.0,"Breakfast Bar, Formal Dining Room",Central Forced Air,Central Forced Air,Public Utilities,1.0,8,6,8,2.5,1032.0,1949982.0,13002.0,49,Somewhat bikeable,34,Car-dependent,30,Some transit,Moderate,Minimal,Moderate,Minimal,"Places3 groceries, 22 restaurants, 5 parksTransit26, 27, 37, 56, 57, 60, Express 101","Sep 22, 2023",Listed (Active)MLSListings #ML81942930,1838888.0,"Jan 17, 2004",Listing RemovedMLSListings #ML80362854,NA,"Nov 14, 2003",ListedMLSListings #ML80362854,599999.0,https://www.redfin.com/CA/Campbell/4033-Valerie-Dr-95008/home/1231277,In Garage,"Carpet, Tile, Vinyl/Linoleum","Double Sinks, Primary (Tub w/ Jets), Shower Over Tub, Solid Surface, Stall Shower, Tile",,,,,,,,,,,,,,,,,,,,,,,,
MLS Listing,,Multi-Family (5+ Unit),1143 Smith Ave,Campbell,CA,95008,3799000,18,12.0,CAMPBELL,6900,20180.0,1974,8,551,,Active,,,https://www.redfin.com/CA/Campbell/1143-Smith-Ave-95008/home/1740816,MLSListings,ML81942881,N,Y,37.2747834,-121.9691954,Detached,10.0,,,"Forced Air, Gas",Public Utilities,,9,NA,8,2.5,551.0,,26861.0,50,Bikeable,20,Car-dependent,29,Some transit,Minimal,Minimal,Moderate,Minimal,"Places3 groceries, 19 restaurants, 5 parksTransit26, 27, 37, 56, 57, 60, Event Green, Express 101, Green (Winc-StJa), Green Line, Green Line Modified, Green Line Special, Green-South Portion, GreenS","Sep 22, 2023",Listed (Active)MLSListings #ML81942881,3799000.0,,,,,,,https://www.redfin.com/CA/Campbell/1143-Smith-Ave-95008/home/1740816,Washer/Dryer (Some Units),,,,,,,,,,,,,,,,,,,,,,,,,,
MLS Listing,,Single Family Residential,1235 Paula Dr,Campbell,CA,95008,1949000,4,2.5,CAMPBELL,1784,6127.0,1960,9,1092,,Active,September-30-2023 01:00 PM,September-30-2023 04:00 PM,https://www.redfin.com/CA/Campbell/1235-Paula-Dr-95008/home/1754368,MLSListings,ML81941358,N,Y,37.2898345,-121.9717723,Attached Garage,2.0,Dining Area,"Ceiling Fan, Other (See Remarks)",Central Forced Air,Public Utilities,1.0,6,6,8,2.5,1092.0,2016597.0,13781.0,72,Very bikeable,39,Car-dependent,36,Some transit,Minimal,Minimal,Moderate,Minimal,"Places5 groceries, 28 restaurants, 2 parksTransit25, 26, 27, 37, 56, 57, 60, Express 101","Sep 21, 2023",Listed (Active)MLSListings #ML81941358,1949000.0,,,,,,,https://www.redfin.com/CA/Campbell/1235-Paula-Dr-95008/home/1754368,"In Garage, Washer/Dryer","Carpet, Hardwood, Tile","Primary - Oversized Tub, Shower and Tub, Skylight, Tile, Updated Bath(s)",,,,,,,,,,,,,,,,,,,,,,,,
MLS Listing,,Condo/Co-op,2859 S Bascom Ave #305,Campbell,CA,95008,695000,2,2.0,CAMPBELL,841,,1984,9,826,480.0,Active,September-30-2023 02:00 PM,September-30-2023 04:00 PM,https://www.redfin.com/CA/Campbell/2859-S-Bascom-Ave-95008/unit-305/home/827203,MLSListings,ML81942719,N,Y,37.270718,-121.9379914,"Assigned Spaces, Covered Parking, Gate/Door Opener, Guest/Visitor Parking",2.0,Dining Area,,Electric,Public Utilities,1.0,7,7,8,2.5,826.0,709211.0,5394.0,77,Very bikeable,82,Very walkable,39,Some transit,Minimal,Minimal,Moderate,Minimal,"Places2 groceries, 32 restaurants, 0 parksTransit26, 27, 37, 60, 61, Event Green, Express 101, Green (Winc-StJa), Green Line, Green Line Modified, Green Line Special, Green-South Portion, GreenS","Sep 21, 2023",Listed (Active)MLSListings #ML81942719,695000.0,,,,,,,https://www.redfin.com/CA/Campbell/2859-S-Bascom-Ave-95008/unit-305/home/827203,"Inside, Washer/Dryer","Carpet, Laminate, Tile","Primary (Stall Shower(s)), Tub","Common Area Electricity, Garbage, Insurance (Common Area), Landscaping/Gardening, Maintenance (Common Area), Pools, Spa, or Tennis, Recreation Facility, Reserves, Roof",Monthly,Cedar Terrace,,,,,,,,,,,,,,,,,,,,,
MLS Listing,,Single Family Residential,3900 Middletown Ct,Campbell,CA,95008,1499000,3,2.0,CAMPBELL,1261,7465.0,1962,10,1189,,Active,September-30-2023 01:00 PM,September-30-2023 04:00 PM,https://www.redfin.com/CA/San-Jose/3900-Middletown-Ct-95130/home/1701483,MLSListings,ML81942608,N,Y,37.277631,-121.969524,Attached Garage,2.0,Eat in Kitchen,,Central Forced Air,Public Utilities,1.0,6,NA,8,2.5,1189.0,1662614.0,10599.0,45,Somewhat bikeable,17,Car-dependent,30,Some transit,Moderate,Minimal,Moderate,Minimal,"Places3 groceries, 18 restaurants, 5 parksTransit26, 27, 37, 56, 57, 60, Event Green, Express 101, Green (Winc-StJa), Green Line, Green Line Modified, Green Line Special, Green-South Portion, GreenS","Sep 20, 2023",Listed (Active)MLSListings #ML81942608,1499000.0,,,,,,,https://www.redfin.com/CA/San-Jose/3900-Middletown-Ct-95130/home/1701483,"In Garage, Washer/Dryer",,,,,,,,,,,,,,,,,,,,,,,,,,
MLS Listing,,Condo/Co-op,3593 S Bascom Ave #20,Campbell,CA,95008,575000,1,1.0,CAMPBELL,742,,1984,10,775,399.0,Active,September-30-2023 02:00 PM,September-30-2023 04:00 PM,https://www.redfin.com/CA/Campbell/3593-S-Bascom-Ave-95008/unit-20/home/1791448,MLSListings,ML81942606,N,Y,37.2616318,-121.9464854,"Detached, Guest/Visitor Parking",1.0,"Dining ""L"", Dining Area, Eat in Kitchen",,Baseboard,Public Utilities,1.0,7,7,8,2.5,775.0,576693.0,4465.0,87,Very bikeable,51,Somewhat walkable,34,Some transit,Minimal,Minimal,Moderate,Minimal,"Places2 groceries, 20 restaurants, 5 parksTransit26, 27, 37, 60, 61, Event Green, Express 101, Green (Winc-StJa), Green Line, Green Line Modified, Green Line Special, Green-South Portion, GreenS","Sep 20, 2023",Listed (Active)MLSListings #ML81942606,575000.0,"Oct 27, 2009","Pending (Pending - Subject to Lender Approval)bridgeMLS, Bay East AOR, or Contra Costa AOR #40398532",NA,"Jul 18, 2009","DelistedbridgeMLS, Bay East AOR, or Contra Costa AOR #40398532",NA,https://www.redfin.com/CA/Campbell/3593-S-Bascom-Ave-95008/unit-20/home/1791448,"Inside, Washer/Dryer","Carpet, Laminate, Tile","Granite, Shower Over Tub","Common Area Electricity, Common Area Gas, Decks, Exterior Painting, Fencing, Garbage, Insurance (Common Area), Landscaping/Gardening, Maintenance (Common Area), Pools, Spa, or Tennis, Roof, Water",Monthly,"Community Management Services, Inc","Mar 25, 2009","Price ChangedbridgeMLS, Bay East AOR, or Contra Costa AOR #40398532",199000.0,"Mar 6, 2009","ListedbridgeMLS, Bay East AOR, or Contra Costa AOR #40398532",285000.0,,,,,,,,,,,,,,,
MLS Listing,,Single Family Residential,1446 Sharp Ave,Campbell,CA,95008,1745000,4,2.5,CAMPBELL,1710,9659.0,1955,10,1020,,Active,September-30-2023 01:00 PM,September-30-2023 04:00 PM,https://www.redfin.com/CA/Campbell/1446-Sharp-Ave-95008/home/1754174,MLSListings,ML81942341,N,Y,37.2663706,-121.9424746,"Attached Garage, Electric Car Hookup, Gate/Door Opener",2.0,"Breakfast Nook, No Formal Dining Room",Central Forced Air,"Central Forced Air, Floor Furnace",Public Utilities,1.0,7,7,8,2.5,1020.0,1757106.0,12338.0,86,Very bikeable,62,Somewhat walkable,36,Some transit,Minimal,Minimal,Moderate,Minimal,"Places3 groceries, 26 restaurants, 5 parksTransit26, 27, 37, 60, 61, Event Green, Express 101, Green (Winc-StJa), Green Line, Green Line Modified, Green Line Special, Green-South Portion, GreenS","Sep 20, 2023",Listed (Active)MLSListings #ML81942341,1745000.0,"Aug 1, 2019",Pending (Pending (Do Not Show))MLSListings #ML81750693,NA,"Jun 21, 2019",ContingentMLSListings #ML81750693,NA,https://www.redfin.com/CA/Campbell/1446-Sharp-Ave-95008/home/1754174,"Electricity Hookup (220V), In Utility Room, Washer/Dryer","Carpet, Laminate, Tile","Full on Ground Floor, Primary - Oversized Tub, Shower and Tub",,,,"May 30, 2019",Price ChangedMLSListings #ML81750693,1298000.0,"May 9, 2019",Listed (Active)MLSListings #ML81750693,1398000.0,,,,,,,,,,,,,,,
MLS Listing,,Single Family Residential,2018 Abbey Ln,Campbell,CA,95008,1998000,4,2.0,CAMPBELL,2036,5986.0,1972,16,981,,Active,September-30-2023 01:00 PM,September-30-2023 04:30 PM,https://www.redfin.com/CA/Campbell/2018-Abbey-Ln-95008/home/1179316,MLSListings,ML81941949,N,Y,37.2861967,-121.9659963,Attached Garage,2.0,"Breakfast Bar, Formal Dining Room",Ceiling Fan,Central Forced Air,Public Utilities,2.0,6,NA,8,2.5,981.0,2041715.0,14127.0,57,Bikeable,49,Car-dependent,34,Some transit,Moderate,Minimal,Moderate,Minimal,"Places5 groceries, 24 restaurants, 4 parksTransit25, 26, 27, 37, 56, 57, 60, Event Green, Express 101, Green (Winc-StJa), Green Line, Green Line Modified, Green Line Special, Green-South Portion, GreenS","Sep 14, 2023",Listed (Active)MLSListings #ML81941949,1998000.0,,,,,,,https://www.redfin.com/CA/Campbell/2018-Abbey-Ln-95008/home/1179316,In Garage,"Carpet, Laminate, Tile","Primary (Stall Shower(s)), Primary (Tub w/ Jets), Shower Over Tub",,,,,,,,,,,,,,,,,,,,,,,,
MLS Listing,,Single Family Residential,229 Hardy Ave,Campbell,CA,95008,1999980,4,2.0,CAMPBELL,1643,8406.0,1967,23,1217,,Active,September-30-2023 01:00 PM,September-30-2023 04:00 PM,https://www.redfin.com/CA/Campbell/229-Hardy-Ave-95008/home/1096853,MLSListings,ML81941176,N,Y,37.2904247,-121.9576872,"Attached Garage, Gate/Door Opener",2.0,Dining Area in Living Room,Central Forced Air,Central Forced Air,Public Utilities,1.0,4,NA,8,2.5,1217.0,2005666.0,14141.0,74,Very bikeable,57,Somewhat walkable,43,Some transit,Moderate,Minimal,Moderate,Minimal,"Places4 groceries, 22 restaurants, 1 parkTransit25, 26, 27, 37, 56, 57, 60, Event Green, Express 101, Green (Winc-StJa), Green Line, Green Line Modified, Green Line Special, Green-South Portion, GreenS","Sep 7, 2023",Listed (Active)MLSListings #ML81941176,1999980.0,"Dec 9, 2011",Pending (Pending Without Release)MLSListings #ML81148779,NA,"Nov 29, 2011",Listed (Active)MLSListings #ML81148779,699000.0,https://www.redfin.com/CA/Campbell/229-Hardy-Ave-95008/home/1096853,In Garage,"Hardwood, Tile",,,,,,,,,,,,,,,,,,,,,,,,,
MLS Listing,,Single Family Residential,999 S San Tomas Aquino Rd,Campbell,CA,95008,3198000,4,3.5,CAMPBELL,2738,6252.0,2018,23,1168,,Active,September-30-2023 01:45 PM,September-30-2023 04:00 PM,https://www.redfin.com/CA/Campbell/999-S-San-Tomas-Aquino-Rd-95008/home/167450318,MLSListings,ML81939519,N,Y,37.2725544,-121.9718455,Attached Garage,2.0,Formal Dining Room,"Central Forced Air, Multi-Zone",Central Forced Air (Gas),Public Utilities,2.0,6,NA,8,2.5,1168.0,3217320.0,22612.0,58,Bikeable,25,Car-dependent,28,Some transit,Minimal,Minimal,Moderate,Minimal,"Places4 groceries, 24 restaurants, 4 parksTransit26, 27, 37, 56, 57, 60, Event Green, Express 101, Green (Winc-StJa), Green Line, Green Line Modified, Green Line Special, Green-South Portion, GreenS","Sep 7, 2023",Listed (Active)MLSListings #ML81939519,3198000.0,,,,,,,https://www.redfin.com/CA/Campbell/999-S-San-Tomas-Aquino-Rd-95008/home/167450318,,"Hardwood, Tile",,,,,,,,,,,,,,,,,,,,,,,,,
MLS Listing,,Single Family Residential,1181 Bracebridge Ct,Campbell,CA,95008,1588000,3,2.5,CAMPBELL,1728,3843.0,1979,29,919,,Active,,,https://www.redfin.com/CA/Campbell/1181-Bracebridge-Ct-95008/home/1366085,MLSListings,ML81940593,N,Y,37.2646881,-121.9710168,Attached Garage,2.0,"Breakfast Bar, Dining Area, No Informal Dining Room",,Central Forced Air,Public Utilities,2.0,9,NA,8,2.5,919.0,1587030.0,11228.0,62,Bikeable,29,Car-dependent,27,Some transit,Minimal,Minimal,Moderate,Minimal,"Places3 groceries, 16 restaurants, 9 parksTransit26, 27, 37, 57, 60, 61, Express 101","Sep 1, 2023",Listed (Active)MLSListings #ML81940593,1588000.0,,,,,,,https://www.redfin.com/CA/Campbell/1181-Bracebridge-Ct-95008/home/1366085,,"Carpet, Hardwood, Tile","Double Sinks, Granite",,,,,,,,,,,,,,,,,,,,,,,,
MLS Listing,,Condo/Co-op,576 W Parr Ave #21,Los Gatos,CA,95032,648000,2,1.0,LOS GATOS,934,,1987,29,694,474.0,Active,,,https://www.redfin.com/CA/Los-Gatos/576-W-Parr-Ave-95032/unit-21/home/973353,MLSListings,ML81940581,N,Y,37.2639088,-121.963597,"Assigned Spaces, Common Parking Area, Gate/Door Opener",1.0,Dining Area in Living Room,Central Forced Air,Central Forced Air,Public Utilities,,9,NA,8,2.5,694.0,645526.0,5056.0,77,Very bikeable,57,Somewhat walkable,28,Some transit,NA,NA,NA,NA,"Places2 groceries, 13 restaurants, 7 parksTransit26, 27, 37, 60, 61, Event Green, Express 101, Green (Winc-StJa), Green Line, Green Line Modified, Green Line Special, Green-South Portion, GreenS","Sep 1, 2023",Listed (Active)MLSListings #ML81940581,648000.0,,,,,,,https://www.redfin.com/CA/Los-Gatos/576-W-Parr-Ave-95032/unit-21/home/973353,"Inside, Washer/Dryer","Carpet, Tile",,"Common Area Electricity, Maintenance (Common Area), Maintenance (Road), Pools, Spa, or Tennis, Recreation Facility, Roof, Sewer",Monthly,Village Capri - Property Pro,,,,,,,,,,,,,,,,,,,,,
MLS Listing,,Multi-Family (2-4 Unit),149 Adler Ave,Campbell,CA,95008,2050000,8,5.0,CAMPBELL,3747,7803.0,1963,33,547,,Active,,,https://www.redfin.com/CA/Campbell/149-Adler-Ave-95008/home/1312925,MLSListings,ML81940103,N,Y,37.2792177,-121.9525104,"Assigned Spaces, Covered Parking",4.0,,Central Forced Air,"Central Forced Air, Radiant",Public Utilities,2.0,6,NA,8,2.25,547.0,1980262.0,14495.0,79,Very bikeable,79,Very walkable,49,Some transit,Minimal,Minimal,Moderate,Minimal,"Places2 groceries, 19 restaurants, 4 parksTransit26, 27, 37, 56, 60, 61, Event Green, Express 101, Green (Winc-StJa), Green Line, Green Line Modified, Green Line Special, Green-South Portion, GreenS","Sep 22, 2023",Price ChangedMLSListings #ML81940103,2050000.0,"Aug 28, 2023",Listed (Active)MLSListings #ML81940103,2150000.0,"Sep 20, 2011",Pending (Pending (Do Not Show))MLSListings #ML81102098,NA,https://www.redfin.com/CA/Campbell/149-Adler-Ave-95008/home/1312925,,"Laminate, Tile",,,,,"Jul 17, 2011",Pending (Pending Without Release)MLSListings #ML81102098,NA,"Jun 7, 2011",Relisted (Active)MLSListings #ML81102098,NA,"Jun 2, 2011",Pending (Pending (Do Not Show))MLSListings #ML81102098,NA,"Jan 16, 2011",Listed (Active)MLSListings #ML81102098,775000.0,,,,,,,,,
MLS Listing,,Townhouse,436 W Campbell Ave,Campbell,CA,95008,1300000,3,2.5,Campbell,2065,2222.0,1980,33,630,360.0,Active,,,https://www.redfin.com/CA/Campbell/436-W-Campbell-Ave-95008/home/1442773,MetroList,223081860,N,Y,37.286069,-121.957541,,2.0,,None,Gas,"Cable Available, Internet Available",2.0,6,NA,8,,630.0,1289916.0,9552.0,63,Bikeable,56,Somewhat walkable,45,Some transit,Major,Minimal,Moderate,Minimal,"Places2 groceries, 17 restaurants, 4 parksTransit25, 26, 27, 37, 56, 60, 61, Event Green, Express 101, Green (Winc-StJa), Green Line, Green Line Modified, Green Line Special, Green-South Portion, GreenS","May 15, 1998",Listing RemovedMLSListings #ML89808446,NA,"Mar 10, 1998",ListedMLSListings #ML89808446,339900.0,,,,https://www.redfin.com/CA/Campbell/436-W-Campbell-Ave-95008/home/1442773,,"Carpet, Tile, Wood",,,,,,,,,,,,,,,,,,,,,,,,,
MLS Listing,,Single Family Residential,1371 Hoffman Ln,Campbell,CA,95008,1998000,3,3.0,CAMPBELL,1750,10660.0,1908,36,1142,,Active,September-30-2023 01:00 PM,September-30-2023 04:30 PM,https://www.redfin.com/CA/Campbell/1371-Hoffman-Ln-95008/home/1057671,MLSListings,ML81939791,N,Y,37.2671927,-121.9459219,"Detached, Room for Oversized Vehicle",3.0,Formal Dining Room,Ceiling Fan,Forced Air,Public Utilities,1.0,7,7,8,2.5,1142.0,1967861.0,14127.0,86,Very bikeable,56,Somewhat walkable,36,Some transit,Minimal,Minimal,Moderate,Minimal,"Places3 groceries, 21 restaurants, 2 parksTransit26, 27, 37, 60, 61, Event Green, Express 101, Green (Winc-StJa), Green Line, Green Line Modified, Green Line Special, Green-South Portion, GreenS","Aug 25, 2023",Listed (Active)MLSListings #ML81939791,1998000.0,"Sep 5, 2004",Listing RemovedMLSListings #ML80397527,NA,"May 14, 2004",ListedMLSListings #ML80397527,585000.0,https://www.redfin.com/CA/Campbell/1371-Hoffman-Ln-95008/home/1057671,"Inside, Washer/Dryer","Carpet, Hardwood","Primary (Stall Shower(s)), Shower Over Tub, Updated Bath(s)",,,,,,,,,,,,,,,,,,,,,,,,
MLS Listing,,Condo/Co-op,3589 S Bascom Ave #10,Campbell,CA,95008,665000,1,1.0,CAMPBELL,778,,1984,38,855,399.0,Active,,,https://www.redfin.com/CA/Campbell/3589-S-Bascom-Ave-95008/unit-10/home/1582507,MLSListings,ML81939634,N,Y,37.2618877,-121.9456341,"Attached Garage, Guest/Visitor Parking, Parking Area, Parking Restrictions",1.0,Dining Area in Family Room,Ceiling Fan,Electric,Public Utilities,1.0,7,7,8,2.5,855.0,663771.0,5101.0,81,Very bikeable,70,Very walkable,33,Some transit,Minimal,Minimal,Moderate,Minimal,"Places3 groceries, 21 restaurants, 5 parksTransit26, 27, 37, 60, 61, Event Green, Express 101, Green (Winc-StJa), Green Line, Green Line Modified, Green Line Special, Green-South Portion, GreenS","Aug 23, 2023",Listed (Active)MLSListings #ML81939634,665000.0,"Mar 11, 2022",Pending (Pending (Do Not Show))MLSListings #ML81877280,NA,"Mar 1, 2022",Listed (Active)MLSListings #ML81877280,599000.0,https://www.redfin.com/CA/Campbell/3589-S-Bascom-Ave-95008/unit-10/home/1582507,"Electricity Hookup (220V), Inside, Washer/Dryer",Laminate,Double Sinks,"Common Area Electricity, Garbage, Insurance (Liability), Landscaping/Gardening, Maintenance (Common Area)",Monthly,Hidden Lane,,,,,,,,,,,,,,,,,,,,,
MLS Listing,,Townhouse,711 Duncanville Ct,Campbell,CA,95008,1075000,2,3.0,CAMPBELL,1727,1033.0,1978,38,622,517.0,Active,September-30-2023 01:00 PM,September-30-2023 04:00 PM,https://www.redfin.com/CA/Campbell/711-Duncanville-Ct-95008/home/1452392,MLSListings,ML81939589,N,Y,37.285795,-121.9368652,Attached Garage,2.0,Dining Area,Central Forced Air,Forced Air,Public Utilities,3.0,7,7,8,2.5,622.0,1075741.0,8118.0,83,Very bikeable,83,Very walkable,47,Some transit,Minimal,Minimal,Moderate,Minimal,"Places2 groceries, 26 restaurants, 2 parksTransit26, 27, 37, 56, 60, 61, Event Green, Express 101, Green (Winc-StJa), Green Line, Green Line Modified, Green Line Special, Green-South Portion, GreenS","Sep 26, 2023",Price ChangedMLSListings #ML81939589,1075000.0,"Sep 10, 2023",Price ChangedMLSListings #ML81939589,1125000.0,"Aug 23, 2023",Listed (Active)MLSListings #ML81939589,1150000.0,https://www.redfin.com/CA/Campbell/711-Duncanville-Ct-95008/home/1452392,Washer/Dryer,Hardwood,,"Common Area Electricity, Decks, Exterior Painting, Insurance (Common Area), Landscaping/Gardening, Maintenance (Common Area), Pools, Spa, or Tennis, Roof",,Windsor HOA,"Oct 22, 2017",Pending (Pending (Do Not Show))MLSListings #ML81672059,NA,"Oct 20, 2017",Relisted (Active)MLSListings #ML81672059,NA,"Sep 25, 2017",Listing RemovedMLSListings #ML81672059,NA,"Sep 16, 2017",Price ChangedMLSListings #ML81672059,889000.0,"Sep 13, 2017",Price ChangedMLSListings #ML81672059,899000.0,"Sep 13, 2017",Price ChangedMLSListings #ML81672059,889000.0,"Aug 17, 2017",Listed (Active)MLSListings #ML81672059,899000.0
MLS Listing,,Single Family Residential,208 Beethoven Ln,Los Gatos,CA,95032,2200000,4,2.5,LOS GATOS,2130,4443.0,2006,43,1033,138.0,Active,September-30-2023 02:00 PM,September-30-2023 04:00 PM,https://www.redfin.com/CA/Los-Gatos/208-Beethoven-Ln-95032/home/2124206,MLSListings,ML81939147,N,Y,37.2573328,-121.9530418,Attached Garage,2.0,"Dining Area, Dining Area in Living Room",Central Forced Air,Central Forced Air (Gas),"Individual Electric Meters, Individual Gas Meters, Public Utilities",2.0,7,7,8,2.5,1033.0,,15693.0,58,Bikeable,54,Somewhat walkable,34,Some transit,Minimal,Minimal,Moderate,Minimal,"Places3 groceries, 11 restaurants, 7 parksTransit27, 37, 60, 61, Event Green, Express 101, Green (Winc-StJa), Green Line, Green Line Modified, Green Line Special, Green-South Portion, GreenS","Aug 25, 2023",Relisted (Active)MLSListings #ML81939147,NA,"Aug 25, 2023",Price ChangedMLSListings #ML81939147,2200000.0,"Aug 24, 2023",ContingentMLSListings #ML81939147,NA,https://www.redfin.com/CA/Los-Gatos/208-Beethoven-Ln-95032/home/2124206,"Dryer, Inside, Washer","Carpet, Hardwood, Tile","Double Sinks, Half on Ground Floor, Primary - Oversized Tub, Primary (Stall Shower(s)), Shower Over Tub, Tile","Maintenance (Common Area), Management Fee",,The Classics at Kilmer Park Mgmt Assn,"Aug 18, 2023",Listed (Active)MLSListings #ML81939147,1989000.0,"Oct 29, 2021",Pending (Pending (Do Not Show))MLSListings #ML81860700,NA,"Oct 6, 2021",ContingentMLSListings #ML81860700,NA,"Sep 15, 2021",Listed (Active)MLSListings #ML81860700,1899888.0,,,,,,,,,
MLS Listing,,Single Family Residential,92 Sunnyside Ave,Campbell,CA,95008,2650000,4,4.0,CAMPBELL,2762,8693.0,1906,43,959,,Active,September-30-2023 01:00 PM,September-30-2023 04:00 PM,https://www.redfin.com/CA/Campbell/92-Sunnyside-Ave-95008/home/1127855,MLSListings,ML81937095,N,Y,37.2826807,-121.9481789,Detached,2.0,Dining Area in Living Room,Central Forced Air,Central Forced Air,Public Utilities,2.0,6,NA,6,2.5,959.0,2598676.0,18737.0,83,Very bikeable,90,Walker's paradise,51,Good transit,Minimal,Minimal,Moderate,Minimal,"Places2 groceries, 27 restaurants, 2 parksTransit26, 27, 37, 56, 60, 61, Event Green, Express 101, Green (Winc-StJa), Green Line, Green Line Modified, Green Line Special, Green-South Portion, GreenS","Aug 18, 2023",Listed (Active)MLSListings #ML81938999,2650000.0,"Aug 18, 2023",Listed (Active)MLSListings #ML81937095,2650000.0,,,,https://www.redfin.com/CA/Campbell/92-Sunnyside-Ave-95008/home/1127855,"In Utility Room, Inside, Washer/Dryer","Laminate, Tile","Primary (Stall Shower(s)), Shower Over Tub, 2+ Stall Shower",,,,,,,,,,,,,,,,,,,,,,,,
MLS Listing,,Condo/Co-op,347 W Rincon Ave Unit A,Campbell,CA,95008,1350000,3,2.5,CAMPBELL,1665,1176.0,1981,44,811,626.0,Active,September-30-2023 01:30 PM,September-30-2023 04:30 PM,https://www.redfin.com/CA/Campbell/347-W-Rincon-Ave-95008/unit-A/home/1766420,MLSListings,ML81938181,N,Y,37.2855458,-121.9559098,"Attached Garage, Gate/Door Opener, Parking Area",2.0,"Breakfast Bar, Dining ""L""",Central Forced Air,Central Forced Air,Public Utilities,2.0,6,NA,8,2.5,811.0,1337538.0,10171.0,65,Bikeable,69,Somewhat walkable,47,Some transit,Severe,Minimal,Moderate,Minimal,"Places2 groceries, 16 restaurants, 3 parksTransit25, 26, 27, 37, 56, 60, 61, Event Green, Express 101, Green (Winc-StJa), Green Line, Green Line Modified, Green Line Special, Green-South Portion, GreenS","Aug 17, 2023",Listed (Active)MLSListings #ML81938181,1350000.0,"Jun 25, 2002",Listing RemovedMLSListings #ML80224510,NA,"May 17, 2002",ListedMLSListings #ML80224510,468000.0,https://www.redfin.com/CA/Campbell/347-W-Rincon-Ave-95008/unit-A/home/1766420,"In Utility Room, Washer/Dryer","Carpet, Laminate, Tile","Double Sinks, Half on Ground Floor, Primary (Stall Shower(s)), Shower Over Tub, Tile, Updated Bath(s)","Exterior Painting, Fencing, Insurance (Common Area), Maintenance (Common Area), Pools, Spa, or Tennis, Recreation Facility, Roof",Monthly,Silvercreek Association Management,,,,,,,,,,,,,,,,,,,,,
MLS Listing,,Single Family Residential,1121 Longfellow Ave,Campbell,CA,95008,1695000,4,3.0,CAMPBELL,1727,9123.0,1955,48,981,,Active,September-30-2023 02:00 PM,September-30-2023 04:00 PM,https://www.redfin.com/CA/Campbell/1121-Longfellow-Ave-95008/home/756898,MLSListings,ML81937054,N,Y,37.2607347,-121.9516418,Attached Garage,2.0,Dining Area,Central Forced Air,Central Forced Air (Gas),Public Utilities,1.0,7,7,8,2.5,981.0,1738690.0,11985.0,72,Very bikeable,45,Car-dependent,34,Some transit,Minimal,Minimal,Moderate,Minimal,"Places2 groceries, 19 restaurants, 5 parksTransit27, 37, 60, 61, Event Green, Express 101, Green (Winc-StJa), Green Line, Green Line Modified, Green Line Special, Green-South Portion, GreenS","Sep 26, 2023",Price ChangedMLSListings #ML81937054,1695000.0,"Aug 13, 2023",Listed (Active)MLSListings #ML81937054,1795000.0,"Nov 19, 2021",Pending (Pending (Do Not Show))MLSListings #ML81864680,NA,https://www.redfin.com/CA/Campbell/1121-Longfellow-Ave-95008/home/756898,,,,,,,"Nov 10, 2021",ContingentMLSListings #ML81864680,NA,"Nov 4, 2021",Price ChangedMLSListings #ML81864680,1480000.0,"Oct 12, 2021",Listed (Active)MLSListings #ML81864680,1680000.0,,,,,,,,,,,,
MLS Listing,,Condo/Co-op,535 Valley Forge Way #1,Campbell,CA,95008,745000,2,1.0,CAMPBELL,840,,1964,71,887,400.0,Active,,,https://www.redfin.com/CA/Campbell/535-Valley-Forge-Way-95008/unit-1/home/17365637,MLSListings,ML81935797,N,Y,37.297613,-121.9597249,"Carport, Common Parking Area",,Dining Area,Other (See Remarks),Wall Furnace,Public Utilities,1.0,4,NA,8,2.5,887.0,734483.0,5668.0,77,Very bikeable,50,Somewhat walkable,37,Some transit,Moderate,Minimal,Moderate,Minimal,"Places9 groceries, 32 restaurants, 0 parksTransit25, 26, 27, 37, 56, 57, 60, Event Green, Express 101, Green (Winc-StJa), Green Line, Green Line Modified, Green Line Special, Green-South Portion, GreenS","Jul 21, 2023",Listed (Active)MLSListings #ML81935797,745000.0,"Aug 2, 2010",Pending (Pending Without Release)MLSListings #ML81016988,NA,"Jul 1, 2010",Relisted (Active)MLSListings #ML81016988,NA,https://www.redfin.com/CA/Campbell/535-Valley-Forge-Way-95008/unit-1/home/17365637,In Utility Room,Laminate,"Double Sinks, Granite, Stall Shower, Tile","Common Area Gas, Maintenance (Common Area), Roof, Sewer, Water",,Valley Forge Homeowner Association,"Jun 27, 2010",Pending (Pending Without Release)MLSListings #ML81016988,NA,"May 14, 2010",Price ChangedMLSListings #ML81016988,259000.0,"Apr 8, 2010",Listed (Active)MLSListings #ML81016988,293000.0,,,,,,,,,,,,
MLS Listing,,Single Family Residential,1065 Fewtrell Dr,Campbell,CA,95008,2350000,5,5.0,CAMPBELL,2922,9384.0,1951,72,804,,Active,September-30-2023 01:30 PM,September-30-2023 04:30 PM,https://www.redfin.com/CA/Campbell/1065-Fewtrell-Dr-95008/home/1492423,MLSListings,ML81933409,N,Y,37.2880694,-121.9306227,"Attached Garage, Off-Street Parking, On Street",2.0,Breakfast Nook,Central Forced Air,"Central Forced Air (Gas), Fireplace","Natural Gas, Public Utilities",2.0,5,NA,6,2.5,804.0,2453259.0,16616.0,81,Very bikeable,86,Very walkable,47,Some transit,Minimal,Minimal,Moderate,Minimal,"Places1 grocery, 32 restaurants, 0 parksTransit26, 27, 37, 56, 60, 61, 64B, Event Green, Express 101, Green (Winc-StJa), Green Line, Green Line Modified, Green Line Special, Green-South Portion, GreenS","Aug 31, 2023",Price ChangedMLSListings #ML81933409,2350000.0,"Jul 20, 2023",Listed (Active)MLSListings #ML81933409,2499000.0,,,,https://www.redfin.com/CA/Campbell/1065-Fewtrell-Dr-95008/home/1492423,"Electricity Hookup (220V), In Garage, Tub/Sink","Carpet, Laminate, Tile, Wood, Other (See Remarks)","Full on Ground Floor, Granite, Outside Access, Primary (Stall Shower(s)), 2+ Showers Over Tubs, Solid Surface, Stone, 2+ Tubs",,,,,,,,,,,,,,,,,,,,,,,,
MLS Listing,,Mobile/Manufactured Home,171 Quail Hollow Dr #171,San Jose,CA,95128,319497,2,2.0,SAN JOSE,1296,,1974,81,247,,Active,October-1-2023 02:00 PM,October-1-2023 05:00 PM,https://www.redfin.com/CA/San-Jose/171-Quail-Hollow-Dr-95128/unit-171/home/21856096,MLSListings,ML81931179,N,Y,37.2965937,-121.9343842,"Carport, Guest/Visitor Parking, Tandem Parking, Unassigned Spaces",,Formal Dining Room,Central Forced Air,Central Forced Air,Other (See Remarks),,6,NA,6,3.0,247.0,312846.0,2259.0,82,Very bikeable,56,Somewhat walkable,48,Some transit,Minimal,Minimal,Moderate,Minimal,"Places2 groceries, 24 restaurants, 1 parkTransit25, 26, 56, 60, 61, 64B, Event Green, Express 101, Green (Winc-StJa), Green Line, Green Line Modified, Green Line Special, Green-South Portion, GreenS, SCVMC, SCVMC Shuttle","Sep 11, 2023",Price ChangedMLSListings #ML81931179,319497.0,"Aug 31, 2023",Price ChangedMLSListings #ML81931179,330000.0,"Aug 17, 2023",Price ChangedMLSListings #ML81931179,335000.0,https://www.redfin.com/CA/San-Jose/171-Quail-Hollow-Dr-95128/unit-171/home/21856096,Washer/Dryer,"Carpet, Laminate, Tile, Vinyl/Linoleum","Shower and Tub, Stall Shower",,,,"Aug 9, 2023",Relisted (Active)MLSListings #ML81931179,NA,"Jul 22, 2023",ContingentMLSListings #ML81931179,NA,"Jul 11, 2023",Listed (Active)MLSListings #ML81931179,345000.0,"Jun 18, 2008",Listing RemovedMLSListings #ML80815929,NA,"Jun 17, 2008",ListedMLSListings #ML80815929,85000.0,,,,,,
MLS Listing,,Single Family Residential,111 Trailblazer Pl,Campbell,CA,95008,3980000,5,3.5,CAMPBELL,3994,9906.0,2023,89,996,,Active,,,https://www.redfin.com/CA/Campbell/111-Trailblazer-PL-95008/home/186005137,MLSListings,ML81933810,N,Y,37.272781179,-121.9756585,Attached Garage,2.0,Other (See Remarks),Other (See Remarks),Other (See Remarks),Public Utilities,2.0,6,NA,8,2.5,996.0,2715256.0,28141.0,56,Bikeable,10,Car-dependent,28,Some transit,Major,Moderate,Moderate,Minimal,"Places4 groceries, 22 restaurants, 5 parksTransit26, 27, 37, 56, 57, Express 101","Sep 7, 2023",Price ChangedMLSListings #ML81933810,3980000.0,"Jul 3, 2023",Listed (Active)MLSListings #ML81933810,2190000.0,,,,https://www.redfin.com/CA/Campbell/111-Trailblazer-PL-95008/home/186005137,,,,,,,,,,,,,,,,,,,,,,,,,,,
MLS Listing,,Single Family Residential,615 Lisa Way,Campbell,CA,95008,1539000,3,2.0,CAMPBELL,1528,3807.0,1977,92,1007,,Active,October-1-2023 01:00 PM,October-1-2023 03:00 PM,https://www.redfin.com/CA/Campbell/615-Lisa-Way-95008/home/1306829,MLSListings,ML81933109,N,Y,37.2966255,-121.9624417,"Attached Garage, Off-Street Parking, On Street",2.0,Dining Area,,Gas,Public Utilities,1.0,6,6,7,2.5,1007.0,1543734.0,10882.0,82,Very bikeable,71,Very walkable,34,Some transit,Major,Minimal,Moderate,Minimal,"Places8 groceries, 26 restaurants, 0 parksTransit25, 26, 27, 37, 56, 57, 60, Event Green, Express 101, Green (Winc-StJa), Green Line, Green Line Modified, Green Line Special, Green-South Portion, GreenS","Sep 23, 2023",Price ChangedMLSListings #ML81933109,1539000.0,"Jul 13, 2023",Price ChangedMLSListings #ML81933109,1549000.0,"Jun 30, 2023",Listed (Active)MLSListings #ML81933109,1599000.0,https://www.redfin.com/CA/Campbell/615-Lisa-Way-95008/home/1306829,"Inside, Washer, Washer/Dryer","Carpet, Hardwood, Tile","Double Sinks, Stall Shower, Tub, Updated Bath(s)",,,,,,,,,,,,,,,,,,,,,,,,
MLS Listing,,Single Family Residential,1779 Hurst Ave,Campbell,CA,95008,1999999,3,2.0,Campbell,2128,9017.0,1967,100,940,,Active,September-30-2023 11:00 AM,September-30-2023 02:00 PM,https://www.redfin.com/CA/Campbell/1779-Hurst-Ave-95008/home/1454690,MetroList,223057332,N,Y,37.291465,-121.918452,,2.0,,Ceiling Fan(s),"Central, Gas",,1.0,5,NA,6,,940.0,1922420.0,14141.0,50,Bikeable,70,Very walkable,36,Some transit,Minimal,Minimal,Moderate,Minimal,"Places4 groceries, 24 restaurants, 0 parksTransit25, 26, 56, 61, 64B, Event Green, Express 103, Green (Winc-StJa), Green Line, Green Line Modified, Green Line Special, Green-South Portion, GreenS, School 256",,,,,,,,,,https://www.redfin.com/CA/Campbell/1779-Hurst-Ave-95008/home/1454690,,"Carpet, Linoleum, Wood",,,,,,,,,,,,,,,,,,,,,,,,,
MLS Listing,,Single Family Residential,105 Trailblazer Pl,Campbell,CA,95008,3140800,5,4.0,CAMPBELL,2848,6526.0,2023,114,1103,,Active,,,https://www.redfin.com/CA/Campbell/105-Trailblazer-PL-95008/home/185688537,MLSListings,ML81931147,N,Y,37.272352163,-121.9757389,Attached Garage,2.0,Other (See Remarks),Other (See Remarks),Other (See Remarks),Public Utilities,1.0,6,NA,8,2.5,1103.0,3057110.0,22207.0,58,Bikeable,23,Car-dependent,27,Some transit,Major,Moderate,Moderate,Minimal,"Places4 groceries, 22 restaurants, 5 parksTransit26, 27, 37, 56, 57, Express 101","Jul 4, 2023",Price ChangedMLSListings #ML81931147,3140800.0,"Jun 8, 2023",Listed (Active)MLSListings #ML81931147,3090800.0,,,,https://www.redfin.com/CA/Campbell/105-Trailblazer-PL-95008/home/185688537,,,,,,,,,,,,,,,,,,,,,,,,,,,
MLS Listing,,Single Family Residential,103 Trailblazer Pl,Campbell,CA,95008,3130000,5,4.0,CAMPBELL,2848,6526.0,2023,121,1099,,Active,,,https://www.redfin.com/CA/Campbell/103-Trailblazer-PL-95008/home/185575107,MLSListings,ML81930352,N,Y,37.272281727,-121.9756209,Attached Garage,2.0,Other (See Remarks),Other (See Remarks),Other (See Remarks),Public Utilities,2.0,6,NA,8,2.5,1099.0,2635192.0,22131.0,58,Bikeable,23,Car-dependent,27,Some transit,Major,Moderate,Moderate,Minimal,"Places4 groceries, 22 restaurants, 5 parksTransit26, 27, 37, 56, 57, Express 101","Sep 7, 2023",Price ChangedMLSListings #ML81930352,3130000.0,"Jul 4, 2023",Price ChangedMLSListings #ML81930352,1740000.0,"Jun 1, 2023",Listed (Active)MLSListings #ML81930352,1690000.0,https://www.redfin.com/CA/Campbell/103-Trailblazer-PL-95008/home/185575107,,,,,,,,,,,,,,,,,,,,,,,,,,,
MLS Listing,,Single Family Residential,1445 Westmont Ave,Campbell,CA,95008,2930000,4,3.0,CAMPBELL,2682,6916.0,2023,121,1092,,Active,,,https://www.redfin.com/CA/Campbell/1445-Westmont-Ave-95008/home/1799770,MLSListings,ML81930348,N,Y,37.2719812,-121.9756432,Attached Garage,2.0,Other (See Remarks),Other (See Remarks),Other (See Remarks),Public Utilities,2.0,9,NA,8,2.5,1092.0,2691262.0,20717.0,58,Bikeable,23,Car-dependent,27,Some transit,Major,Moderate,Moderate,Minimal,"Places4 groceries, 23 restaurants, 5 parksTransit26, 27, 37, 56, 57, Express 101","Sep 7, 2023",Price ChangedMLSListings #ML81930348,2930000.0,"Jul 4, 2023",Price ChangedMLSListings #ML81930348,1540000.0,"Jun 1, 2023",Listed (Active)MLSListings #ML81930348,1490000.0,https://www.redfin.com/CA/Campbell/1445-Westmont-Ave-95008/home/1799770,,,,,,,"Jul 12, 2021",Pending (Pending (Do Not Show))MLSListings #ML81845463,NA,"May 24, 2021",Listed (Active)MLSListings #ML81845463,6888000.0,,,,,,,,,,,,,,,
MLS Listing,,Single Family Residential,229 Budd Ave,Campbell,CA,95008,3985000,5,5.5,CAMPBELL,3427,11600.0,2023,122,1163,,Active,October-1-2023 01:00 PM,October-1-2023 04:00 PM,https://www.redfin.com/CA/Campbell/229-Budd-Ave-95008/home/755685,MLSListings,ML81919425,N,Y,37.2809212,-121.9539101,"Attached Garage, Guest/Visitor Parking, Parking Area",2.0,Dining Area in Living Room,"Central Forced Air, Multi-Zone","Heating (2+ Zones), Solar","Public Utilities, Solar Panels - Owned",2.0,6,NA,8,2.5,1163.0,3859639.0,28176.0,76,Very bikeable,79,Very walkable,48,Some transit,Moderate,Minor,Moderate,Minimal,"Places2 groceries, 17 restaurants, 4 parksTransit26, 27, 37, 56, 60, 61, Event Green, Express 101, Green (Winc-StJa), Green Line, Green Line Modified, Green Line Special, Green-South Portion, GreenS","Sep 4, 2023",Listed (Active)MLSListings #ML81940712,3985000.0,"Aug 16, 2023",Price ChangedMLSListings #ML81919425,3985000.0,"Jul 17, 2023",Price ChangedMLSListings #ML81919425,4250000.0,https://www.redfin.com/CA/Campbell/229-Budd-Ave-95008/home/755685,"Electricity Hookup (220V), In Utility Room",Hardwood,"Double Sinks, Shower and Tub",,,,"May 31, 2023",Listed (Active)MLSListings #ML81919425,4500000.0,,,,,,,,,,,,,,,,,,
MLS Listing,,Single Family Residential,2068 Via Deste,San Jose,CA,95130,1850888,3,3.0,SAN JOSE,1620,6311.0,1960,212,1143,,Active,,,https://www.redfin.com/CA/Campbell/2068-Via-Deste-95008/home/569596,MLSListings,ML81920386,N,Y,37.2848739,-121.9677069,Attached Garage,2.0,Dining Area,,Central Forced Air,Public Utilities,1.0,8,6,8,2.5,1143.0,1837559.0,13087.0,58,Bikeable,57,Somewhat walkable,34,Some transit,Moderate,Minimal,Moderate,Minimal,"Places5 groceries, 25 restaurants, 3 parksTransit25, 26, 27, 37, 56, 57, 60, Event Green, Express 101, Green (Winc-StJa), Green Line, Green Line Modified, Green Line Special, Green-South Portion, GreenS","Apr 28, 2023",Price ChangedMLSListings #ML81920386,1850888.0,"Mar 2, 2023",Listed (Active)MLSListings #ML81920386,1777777.0,,,,https://www.redfin.com/CA/Campbell/2068-Via-Deste-95008/home/569596,In Garage,Wood,Shower Over Tub,,,,,,,,,,,,,,,,,,,,,,,,
