SALE TYPE,SOLD DATE,PROPERTY TYPE,ADDRESS,CITY,STATE OR PROVINCE,ZIP OR POSTAL CODE,PRICE,BEDS,BATHS,LOCATION,SQUARE FEET,LOT SIZE,YEAR BUILT,DAYS ON MARKET,$/SQUARE FEET,HOA/MONTH,STATUS,NEXT OPEN HOUSE START TIME,NEXT OPEN HOUSE END TIME,URL,SOURCE,MLS#,FAVORITE,INTERESTED,LATITUDE,LONGITUDE,FLOORING_FEATURES,HEATING_FEATURES,COOLING_FEATURES,ELEMENTARY_SCHOOL_RATING,MIDDLE_SCHOOL_RATING,HIGH_SCHOOL_RATING,BUYER_AGENCY_COMPENSATION,PRICE_PR_SQFT,REDFIN_ESTIMATE,EST_MONTHLY_PAY,Bike Score,Bike Score_type,Walk Score,Walk Score_type,Transit Score,Transit Score_type,Flood Factor,Fire Factor,Heat Factor,Wind Factor,OVERALL_NEARBY_PLACES,PRICE_HISTORY1_EVENT_DATE,PRICE_HISTORY1_EVENT_TYPE,PRICE_HISTORY1_PRICE,PRICE_HISTORY2_EVENT_DATE,PRICE_HISTORY2_EVENT_TYPE,PRICE_HISTORY2_PRICE,PRICE_HISTORY3_EVENT_DATE,PRICE_HISTORY3_EVENT_TYPE,PRICE_HISTORY3_PRICE,PRICE_HISTORY4_EVENT_DATE,PRICE_HISTORY4_EVENT_TYPE,PRICE_HISTORY4_PRICE,url,HAS_GARAGE,PARK_DESCRIPTION,BATH_DESCRIPTION,DINNING_DESC,LAUNDARY_FEATURES,UTILITIES,NUM_STORIES,FEES_INCLUDE,HOA_FEE_FREQ,HOA_NAME,PRICE_HISTORY5_EVENT_DATE,PRICE_HISTORY5_EVENT_TYPE,PRICE_HISTORY5_PRICE,PRICE_HISTORY6_EVENT_DATE,PRICE_HISTORY6_EVENT_TYPE,PRICE_HISTORY6_PRICE,PRICE_HISTORY7_EVENT_DATE,PRICE_HISTORY7_EVENT_TYPE,PRICE_HISTORY7_PRICE,PRICE_HISTORY8_EVENT_DATE,PRICE_HISTORY8_EVENT_TYPE,PRICE_HISTORY8_PRICE,PRICE_HISTORY9_EVENT_DATE,PRICE_HISTORY9_PRICE,PRICE_HISTORY10_EVENT_DATE,PRICE_HISTORY10_EVENT_TYPE,PRICE_HISTORY10_PRICE,PRICE_HISTORY11_EVENT_DATE,PRICE_HISTORY11_EVENT_TYPE,PRICE_HISTORY11_PRICE,PRICE_HISTORY12_EVENT_DATE,PRICE_HISTORY12_PRICE,PRICE_HISTORY13_EVENT_DATE,PRICE_HISTORY13_EVENT_TYPE,PRICE_HISTORY13_PRICE,PRICE_HISTORY14_EVENT_DATE,PRICE_HISTORY14_EVENT_TYPE,PRICE_HISTORY14_PRICE,PRICE_HISTORY15_EVENT_DATE,PRICE_HISTORY15_PRICE,PRICE_HISTORY16_EVENT_DATE,PRICE_HISTORY16_PRICE
MLS Listing,,Mobile/Manufactured Home,1370 Buckingham Way,Hayward,CA,94544,362000,3.0,2.0,GEORGIAN  MANOR,1529.0,,,9.0,237.0,,Active,,,https://www.redfin.com/CA/Hayward/1370-Buckingham-Way-94544/home/1312488,"bridgeMLS, Bay East AOR, or Contra Costa AOR",41039652,N,Y,37.621398,-122.0663223,"Laminate, Carpet",Natural Gas,Ceiling Fan(s),4,4,5,2.5,237.0,362974.0,2560.0,61,Bikeable,58,Somewhat walkable,33,Some transit,Minimal,Minimal,Moderate,Minimal,"Places14 groceries, 29 restaurants, 3 parksTransit41, 56, 801, 83, 86, 99, Green-N, Green-S, Orange-N, Orange-S, SB","Sep 20, 2023","Listed (New)bridgeMLS, Bay East AOR, or Contra Costa AOR #41039652",362000.0,"May 29, 2014","DelistedbridgeMLS, Bay East AOR, or Contra Costa AOR #40656340",NA,"May 11, 2014","PendingbridgeMLS, Bay East AOR, or Contra Costa AOR #40656340",NA,"May 6, 2014","Listed (New)bridgeMLS, Bay East AOR, or Contra Costa AOR #40656340",189950.0,https://www.redfin.com/CA/Hayward/1370-Buckingham-Way-94544/home/1312488,,,,,,,,,,,,,,,,,,,,,,,,,,,,,,,,,,,,,,,,,,
MLS Listing,,Single Family Residential,2037 Continental Ave,Hayward,CA,94545,979888,4.0,2.5,CENTRAL HAYWARD,1723.0,3500.0,1991.0,10.0,569.0,,Active,,,https://www.redfin.com/CA/Hayward/2037-Continental-Ave-94545/home/1947781,"bridgeMLS, Bay East AOR, or Contra Costa AOR",41037378,N,Y,37.6432569,-122.1161605,Laminate,Forced Air,Central Air,4,4,5,2.5,569.0,1012965.0,6928.0,40,Somewhat bikeable,54,Somewhat walkable,40,Some transit,Minimal,Minimal,Moderate,Minimal,"Places7 groceries, 35 restaurants, 4 parksTransit60, 83, 86, 97, M, S","Sep 19, 2023","Listed (New)bridgeMLS, Bay East AOR, or Contra Costa AOR #41037378",979888.0,"Aug 16, 2017","PendingbridgeMLS, Bay East AOR, or Contra Costa AOR #40791413",NA,"Jul 29, 2017","Listed (New)bridgeMLS, Bay East AOR, or Contra Costa AOR #40791413",699888.0,,,,https://www.redfin.com/CA/Hayward/2037-Continental-Ave-94545/home/1947781,2.0,,,,,,,,,,,,,,,,,,,,,,,,,,,,,,,,,,,,,,,,,
MLS Listing,,Single Family Residential,25705 Westview Way,Hayward,CA,94542,1299000,4.0,2.0,HAYWARD HILLS,2465.0,4497.0,1940.0,28.0,527.0,,Active,September-30-2023 12:00 PM,September-30-2023 03:00 PM,https://www.redfin.com/CA/Hayward/25705-Westview-Way-94542/home/1985820,"bridgeMLS, Bay East AOR, or Contra Costa AOR",41036075,N,Y,37.6550672,-122.0654805,"Laminate, Tile, Carpet",Radiant,Ceiling Fan(s),6,2,NA,2.5,527.0,1284270.0,9185.0,32,Somewhat bikeable,37,Car-dependent,40,Some transit,Minimal,Moderate,Moderate,Minimal,"Places7 groceries, 24 restaurants, 3 parksTransit41, 60, 801, 83, 86, 94, 95, 99","Sep 19, 2023","Price ChangedbridgeMLS, Bay East AOR, or Contra Costa AOR #41036075",1299000.0,"Sep 1, 2023","Listed (New)bridgeMLS, Bay East AOR, or Contra Costa AOR #41036075",1399000.0,"Jul 19, 2018","PendingbridgeMLS, Bay East AOR, or Contra Costa AOR #40830140",NA,"Jul 13, 2018","Listed (New)bridgeMLS, Bay East AOR, or Contra Costa AOR #40830140",799950.0,https://www.redfin.com/CA/Hayward/25705-Westview-Way-94542/home/1985820,,,,,,,,,,,,,,,,,,,,,,,,,,,,,,,,,,,,,,,,,,
Redfin Data,,Single Family Residential,3431 Thompson Pl,Hayward,CA,94541,1500000,4.0,2.5,Hayward,2587.0,10836.0,1989.0,23.0,580.0,,Pre On-Market,,,https://www.redfin.com/CA/Hayward/3431-Thompson-Pl-94541/home/1425199,Coming Soon,94789,N,Y,37.6678027,-122.0417268,,,,5,2,NA,,580.0,,10606.0,14,Somewhat bikeable,10,Car-dependent,,,Minimal,Moderate,Moderate,Minimal,"Places9 groceries, 19 restaurants, 10 parksTransit28, 60, 801, 94, 95, 99","Sep 6, 2023","Coming SoonOn market September 26, 2023",1500000.0,"Apr 27, 1998","ListedbridgeMLS, Bay East AOR, or Contra Costa AOR #10254957",419000.0,,,,,,,https://www.redfin.com/CA/Hayward/3431-Thompson-Pl-94541/home/1425199,,,,,,,,,,,,,,,,,,,,,,,,,,,,,,,,,,,,,,,,,,
MLS Listing,,Single Family Residential,518 Simon St,Hayward,CA,94541,699999,2.0,1.5,HAYWARD,1013.0,6277.0,1940.0,1.0,691.0,,Active,October-1-2023 12:00 PM,October-1-2023 03:00 PM,https://www.redfin.com/CA/Hayward/518-Simon-St-94541/home/1615204,MLSListings,ML81943655,N,Y,37.6748237,-122.0937155,,Other (See Remarks),Other (See Remarks),3,2,NA,2.5,691.0,702884.0,4949.0,59,Bikeable,70,Very walkable,,,Moderate,Minimal,Moderate,Minimal,"Places5 groceries, 26 restaurants, 2 parksTransit10, 28, 34, 41, 56, 60, 801, 83, 86, 93, 94, 95, 99, CC, Green-N, Green-S, M, Orange-N, Orange-S","Sep 29, 2023",Listed (Active)MLSListings #ML81943655,699999.0,,,,,,,,,,https://www.redfin.com/CA/Hayward/518-Simon-St-94541/home/1615204,1.0,"Attached Garage, Off-Street Parking",Shower Over Tub,Dining Area,Other (See Remarks),Public Utilities,2.0,,,,,,,,,,,,,,,,,,,,,,,,,,,,,,,,,,,
MLS Listing,,Single Family Residential,3160 D St,Hayward,CA,94541,1100000,2.0,2.0,FAIRVIEW,1364.0,6100.0,1951.0,1.0,806.0,,Active,,,https://www.redfin.com/CA/Hayward/3160-D-St-94541/home/1179635,"bridgeMLS, Bay East AOR, or Contra Costa AOR",41039264,N,Y,37.6791546,-122.0499915,"Laminate, Carpet",Wall Furnace,Ceiling Fan(s),4,2,NA,2.5,806.0,1102078.0,7778.0,17,Somewhat bikeable,19,Car-dependent,,,Minimal,Moderate,Moderate,Minimal,"Places8 groceries, 13 restaurants, 8 parksTransit28, 60, 93, 94, 95, NX4, NXC","Sep 29, 2023","Listed (Active)bridgeMLS, Bay East AOR, or Contra Costa AOR #41039264",1100000.0,,,,,,,,,,https://www.redfin.com/CA/Hayward/3160-D-St-94541/home/1179635,,,,,,,,,,,,,,,,,,,,,,,,,,,,,,,,,,,,,,,,,,
MLS Listing,,Multi-Family (5+ Unit),341 Medford Ave,Hayward,CA,94541,2700000,6.0,6.0,Hayward,4080.0,19133.0,1989.0,1.0,662.0,,Active,,,https://www.redfin.com/CA/Hayward/341-Medford-Ave-94541/home/1338095,TheMLS,23-282933,N,Y,37.6807081,-122.1068134,,,,2,4,3,2.5,662.0,,19091.0,55,Bikeable,53,Somewhat walkable,,,Minimal,Minimal,Moderate,Minimal,"Places5 groceries, 17 restaurants, 6 parksTransit10, 28, 34, 56, 801, 83, 93, 97, CC, NX4, NXC, S","Sep 28, 2023",Listed (Active)TheMLS #23-282933,2700000.0,,,,,,,,,,https://www.redfin.com/CA/Hayward/341-Medford-Ave-94541/home/1338095,12.0,,,,,,,,,,,,,,,,,,,,,,,,,,,,,,,,,,,,,,,,,
MLS Listing,,Single Family Residential,3146 Madsen St,Hayward,CA,94541,1190000,3.0,3.0,CENTRAL HAYWARD,2204.0,3814.0,2009.0,1.0,540.0,,Active,October-1-2023 01:00 PM,October-1-2023 04:00 PM,https://www.redfin.com/CA/Hayward/3146-Madsen-St-94541/home/22682891,"bridgeMLS, Bay East AOR, or Contra Costa AOR",41040429,N,Y,37.6628847,-122.0906443,"Tile, Engineered Wood",Zoned,Zoned,5,3,NA,2.5,540.0,1186889.0,8414.0,66,Bikeable,74,Very walkable,61,Good transit,Minimal,Minimal,Moderate,Minimal,"Places7 groceries, 26 restaurants, 3 parksTransit10, 28, 34, 41, 56, 60, 801, 83, 86, 93, 94, 95, 99, CC, Green-N, Green-S, M, Orange-N, Orange-S","Sep 29, 2023","Listed (Active)bridgeMLS, Bay East AOR, or Contra Costa AOR #41040429",1190000.0,,,,,,,,,,https://www.redfin.com/CA/Hayward/3146-Madsen-St-94541/home/22682891,2.0,,,,,,,,,,,,,,,,,,,,,,,,,,,,,,,,,,,,,,,,,
MLS Listing,,Vacant Land,24355 Israel Ct,Hayward,CA,94541,499000,,,Hayward,,9047.0,,1.0,,,Active,,,https://www.redfin.com/CA/Hayward/24355-Israel-Ct-94541/home/21673050,MetroList,223091197,N,Y,37.671594,-122.064773,,,,5,2,NA,,,493001.0,3528.0,12,Somewhat bikeable,23,Car-dependent,39,Some transit,Minimal,Minor,Moderate,Minimal,"Places7 groceries, 19 restaurants, 5 parksTransit28, 60, 801, 93, 94, 95, 99","May 14, 2010","PendingbridgeMLS, Bay East AOR, or Contra Costa AOR #40462967",NA,"Apr 23, 2010","Listed (New)bridgeMLS, Bay East AOR, or Contra Costa AOR #40462967",63900.0,,,,,,,https://www.redfin.com/CA/Hayward/24355-Israel-Ct-94541/home/21673050,,,,,,"None, Other",,,,,,,,,,,,,,,,,,,,,,,,,,,,,,,,,,,,
MLS Listing,,Condo/Co-op,26593 Mission Blvd,Hayward,CA,94544,838888,3.0,2.5,HAYWARD,1735.0,,2020.0,1.0,484.0,390.0,Active,,,https://www.redfin.com/CA/Hayward/26593-Mission-Blvd-94544/home/172853127,MLSListings,ML81943507,N,Y,37.6476094,-122.0644656,,Central Forced Air,Central Forced Air,3,2,2,2.75,484.0,843217.0,6321.0,63,Bikeable,66,Somewhat walkable,38,Some transit,Minimal,Moderate,Moderate,Minimal,"Places9 groceries, 28 restaurants, 3 parksTransit41, 56, 60, 801, 83, 86, 94, 99, Green-N, Green-S, Orange-N, Orange-S","Sep 28, 2023",Listed (Active)MLSListings #ML81943507,838888.0,"Feb 7, 2020","PendingbridgeMLS, Bay East AOR, or Contra Costa AOR #40893966",NA,"Jan 31, 2020","Listed (New)bridgeMLS, Bay East AOR, or Contra Costa AOR #40893966",712500.0,,,,https://www.redfin.com/CA/Hayward/26593-Mission-Blvd-94544/home/172853127,2.0,Attached Garage,"Double Sinks, Primary (Stall Shower(s)), Shower and Tub",No Formal Dining Room,Washer/Dryer,"Public Utilities, Solar Panels - Owned",3.0,"Common Area Electricity, Insurance (Common Area), Landscaping/Gardening, Maintenance (Common Area), Other (See Remarks)",Monthly,Motion at Mission,,,,,,,,,,,,,,,,,,,,,,,,,,,,,,,,
MLS Listing,,Condo/Co-op,122 Cue Way,Hayward,CA,94544,898860,2.0,2.5,HAYWARD,1718.0,,2023.0,1.0,523.0,460.0,Active,,,https://www.redfin.com/CA/Hayward/122-Cue-Way-94544/home/187742654,MLSListings,ML81943495,N,Y,37.626885,-122.051256,"Carpet, Tile, Other (See Remarks)",Central Forced Air,Central Forced Air,2,2,2,2.0,523.0,903901.0,6815.0,55,Bikeable,60,Somewhat walkable,50,Good transit,NA,NA,NA,NA,"Places12 groceries, 24 restaurants, 5 parksTransit41, 56, 801, 83, 86, 99, Green-N, Green-S, Orange-N, Orange-S","Oct 2, 2023",Pending (Pending (Do Not Show))MLSListings #ML81943495,NA,"Sep 28, 2023",Listed (Active)MLSListings #ML81943495,898860.0,"Sep 30, 2023",Listed (Active)NewHomeSource.com #2544675,898860.0,,,,https://www.redfin.com/CA/Hayward/122-Cue-Way-94544/home/187742654,2.0,Attached Garage,"Double Sinks, Primary (Stall Shower(s)), Shower Over Tub, Tile",Dining Area,"Electricity Hookup (220V), Hookup (Gas Dryer), Upper Floor",Public Utilities,3.0,"Maintenance (Common Area), Maintenance (Exterior), Management Fee, Roof",Monthly,Associa,,,,,,,,,,,,,,,,,,,,,,,,,,,,,,,,
MLS Listing,,Single Family Residential,537 Solano Ave,Hayward,CA,94541,980000,4.0,2.0,,1468.0,5253.0,1951.0,1.0,668.0,,Active,October-1-2023 01:00 PM,October-1-2023 04:00 PM,https://www.redfin.com/CA/Hayward/537-Solano-Ave-94541/home/1924791,"bridgeMLS, Bay East AOR, or Contra Costa AOR",41040435,N,Y,37.6722348,-122.1179371,Laminate,"Natural Gas, Central",,4,4,3,2.5,668.0,978561.0,6929.0,65,Bikeable,79,Very walkable,40,Some transit,Minimal,Minimal,Moderate,Minimal,"Places4 groceries, 38 restaurants, 3 parksTransit10, 34, 35, 56, 801, 83, 86, 93, 97, CC, S","Sep 28, 2023","Listed (Active)bridgeMLS, Bay East AOR, or Contra Costa AOR #41040435",980000.0,"Mar 27, 2023",Pending (Pending Sale)CRMLS #OC23010887,NA,"Feb 27, 2023",Contingent (Active Under Contract)CRMLS #OC23010887,NA,"Feb 7, 2023",Price ChangedCRMLS #OC23010887,699000.0,https://www.redfin.com/CA/Hayward/537-Solano-Ave-94541/home/1924791,2.0,,,,,,,,,,"Jan 30, 2023",Listed (Active)CRMLS #OC23010887,755000.0,,,,,,,,,,,,,,,,,,,,,,,,,,,,,
MLS Listing,,Multi-Family (2-4 Unit),1018 Mckeever Ave,Hayward,CA,94541,1485000,6.0,,Hayward,2845.0,5200.0,1939.0,1.0,522.0,,Active,,,https://www.redfin.com/CA/Hayward/1018-McKeever-Ave-94541/home/1132772,"bridgeMLS, Bay East AOR, or Contra Costa AOR",41040433,N,Y,37.6760399,-122.0849774,"Linoleum, Vinyl, Carpet","Baseboard, Electric, Natural Gas, Wall Furnace",No Air Conditioning,3,2,NA,2.5,522.0,1484247.0,10500.0,54,Bikeable,96,Walker's paradise,62,Good transit,Minimal,Minimal,Moderate,Minimal,"Places4 groceries, 33 restaurants, 1 parkTransit10, 28, 34, 41, 56, 60, 801, 83, 86, 93, 94, 95, 99, Green-N, Green-S, M, Orange-N, Orange-S","Sep 28, 2023","Listed (Active)bridgeMLS, Bay East AOR, or Contra Costa AOR #41040433",1485000.0,,,,,,,,,,https://www.redfin.com/CA/Hayward/1018-McKeever-Ave-94541/home/1132772,,,,,,"Water/Sewer Meter on Site, All Public Utilities, Cable Connected, Internet Available",,,,,,,,,,,,,,,,,,,,,,,,,,,,,,,,,,,,
MLS Listing,,Single Family Residential,23124 Maud Ave,Hayward,CA,94541,798000,3.0,2.5,FAIRVIEW,1200.0,12500.0,1955.0,2.0,665.0,,Active,September-30-2023 01:00 PM,September-30-2023 04:00 PM,https://www.redfin.com/CA/Hayward/23124-Maud-Ave-94541/home/1303572,"bridgeMLS, Bay East AOR, or Contra Costa AOR",41040340,N,Y,37.6833188,-122.0531817,Hardwood,,,4,2,NA,2.5,665.0,829055.0,5642.0,19,Somewhat bikeable,34,Car-dependent,,,Minimal,Moderate,Moderate,Minimal,"Places8 groceries, 15 restaurants, 8 parksTransit28, 60, 93, 94, 95, NX4, NXC","Sep 27, 2023","Listed (Active)bridgeMLS, Bay East AOR, or Contra Costa AOR #41040340",798000.0,,,,,,,,,,https://www.redfin.com/CA/Hayward/23124-Maud-Ave-94541/home/1303572,2.0,,,,,All Public Utilities,,,,,,,,,,,,,,,,,,,,,,,,,,,,,,,,,,,,
MLS Listing,,Multi-Family (2-4 Unit),836 Blossom Way,Hayward,CA,94541,1099000,,,Hayward,1776.0,25206.0,1926.0,2.0,619.0,,Active,,,https://www.redfin.com/CA/Hayward/836-Blossom-Way-94541/home/17187710,"bridgeMLS, Bay East AOR, or Contra Costa AOR",41040323,N,Y,37.6809107,-122.0990781,Laminate,,No Air Conditioning,3,2,NA,2.5,619.0,1117834.0,7771.0,51,Bikeable,65,Somewhat walkable,,,Minimal,Minimal,Moderate,Minimal,"Places3 groceries, 19 restaurants, 3 parksTransit10, 28, 34, 41, 56, 60, 801, 83, 86, 93, 94, 95, 99, CC, Green-N, Green-S, M, NX4, NXC, Orange-N, Orange-S","Sep 27, 2023","Listed (Active)bridgeMLS, Bay East AOR, or Contra Costa AOR #41040323",1099000.0,"Mar 27, 2017","PendingbridgeMLS, Bay East AOR, or Contra Costa AOR #40766854",NA,"Mar 4, 2017","Relisted (Back On Market)bridgeMLS, Bay East AOR, or Contra Costa AOR #40766854",NA,"Feb 24, 2017","PendingbridgeMLS, Bay East AOR, or Contra Costa AOR #40766854",NA,https://www.redfin.com/CA/Hayward/836-Blossom-Way-94541/home/17187710,,,,,,,,,,,"Feb 1, 2017","Relisted (Back On Market)bridgeMLS, Bay East AOR, or Contra Costa AOR #40766854",NA,"Feb 1, 2017","PendingbridgeMLS, Bay East AOR, or Contra Costa AOR #40766854",NA,"Jan 6, 2017","Listed (New)bridgeMLS, Bay East AOR, or Contra Costa AOR #40766854",889000.0,,,,,,,,,,,,,,,,,,,,,,,
MLS Listing,,Single Family Residential,2584 Jacobs St,Hayward,CA,94541,875000,4.0,2.0,FAIRVIEW,1192.0,5000.0,1954.0,2.0,734.0,,Active,September-30-2023 01:30 PM,September-30-2023 04:30 PM,https://www.redfin.com/CA/Hayward/2584-Jacobs-St-94541/home/1969469,"bridgeMLS, Bay East AOR, or Contra Costa AOR",41040248,N,Y,37.6873423,-122.0578056,"Tile, Wood, Engineered Wood",Central,Central Air,4,2,NA,2.5,734.0,911217.0,6187.0,27,Somewhat bikeable,39,Car-dependent,,,Minimal,Moderate,Moderate,Minimal,"Places8 groceries, 18 restaurants, 6 parksTransit28, 60, 93, 94, 95, Blue-N, Blue-S, NX4, NXC","Sep 26, 2023","Listed (Active)bridgeMLS, Bay East AOR, or Contra Costa AOR #41040248",875000.0,"Apr 27, 2018","ContingentbridgeMLS, Bay East AOR, or Contra Costa AOR #40817483",NA,"Apr 13, 2018","Listed (New)bridgeMLS, Bay East AOR, or Contra Costa AOR #40817483",675000.0,,,,https://www.redfin.com/CA/Hayward/2584-Jacobs-St-94541/home/1969469,2.0,,,,,,,,,,,,,,,,,,,,,,,,,,,,,,,,,,,,,,,,,
MLS Listing,,Single Family Residential,26165 Clover Rd,Hayward,CA,94542,1849000,4.0,2.5,FAIRVIEW,2560.0,121968.0,2002.0,2.0,722.0,,Active,September-30-2023 01:00 PM,September-30-2023 04:00 PM,https://www.redfin.com/CA/Hayward/26165-Clover-Rd-94542/home/1072095,"bridgeMLS, Bay East AOR, or Contra Costa AOR",41040260,N,Y,37.6678602,-122.0391293,"Tile, Carpet",Forced Air,Central Air,5,2,NA,2.5,722.0,1881308.0,13074.0,12,Somewhat bikeable,3,Car-dependent,,,Minimal,Moderate,Moderate,Minimal,"Places9 groceries, 19 restaurants, 10 parksTransit28, 60, 801, 94, 95, 99, NX4, NXC","Sep 26, 2023","Listed (Active)bridgeMLS, Bay East AOR, or Contra Costa AOR #41040260",1849000.0,,,,,,,,,,https://www.redfin.com/CA/Hayward/26165-Clover-Rd-94542/home/1072095,3.0,,,,,All Public Utilities,,,,,,,,,,,,,,,,,,,,,,,,,,,,,,,,,,,,
MLS Listing,,Single Family Residential,31144 Chicoine Ave,Hayward,CA,94544,898800,3.0,2.0,HAYWARD,1606.0,7446.0,1955.0,4.0,560.0,,Active,September-30-2023 01:00 PM,September-30-2023 04:00 PM,https://www.redfin.com/CA/Hayward/31144-Chicoine-Ave-94544/home/1939837,MLSListings,ML81943113,N,Y,37.6208439,-122.0340777,Laminate,"Central Forced Air, Central Forced Air (Gas), Forced Air",Central Forced Air,2,2,2,2.5,560.0,899967.0,6355.0,24,Somewhat bikeable,67,Somewhat walkable,34,Some transit,Minimal,Moderate,Moderate,Minimal,"Places12 groceries, 24 restaurants, 7 parksTransit232, 41, 56, 801, 83, 86, 94, 97, 99, Green-N, Green-S, Orange-N, Orange-S","Sep 25, 2023",Listed (Active)MLSListings #ML81943113,898800.0,"Aug 10, 2022","PendingbridgeMLS, Bay East AOR, or Contra Costa AOR #41004703",NA,"Aug 9, 2022","Listed (New)bridgeMLS, Bay East AOR, or Contra Costa AOR #41004703",800000.0,,,,https://www.redfin.com/CA/Hayward/31144-Chicoine-Ave-94544/home/1939837,2.0,"Attached Garage, Enclosed, Gate/Door Opener","Primary (Stall Shower(s)), 2+ Stall Shower, Tile, Tub, Tub in Master Bedroom, Updated Bath(s)","Dining Area in Living Room, Eat in Kitchen","Hookup (Gas Dryer), In Garage",Public Utilities,1.0,,,,,,,,,,,,,,,,,,,,,,,,,,,,,,,,,,,
MLS Listing,,Townhouse,693 Chase Ave,Hayward,CA,94541,740000,3.0,3.0,Hayward,1345.0,1000.0,2004.0,4.0,550.0,330.0,Active,September-30-2023 02:00 PM,September-30-2023 04:00 PM,https://www.redfin.com/CA/Hayward/693-Chase-Ave-94541/home/12339272,San Francisco MLS,423912044,N,Y,37.6667009,-122.0848433,"Carpet, Linoleum, Tile",Central,"Ceiling Fan(s), Central",5,3,NA,,550.0,753129.0,5562.0,68,Bikeable,76,Very walkable,64,Good transit,Minimal,Minimal,Moderate,Minimal,"Places6 groceries, 35 restaurants, 2 parksTransit10, 28, 34, 41, 56, 60, 801, 83, 86, 93, 94, 95, 99, Green-N, Green-S, M, Orange-N, Orange-S","Sep 25, 2023",Listed (Active)San Francisco MLS #423912044,740000.0,,,,,,,,,,https://www.redfin.com/CA/Hayward/693-Chase-Ave-94541/home/12339272,,,,,,"Cable Available, DSL Available, Internet Available",3.0,,,,,,,,,,,,,,,,,,,,,,,,,,,,,,,,,,,
MLS Listing,,Multi-Family (2-4 Unit),211 Rondale Ct,Hayward,CA,94541,1499000,8.0,,Hayward,3640.0,7500.0,1963.0,4.0,412.0,,Active,,,https://www.redfin.com/CA/Hayward/211-Rondale-Ct-94541/home/2008855,"bridgeMLS, Bay East AOR, or Contra Costa AOR",41040176,N,Y,37.673786,-122.1122132,"Laminate, Tile, Carpet",Wall Furnace,No Air Conditioning,4,4,3,2.0,412.0,1500752.0,10599.0,56,Bikeable,54,Somewhat walkable,39,Some transit,Moderate,Minimal,Moderate,Minimal,"Places4 groceries, 33 restaurants, 5 parksTransit10, 28, 34, 56, 60, 801, 83, 86, 93, 97, CC, S","Sep 25, 2023","Listed (New)bridgeMLS, Bay East AOR, or Contra Costa AOR #41040176",1499000.0,"Apr 29, 2008","DelistedbridgeMLS, Bay East AOR, or Contra Costa AOR #40321666",NA,"Jan 31, 2008","ListedbridgeMLS, Bay East AOR, or Contra Costa AOR #40321666",614900.0,,,,https://www.redfin.com/CA/Hayward/211-Rondale-Ct-94541/home/2008855,,,,,,,,,,,,,,,,,,,,,,,,,,,,,,,,,,,,,,,,,,
MLS Listing,,Single Family Residential,382 Cornell Ave,Hayward,CA,94544,869999,3.0,2.0,HAYWARD,1168.0,5000.0,1951.0,4.0,745.0,,Active,September-30-2023 12:00 PM,September-30-2023 03:00 PM,https://www.redfin.com/CA/Hayward/382-Cornell-Ave-94544/home/788022,MLSListings,ML81943093,N,Y,37.6121306,-122.0297146,,Wall Furnace,,4,5,6,2.5,745.0,874808.0,6151.0,53,Bikeable,54,Somewhat walkable,35,Some transit,Minimal,Major,Moderate,Minimal,"Places11 groceries, 17 restaurants, 8 parksTransit200, 216, 232, 801, 97, 99, BridgeA, BridgeB, Green-N, Green-S, Orange-N, Orange-S","Sep 25, 2023",Listed (Active)MLSListings #ML81943093,869999.0,"Dec 21, 2001","DelistedbridgeMLS, Bay East AOR, or Contra Costa AOR #11122908",NA,"Dec 12, 2001","ListedbridgeMLS, Bay East AOR, or Contra Costa AOR #11122908",299950.0,,,,https://www.redfin.com/CA/Hayward/382-Cornell-Ave-94544/home/788022,1.0,Attached Garage,,Dining Area,,Public Utilities,1.0,,,,,,,,,,,,,,,,,,,,,,,,,,,,,,,,,,,
MLS Listing,,Single Family Residential,17360 Via Chiquita,San Lorenzo,CA,94580,999000,5.0,2.5,SAN LORENZO,2771.0,5277.0,1951.0,4.0,361.0,13.0,Active,September-30-2023 02:00 PM,September-30-2023 04:00 PM,https://www.redfin.com/CA/San-Lorenzo/17360-Via-Chiquita-94580/home/935745,MLSListings,ML81943070,N,Y,37.6666433,-122.1325338,,Central Forced Air (Gas),,3,4,7,2.5,361.0,1008100.0,7077.0,41,Somewhat bikeable,34,Car-dependent,34,Some transit,Minimal,Minimal,Moderate,Minimal,"Places4 groceries, 32 restaurants, 4 parksTransit34, 35, 83, 86, 93, 97, S","Sep 25, 2023",Listed (Active)MLSListings #ML81943070,999000.0,,,,,,,,,,https://www.redfin.com/CA/San-Lorenzo/17360-Via-Chiquita-94580/home/935745,1.0,Attached Garage,,"Breakfast Bar, Dining Area",,Public Utilities,,"Management Fee, Organized Activities",Annually,San Lorenzo Village,,,,,,,,,,,,,,,,,,,,,,,,,,,,,,,,
MLS Listing,,Single Family Residential,636 Sycamore Ave,Hayward,CA,94544,699900,3.0,1.0,Not Listed,1020.0,5300.0,1950.0,4.0,686.0,,Active,,,https://www.redfin.com/CA/Hayward/636-Sycamore-Ave-94544/home/2042660,"bridgeMLS, Bay East AOR, or Contra Costa AOR",41040131,N,Y,37.6617853,-122.0802159,"Laminate, Vinyl, Carpet",Forced Air,,5,2,NA,2.5,686.0,704536.0,4949.0,62,Bikeable,78,Very walkable,57,Good transit,Minimal,Moderate,Moderate,Minimal,"Places6 groceries, 30 restaurants, 3 parksTransit10, 28, 34, 41, 56, 60, 801, 83, 86, 93, 94, 95, 99, Green-N, Green-S, M, Orange-N, Orange-S","Sep 25, 2023","Listed (New)bridgeMLS, Bay East AOR, or Contra Costa AOR #41040131",699900.0,"Feb 24, 2012","Pending (Pending - Subject to Lender Approval)bridgeMLS, Bay East AOR, or Contra Costa AOR #40554983",NA,"Feb 21, 2012","Price Changed (Price Change)bridgeMLS, Bay East AOR, or Contra Costa AOR #40554983",194800.0,"Feb 4, 2012","Price Changed (Price Change)bridgeMLS, Bay East AOR, or Contra Costa AOR #40554983",207000.0,https://www.redfin.com/CA/Hayward/636-Sycamore-Ave-94544/home/2042660,1.0,,,,,All Public Utilities,,,,,"Jan 9, 2012","Price Changed (Price Change)bridgeMLS, Bay East AOR, or Contra Costa AOR #40554983",213400.0,"Dec 18, 2011","Listed (New)bridgeMLS, Bay East AOR, or Contra Costa AOR #40554983",220000.0,,,,,,,,,,,,,,,,,,,,,,,,,,
MLS Listing,,Single Family Residential,456 Brian St,Hayward,CA,94544,759000,3.0,1.0,Hayward,927.0,7416.0,1952.0,4.0,819.0,,Active,September-30-2023 01:00 PM,September-30-2023 04:00 PM,https://www.redfin.com/CA/Hayward/456-Brian-St-94544/home/1516990,MetroList,223093325,N,Y,37.634888,-122.0689414,"Tile, Wood","Fireplace(s), Wall Furnace, Natural Gas",Ceiling Fan(s),4,5,2,,819.0,760683.0,5367.0,72,Very bikeable,77,Very walkable,49,Some transit,Minimal,Moderate,Moderate,Minimal,"Places10 groceries, 25 restaurants, 4 parksTransit41, 56, 801, 83, 86, 99, Green-N, Green-S, Orange-N, Orange-S",,,,,,,,,,,,,https://www.redfin.com/CA/Hayward/456-Brian-St-94544/home/1516990,1.0,,,,,"Cable Available, Natural Gas Connected",1.0,,,,,,,,,,,,,,,,,,,,,,,,,,,,,,,,,,,
MLS Listing,,Townhouse,2705 Arf Ave,Hayward,CA,94545,669000,3.0,1.5,GLEN EDEN,1254.0,946.0,1971.0,7.0,533.0,268.0,Active,September-30-2023 12:00 PM,September-30-2023 04:00 PM,https://www.redfin.com/CA/Hayward/2705-Arf-Ave-94545/home/1286365,"bridgeMLS, Bay East AOR, or Contra Costa AOR",41040023,N,Y,37.624294,-122.098169,"Laminate, Carpet",Forced Air,"Ceiling Fan(s), No Air Conditioning",4,4,5,2.5,533.0,678887.0,4998.0,50,Bikeable,56,Somewhat walkable,39,Some transit,Minimal,Minimal,Moderate,Minimal,"Places8 groceries, 26 restaurants, 7 parksTransit41, 56, 60, 83, 86, 97, M, SB","Sep 22, 2023","Listed (New)bridgeMLS, Bay East AOR, or Contra Costa AOR #41040023",669000.0,,,,,,,,,,https://www.redfin.com/CA/Hayward/2705-Arf-Ave-94545/home/1286365,,,,,,,,,,,,,,,,,,,,,,,,,,,,,,,,,,,,,,,,,,
MLS Listing,,Condo/Co-op,21391 Gary Dr #12,Hayward,CA,94546,479950,2.0,2.0,Not Listed,936.0,15300.0,1961.0,7.0,513.0,480.0,Active,,,https://www.redfin.com/CA/Hayward/21391-Gary-Dr-94546/unit-12/home/950085,"bridgeMLS, Bay East AOR, or Contra Costa AOR",41039492,N,Y,37.6856859,-122.090071,"Linoleum, Carpet",Forced Air,,3,2,NA,2.5,513.0,480107.0,3874.0,35,Somewhat bikeable,63,Somewhat walkable,40,Some transit,Minimal,Minimal,Moderate,Minimal,"Places2 groceries, 22 restaurants, 0 parksTransit10, 28, 34, 56, 60, 801, 83, 93, 94, 95, 99, Blue-N, Blue-S, Green-N, Green-S, M, NX4, NXC, Orange-N, Orange-S","Sep 22, 2023","Listed (New)bridgeMLS, Bay East AOR, or Contra Costa AOR #41039492",479950.0,"Feb 15, 2005","DelistedbridgeMLS, Bay East AOR, or Contra Costa AOR #40062406",NA,"Feb 11, 2005","ListedbridgeMLS, Bay East AOR, or Contra Costa AOR #40062406",319950.0,,,,https://www.redfin.com/CA/Hayward/21391-Gary-Dr-94546/unit-12/home/950085,,,,,,All Public Utilities,,,,,,,,,,,,,,,,,,,,,,,,,,,,,,,,,,,,
MLS Listing,,Single Family Residential,24945 Lucien Way,Hayward,CA,94544,650000,3.0,1.0,Hayward,1054.0,5663.0,1950.0,7.0,617.0,,Active,,,https://www.redfin.com/CA/Hayward/24945-Lucien-Way-94544/home/993999,MetroList,223092963,N,Y,37.6542239,-122.0840774,"Carpet, Linoleum, Vinyl",Wall Furnace,"Wall Unit(s), None",3,3,5,,617.0,673029.0,4596.0,52,Bikeable,52,Somewhat walkable,38,Some transit,Minimal,Minimal,Moderate,Minimal,"Places8 groceries, 30 restaurants, 0 parksTransit10, 28, 34, 41, 56, 60, 801, 83, 86, 93, 94, 95, 99, Green-N, Green-S, M, Orange-N, Orange-S",,,,,,,,,,,,,https://www.redfin.com/CA/Hayward/24945-Lucien-Way-94544/home/993999,,,,,,,1.0,,,,,,,,,,,,,,,,,,,,,,,,,,,,,,,,,,,
MLS Listing,,Condo/Co-op,29581 Highgate Dr #120,Hayward,CA,94544,499000,2.0,1.0,HAYWARD,900.0,,1988.0,7.0,554.0,502.0,Active,September-30-2023 01:00 PM,September-30-2023 04:00 PM,https://www.redfin.com/CA/Hayward/29581-Highgate-Dr-94544/unit-120/home/2113667,MLSListings,ML81942914,N,Y,37.6321574,-122.0448578,,Electric,,2,2,2,2.5,554.0,499312.0,4030.0,35,Somewhat bikeable,64,Somewhat walkable,45,Some transit,Minimal,Moderate,Moderate,Minimal,"Places9 groceries, 24 restaurants, 6 parksTransit41, 56, 60, 801, 83, 86, 94, 99, Green-N, Green-S, Orange-N, Orange-S","Sep 22, 2023",Listed (Active)MLSListings #ML81942914,499000.0,"May 23, 2011","PendingbridgeMLS, Bay East AOR, or Contra Costa AOR #40523488",NA,"May 10, 2011","Listed (New)bridgeMLS, Bay East AOR, or Contra Costa AOR #40523488",111900.0,,,,https://www.redfin.com/CA/Hayward/29581-Highgate-Dr-94544/unit-120/home/2113667,,Detached,"Double Sinks, Full on Ground Floor, Shower Over Tub, Split Bath","Breakfast Bar, Breakfast Nook, No Formal Dining Room",Inside,Public Utilities,1.0,"Landscaping/Gardening, Sewer, Water",,Clarendon Hills,,,,,,,,,,,,,,,,,,,,,,,,,,,,,,,,
MLS Listing,,Townhouse,103 Cypress Loop,Hayward,CA,94544,880000,3.0,2.5,HAYWARD,1707.0,6333.0,2016.0,8.0,516.0,284.0,Active,September-30-2023 02:00 PM,September-30-2023 04:00 PM,https://www.redfin.com/CA/Hayward/103-Cypress-Loop-94544/home/143117514,MLSListings,ML81941650,N,Y,37.6511329,-122.0696201,"Carpet, Laminate, Tile",Central Forced Air,"Central Forced Air, Multi-Zone",6,2,NA,2.5,516.0,,6506.0,67,Bikeable,66,Somewhat walkable,39,Some transit,Minimal,Moderate,Moderate,Minimal,"Places8 groceries, 19 restaurants, 3 parksTransit41, 56, 60, 801, 83, 86, 94, 99","Sep 30, 2023",ContingentMLSListings #ML81941650,NA,"Sep 21, 2023",Listed (Active)MLSListings #ML81941650,880000.0,,,,,,,https://www.redfin.com/CA/Hayward/103-Cypress-Loop-94544/home/143117514,2.0,Attached Garage,"Double Sinks, Half on Ground Floor, Oversized Tub, Primary (Stall Shower(s)), Shower Over Tub, Solid Surface, Stall Shower, Tile, Updated Bath(s)",Dining Area in Living Room,"Dryer, Inside, Washer",Public Utilities,3.0,"Exterior Painting, Insurance (Common Area), Insurance (Structure), Maintenance (Common Area), Management Fee, Reserves, Roof",Monthly,Hideaway Owners Association,,,,,,,,,,,,,,,,,,,,,,,,,,,,,,,,
MLS Listing,,Townhouse,595 Blossom Way #11,Hayward,CA,94541,635000,2.0,1.5,CHERRYLAND,1077.0,51186.0,1989.0,8.0,590.0,265.0,Active,,,https://www.redfin.com/CA/Hayward/595-Blossom-Way-94541/unit-11/home/1785195,"bridgeMLS, Bay East AOR, or Contra Costa AOR",41038106,N,Y,37.678337,-122.102246,"Carpet, Engineered Wood",Forced Air,Ceiling Fan(s),3,3,NA,2.5,590.0,644010.0,4755.0,54,Bikeable,59,Somewhat walkable,,,Minimal,Minimal,Moderate,Minimal,"Places3 groceries, 18 restaurants, 5 parksTransit10, 28, 34, 41, 56, 60, 801, 83, 86, 93, 94, 95, 99, CC, Green-N, Green-S, M, NX4, NXC, Orange-N, Orange-S","Sep 21, 2023","Listed (New)bridgeMLS, Bay East AOR, or Contra Costa AOR #41038106",635000.0,,,,,,,,,,https://www.redfin.com/CA/Hayward/595-Blossom-Way-94541/unit-11/home/1785195,2.0,,,,,,,,,,,,,,,,,,,,,,,,,,,,,,,,,,,,,,,,,
MLS Listing,,Single Family Residential,32026 Trevor Ave,Hayward,CA,94544,1149000,4.0,3.0,HAYWARD,2400.0,6700.0,1957.0,8.0,479.0,,Active,September-30-2023 01:00 PM,September-30-2023 04:00 PM,https://www.redfin.com/CA/Hayward/32026-Trevor-Ave-94544/home/1580803,"bridgeMLS, Bay East AOR, or Contra Costa AOR",41039832,N,Y,37.6159164,-122.0279615,"Concrete, Hardwood Flrs Throughout, Tile",Forced Air,"Ceiling Fan(s), Central Air",4,5,6,2.25,479.0,1155443.0,8124.0,39,Somewhat bikeable,50,Somewhat walkable,35,Some transit,Major,Major,Moderate,Minimal,"Places11 groceries, 19 restaurants, 8 parksTransit200, 216, 232, 41, 56, 801, 97, 99, BridgeA, BridgeB, Green-N, Green-S, Orange-N, Orange-S","Sep 21, 2023","Listed (New)bridgeMLS, Bay East AOR, or Contra Costa AOR #41039832",1149000.0,"Jan 29, 2019","PendingbridgeMLS, Bay East AOR, or Contra Costa AOR #40843150",NA,"Jan 14, 2019","Price ChangedbridgeMLS, Bay East AOR, or Contra Costa AOR #40843150",749000.0,"Jan 14, 2019","Relisted (Price Change)bridgeMLS, Bay East AOR, or Contra Costa AOR #40843150",NA,https://www.redfin.com/CA/Hayward/32026-Trevor-Ave-94544/home/1580803,2.0,,,,,,,,,,"Dec 23, 2018","PendingbridgeMLS, Bay East AOR, or Contra Costa AOR #40843150",NA,"Nov 13, 2018","Price ChangedbridgeMLS, Bay East AOR, or Contra Costa AOR #40843150",789500.0,"Nov 2, 2018","Price ChangedbridgeMLS, Bay East AOR, or Contra Costa AOR #40843150",825000.0,"Oct 18, 2018","Listed (New)bridgeMLS, Bay East AOR, or Contra Costa AOR #40843150",875000.0,,,,,,,,,,,,,,,,,,,,
MLS Listing,,Single Family Residential,25613 Firebrand Pl,Hayward,CA,94541,999500,3.0,2.0,FAIRVIEW,1818.0,10057.0,1975.0,8.0,550.0,,Active,September-30-2023 01:00 PM,September-30-2023 04:00 PM,https://www.redfin.com/CA/Hayward/25613-Firebrand-Pl-94541/home/967584,"bridgeMLS, Bay East AOR, or Contra Costa AOR",41039817,N,Y,37.668571,-122.046411,"Hardwood, Tile, Carpet","Forced Air, Natural Gas",Central Air,5,2,NA,2.5,550.0,1034065.0,7067.0,16,Somewhat bikeable,19,Car-dependent,,,Minimal,Moderate,Moderate,Minimal,"Places8 groceries, 20 restaurants, 10 parksTransit28, 60, 801, 94, 95, 99","Sep 21, 2023","Listed (New)bridgeMLS, Bay East AOR, or Contra Costa AOR #41039817",999500.0,,,,,,,,,,https://www.redfin.com/CA/Hayward/25613-Firebrand-Pl-94541/home/967584,2.0,,,,,"Water/Sewer Meter on Site, Sewer Connected, All Public Utilities, Natural Gas Connected, Individual Electric Meter, Individual Gas Meter",,,,,,,,,,,,,,,,,,,,,,,,,,,,,,,,,,,,
MLS Listing,,Single Family Residential,2490 Baltusrol Ct,Union City,CA,94587,1298500,4.0,2.0,UNION CITY,1463.0,7623.0,1969.0,8.0,888.0,,Active,,,https://www.redfin.com/CA/Union-City/2490-Baltusrol-Ct-94587/home/1026505,MLSListings,ML81942721,N,Y,37.6023983,-122.0595303,,Central Forced Air,Central Forced Air,7,6,6,2.5,888.0,1300895.0,9181.0,44,Somewhat bikeable,49,Car-dependent,,,Severe,Minimal,Moderate,Minimal,"Places4 groceries, 35 restaurants, 2 parksTransit210, 41, 56, 97","Sep 21, 2023",Listed (Active)MLSListings #ML81942721,1298500.0,"Sep 16, 2023","Listed (New)bridgeMLS, Bay East AOR, or Contra Costa AOR #41039433",1298500.0,,,,,,,https://www.redfin.com/CA/Union-City/2490-Baltusrol-Ct-94587/home/1026505,2.0,Attached Garage,Updated Bath(s),"Dining ""L""","In Garage, Washer/Dryer",Public Utilities,1.0,,,,,,,,,,,,,,,,,,,,,,,,,,,,,,,,,,,
MLS Listing,,Mobile/Manufactured Home,27942 Pueblo Spgs #89,Hayward,CA,94545,324888,2.0,2.0,PUEBLO SPRINGS,1140.0,,,8.0,285.0,,Active,September-30-2023 02:00 PM,September-30-2023 04:00 PM,https://www.redfin.com/CA/Hayward/27930-Pueblo-Spg-94545/unit-89/home/126938381,"bridgeMLS, Bay East AOR, or Contra Costa AOR",41039779,N,Y,37.6223488,-122.0974805,Vinyl,Central,Central Air,4,4,5,3.0,285.0,323770.0,2297.0,47,Somewhat bikeable,49,Car-dependent,39,Some transit,Moderate,Minimal,Moderate,Minimal,"Places9 groceries, 28 restaurants, 6 parksTransit41, 56, 60, 83, 86, 97, M, SB","Sep 21, 2023","Listed (New)bridgeMLS, Bay East AOR, or Contra Costa AOR #41039779",324888.0,"Jun 21, 1999","DelistedbridgeMLS, Bay East AOR, or Contra Costa AOR #11019207",NA,"Jun 13, 1999","ListedbridgeMLS, Bay East AOR, or Contra Costa AOR #11019207",54950.0,,,,https://www.redfin.com/CA/Hayward/27930-Pueblo-Spg-94545/unit-89/home/126938381,,,,,,Water/Sewer Meter on Site,,,,,,,,,,,,,,,,,,,,,,,,,,,,,,,,,,,,
MLS Listing,,Townhouse,22870 Amador St,Hayward,CA,94541,898888,3.0,2.5,HAYWARD,1515.0,1462.0,2012.0,8.0,593.0,270.0,Active,September-30-2023 10:00 AM,September-30-2023 01:00 PM,https://www.redfin.com/CA/Hayward/22870-Amador-St-94541/home/22677605,MLSListings,ML81942153,N,Y,37.6644755,-122.0985065,Laminate,Central Forced Air,Central Forced Air,5,3,NA,3.0,593.0,949551.0,6626.0,65,Bikeable,68,Somewhat walkable,55,Good transit,Minimal,Minimal,Moderate,Minimal,"Places5 groceries, 24 restaurants, 5 parksTransit10, 28, 34, 41, 56, 60, 801, 83, 86, 93, 94, 95, 97, 99, CC, Green-N, Green-S, M, Orange-N, Orange-S, S","Sep 21, 2023",Listed (Active)MLSListings #ML81942153,898888.0,"Apr 15, 2021",Pending (Pending (Do Not Show))MLSListings #ML81837835,NA,"Apr 7, 2021",Listed (Active)MLSListings #ML81837835,719900.0,,,,https://www.redfin.com/CA/Hayward/22870-Amador-St-94541/home/22677605,2.0,"Attached Garage, Common Parking Area",Half on Ground Floor,Dining Area,,"Natural Gas, Public Utilities",2.0,"Common Area Electricity, Insurance (Common Area), Maintenance (Common Area)",Monthly,CROSS CREEK HOA,,,,,,,,,,,,,,,,,,,,,,,,,,,,,,,,
MLS Listing,,Condo/Co-op,133 Cue Way,Hayward,CA,94544,874950,2.0,2.0,HAYWARD,1718.0,,2023.0,9.0,509.0,460.0,Active,,,https://www.redfin.com/CA/Hayward/133-Cue-Way-94544/home/187605332,MLSListings,ML81942581,N,Y,37.626704,-122.05108,"Carpet, Tile, Vinyl/Linoleum",Central Forced Air,Central Forced Air,2,2,2,2.0,509.0,875062.0,6646.0,58,Bikeable,62,Somewhat walkable,47,Some transit,NA,NA,NA,NA,"Places12 groceries, 25 restaurants, 5 parksTransit41, 56, 801, 83, 86, 99, Green-N, Green-S, Orange-N, Orange-S","Sep 22, 2023",Listed (Active)NewHomeSource.com #2539152,874950.0,"Sep 20, 2023",Listed (Active)MLSListings #ML81942581,874950.0,,,,,,,https://www.redfin.com/CA/Hayward/133-Cue-Way-94544/home/187605332,2.0,Attached Garage,"Primary (Stall Shower(s)), Shower Over Tub",Dining Area,,Public Utilities,3.0,"Maintenance (Common Area), Maintenance (Exterior), Management Fee, Roof",Monthly,Associa,,,,,,,,,,,,,,,,,,,,,,,,,,,,,,,,
MLS Listing,,Single Family Residential,30587 Midlothian Way,Hayward,CA,94544,839000,3.0,2.0,HAYWARD,1158.0,5005.0,1955.0,11.0,725.0,,Active,,,https://www.redfin.com/CA/Hayward/30587-Midlothian-Way-94544/home/1409033,MLSListings,ML81942360,N,Y,37.6193401,-122.0444795,"Carpet, Laminate, Tile",Central Forced Air (Gas),,2,2,2,2.5,725.0,856585.0,5932.0,42,Somewhat bikeable,42,Car-dependent,36,Some transit,Minimal,Moderate,Moderate,Minimal,"Places9 groceries, 28 restaurants, 6 parksTransit41, 56, 801, 83, 86, 97, 99, Green-N, Green-S, Orange-N, Orange-S","Sep 18, 2023",Listed (Active)MLSListings #ML81942360,839000.0,,,,,,,,,,https://www.redfin.com/CA/Hayward/30587-Midlothian-Way-94544/home/1409033,2.0,"Attached Garage, On Street",Shower and Tub,Eat in Kitchen,"Hookup (Gas Dryer), In Garage","Individual Electric Meters, Individual Gas Meters, Public Utilities",1.0,,,,,,,,,,,,,,,,,,,,,,,,,,,,,,,,,,,
MLS Listing,,Single Family Residential,1690 Ashbury Ln,Hayward,CA,94545,719000,3.0,2.0,Hayward,1119.0,5300.0,,13.0,643.0,,Active,September-30-2023 12:00 PM,September-30-2023 03:00 PM,https://www.redfin.com/CA/Hayward/1690-Ashbury-Ln-94545/home/1867124,San Francisco MLS,423909032,N,Y,37.6344523,-122.0894793,,Central,Central,6,5,5,,643.0,735120.0,5084.0,66,Bikeable,51,Somewhat walkable,41,Some transit,Minimal,Minimal,Moderate,Minimal,"Places8 groceries, 29 restaurants, 5 parksTransit41, 56, 60, 83, 86, 97, M, SB","Sep 16, 2023",Listed (Active)San Francisco MLS #423909032,719000.0,,,,,,,,,,https://www.redfin.com/CA/Hayward/1690-Ashbury-Ln-94545/home/1867124,,,,,,,,,,,,,,,,,,,,,,,,,,,,,,,,,,,,,,,,,,
MLS Listing,,Townhouse,355 Laurel Ave #8,Hayward,CA,94541,479000,2.0,1.5,Hayward,882.0,40632.0,1974.0,14.0,543.0,475.0,Active,September-30-2023 02:00 PM,September-30-2023 04:00 PM,https://www.redfin.com/CA/Hayward/355-Laurel-Ave-94541/unit-8/home/977808,San Francisco MLS,423909867,N,Y,37.6709121,-122.0966539,Carpet,None,None,3,3,NA,,520.0,478318.0,3720.0,72,Very bikeable,70,Very walkable,,,Minimal,Minimal,Moderate,Minimal,"Places5 groceries, 23 restaurants, 4 parksTransit10, 28, 34, 41, 56, 60, 801, 83, 86, 93, 94, 95, 99, CC, Green-N, Green-S, M, Orange-N, Orange-S","Oct 1, 2023",Price ChangedSan Francisco MLS #423909867,459000.0,"Sep 15, 2023",Listed (Active)San Francisco MLS #423909867,479000.0,,,,,,,https://www.redfin.com/CA/Hayward/355-Laurel-Ave-94541/unit-8/home/977808,,,,,,,2.0,,,,,,,,,,,,,,,,,,,,,,,,,,,,,,,,,,,
MLS Listing,,Single Family Residential,504 B St,Hayward,CA,94541,849999,3.0,2.0,A STREET,1294.0,5000.0,1905.0,15.0,657.0,,Active,September-30-2023 01:00 PM,September-30-2023 04:00 PM,https://www.redfin.com/CA/Hayward/504-B-St-94541/home/977081,"bridgeMLS, Bay East AOR, or Contra Costa AOR",41039216,N,Y,37.6695051,-122.0913561,"Laminate, Tile",Forced Air,Central Air,5,3,NA,2.25,657.0,856803.0,6010.0,72,Very bikeable,88,Very walkable,65,Good transit,Minimal,Minimal,Moderate,Minimal,"Places4 groceries, 34 restaurants, 3 parksTransit10, 28, 34, 41, 56, 60, 801, 83, 86, 93, 94, 95, 99, CC, Green-N, Green-S, M, Orange-N, Orange-S","Sep 14, 2023","Listed (New)bridgeMLS, Bay East AOR, or Contra Costa AOR #41039216",849999.0,"Apr 6, 2019","PendingbridgeMLS, Bay East AOR, or Contra Costa AOR #40858663",NA,"Mar 28, 2019","Listed (New)bridgeMLS, Bay East AOR, or Contra Costa AOR #40858663",579000.0,,,,https://www.redfin.com/CA/Hayward/504-B-St-94541/home/977081,1.0,,,,,,,,,,,,,,,,,,,,,,,,,,,,,,,,,,,,,,,,,
MLS Listing,,Single Family Residential,20151 Leif Ln,Hayward,CA,94541,1250000,4.0,3.0,HAYWARD,1895.0,5500.0,2023.0,15.0,660.0,,Active,October-1-2023 01:00 PM,October-1-2023 04:00 PM,https://www.redfin.com/CA/Hayward/20151-Leif-LN-94541/home/187524068,MLSListings,ML81941924,N,Y,37.6737239,-122.1007867,,Central Forced Air,Central Forced Air,NA,NA,NA,2.0,660.0,1258205.0,8838.0,59,Bikeable,50,Somewhat walkable,,,Minimal,Minimal,Moderate,Minimal,"Places4 groceries, 17 restaurants, 5 parksTransit10, 28, 34, 41, 56, 60, 801, 83, 86, 93, 94, 95, 97, 99, CC, Green-N, Green-S, M, NX4, NXC, Orange-N, Orange-S, S","Sep 14, 2023",Listed (Active)MLSListings #ML81941924,1250000.0,,,,,,,,,,https://www.redfin.com/CA/Hayward/20151-Leif-LN-94541/home/187524068,2.0,Attached Garage,,Dining Area in Living Room,,Public Utilities,,,,,,,,,,,,,,,,,,,,,,,,,,,,,,,,,,,,
MLS Listing,,Condo/Co-op,29621 Red Oak Ct #10,Hayward,CA,94544,368000,1.0,1.0,Hayward,579.0,167140.0,1985.0,15.0,636.0,455.0,Active,,,https://www.redfin.com/CA/Hayward/29621-Red-Oak-Ct-94544/unit-10/home/1894619,San Francisco MLS,423909557,N,Y,37.6301384,-122.0469391,"Parquet, Vinyl",Central,,2,2,2,,636.0,369029.0,3057.0,55,Bikeable,68,Somewhat walkable,50,Good transit,Minimal,Moderate,Moderate,Minimal,"Places9 groceries, 24 restaurants, 6 parksTransit41, 56, 60, 801, 83, 86, 94, 99, Green-N, Green-S, Orange-N, Orange-S","Sep 14, 2023",Listed (Active)San Francisco MLS #423909557,368000.0,,,,,,,,,,https://www.redfin.com/CA/Hayward/29621-Red-Oak-Ct-94544/unit-10/home/1894619,,,,,,,,,,,,,,,,,,,,,,,,,,,,,,,,,,,,,,,,,,
MLS Listing,,Single Family Residential,22526 Richard St,Hayward,CA,94541,808000,2.0,1.0,HAYWARD,882.0,2574.0,1928.0,15.0,916.0,,Active,September-30-2023 02:00 PM,September-30-2023 05:00 PM,https://www.redfin.com/CA/Hayward/22526-Richard-St-94541/home/1768435,MLSListings,ML81941885,N,Y,37.6764306,-122.0793328,"Hardwood, Laminate, Tile","Baseboard, Central Forced Air, Central Forced Air (Gas)",,5,2,NA,2.5,916.0,809489.0,5713.0,69,Bikeable,92,Walker's paradise,57,Good transit,Moderate,Minimal,Moderate,Minimal,"Places3 groceries, 24 restaurants, 2 parksTransit10, 28, 34, 41, 56, 60, 801, 83, 86, 93, 94, 95, 99, Green-N, Green-S, M, Orange-N, Orange-S","Sep 14, 2023",Listed (Active)MLSListings #ML81941885,808000.0,"Apr 18, 2022","PendingbridgeMLS, Bay East AOR, or Contra Costa AOR #40985527",NA,"Mar 29, 2022","Listed (New)bridgeMLS, Bay East AOR, or Contra Costa AOR #40985527",729000.0,,,,https://www.redfin.com/CA/Hayward/22526-Richard-St-94541/home/1768435,1.0,"Attached Garage, Tandem Parking",Shower and Tub,"Breakfast Nook, Dining Area, Eat in Kitchen","In Garage, Washer/Dryer","Individual Gas Meters, Public Utilities",1.0,,,,,,,,,,,,,,,,,,,,,,,,,,,,,,,,,,,
MLS Listing,,Single Family Residential,27971 Edgecliff Way,Hayward,CA,94542,1250000,4.0,3.0,HAYWARD HILLS,2284.0,7950.0,1971.0,15.0,547.0,,Active,September-30-2023 01:00 PM,September-30-2023 04:00 PM,https://www.redfin.com/CA/Hayward/27971-Edgecliff-Way-94542/home/792537,"bridgeMLS, Bay East AOR, or Contra Costa AOR",41039119,N,Y,37.6532775,-122.0388688,"Hardwood, Linoleum, Tile",Central,"Ceiling Fan(s), No Air Conditioning",6,2,NA,2.5,547.0,1264978.0,8838.0,15,Somewhat bikeable,15,Car-dependent,23,Minimal transit,Minimal,Moderate,Moderate,Minimal,"Places8 groceries, 24 restaurants, 8 parksTransit41, 60, 801, 83, 86, 94, 95, 99, Green-N, Green-S, Orange-N, Orange-S","Sep 14, 2023","Listed (New)bridgeMLS, Bay East AOR, or Contra Costa AOR #41039119",1250000.0,,,,,,,,,,https://www.redfin.com/CA/Hayward/27971-Edgecliff-Way-94542/home/792537,2.0,,,,,,,,,,,,,,,,,,,,,,,,,,,,,,,,,,,,,,,,,
MLS Listing,,Townhouse,26348 Saklan Rd,Hayward,CA,94545,1080000,3.0,3.5,,1854.0,2272.0,2010.0,16.0,583.0,88.0,Active,,,https://www.redfin.com/CA/Hayward/26348-Saklan-Rd-94545/home/22682947,"bridgeMLS, Bay East AOR, or Contra Costa AOR",41039070,N,Y,37.6478337,-122.1183487,"Tile, Carpet, Engineered Wood",Forced Air,Central Air,4,4,5,2.5,583.0,1080283.0,7724.0,46,Somewhat bikeable,65,Somewhat walkable,41,Some transit,Minimal,Minimal,Moderate,Minimal,"Places9 groceries, 33 restaurants, 4 parksTransit56, 60, 83, 86, 93, 97, M, S","Sep 13, 2023","Listed (New)bridgeMLS, Bay East AOR, or Contra Costa AOR #41039070",1080000.0,,,,,,,,,,https://www.redfin.com/CA/Hayward/26348-Saklan-Rd-94545/home/22682947,2.0,,,,,"All Public Utilities, Natural Gas Connected, Master Electric Meter, Master Gas Meter",,,,,,,,,,,,,,,,,,,,,,,,,,,,,,,,,,,,
MLS Listing,,Single Family Residential,27841 Biscayne Ave,Hayward,CA,94544,690000,3.0,2.0,,1216.0,5000.0,1954.0,16.0,567.0,,Active,,,https://www.redfin.com/CA/Hayward/27841-Biscayne-Ave-94544/home/1863507,"bridgeMLS, Bay East AOR, or Contra Costa AOR",41038967,N,Y,37.6294426,-122.0750671,"Laminate, Tile, Carpet",Wall Furnace,Ceiling Fan(s),4,2,2,2.5,567.0,714570.0,4879.0,62,Bikeable,78,Very walkable,38,Some transit,Minimal,Minimal,Moderate,Minimal,"Places11 groceries, 22 restaurants, 5 parksTransit41, 56, 801, 83, 86, 97, 99, Green-N, Green-S, Orange-N, Orange-S, SB","Sep 28, 2023","Price ChangedbridgeMLS, Bay East AOR, or Contra Costa AOR #41038967",690000.0,"Sep 13, 2023","Listed (New)bridgeMLS, Bay East AOR, or Contra Costa AOR #41038967",765000.0,,,,,,,https://www.redfin.com/CA/Hayward/27841-Biscayne-Ave-94544/home/1863507,1.0,,,,,"Cable Connected, Internet Available, Natural Gas Available, Natural Gas Connected, Master Electric Meter, Master Gas Meter",,,,,,,,,,,,,,,,,,,,,,,,,,,,,,,,,,,,
MLS Listing,,Condo/Co-op,25912 Hayward Blvd #106,Hayward,CA,94542,595000,2.0,2.0,Hayward,1203.0,191198.0,1983.0,16.0,495.0,561.0,Active,September-30-2023 12:00 PM,September-30-2023 02:00 PM,https://www.redfin.com/CA/Hayward/25912-Hayward-Blvd-94542/unit-106/home/1826977,BAREIS,323909913,N,Y,37.6599294,-122.0529153,Tile,Central,"Ceiling Fan(s), Central",6,2,NA,,495.0,595110.0,4768.0,24,Somewhat bikeable,13,Car-dependent,32,Some transit,Minimal,Moderate,Moderate,Minimal,"Places7 groceries, 22 restaurants, 6 parksTransit41, 60, 801, 94, 95, 99",,,,,,,,,,,,,https://www.redfin.com/CA/Hayward/25912-Hayward-Blvd-94542/unit-106/home/1826977,1.0,,,,,Cable Available,3.0,,,,,,,,,,,,,,,,,,,,,,,,,,,,,,,,,,,
MLS Listing,,Single Family Residential,118 Fairway St,Hayward,CA,94544,949000,3.0,2.0,HAYWARD,1134.0,5445.0,1955.0,17.0,837.0,,Active,,,https://www.redfin.com/CA/Hayward/118-Fairway-St-94544/home/1653498,MLSListings,ML81941673,N,Y,37.6188899,-122.0433762,,Central Forced Air,"Window/Wall Unit, Other (See Remarks)",2,2,2,2.5,837.0,,6710.0,44,Somewhat bikeable,52,Somewhat walkable,36,Some transit,Minimal,Moderate,Moderate,Minimal,"Places9 groceries, 27 restaurants, 6 parksTransit41, 56, 801, 83, 86, 97, 99, Green-N, Green-S, Orange-N, Orange-S","Sep 12, 2023",Listed (Active)MLSListings #ML81941673,949000.0,"May 18, 2022","PendingbridgeMLS, Bay East AOR, or Contra Costa AOR #40991717",NA,"May 4, 2022","Listed (New)bridgeMLS, Bay East AOR, or Contra Costa AOR #40991717",843000.0,,,,https://www.redfin.com/CA/Hayward/118-Fairway-St-94544/home/1653498,2.0,"Attached Garage, Parking Area",,Formal Dining Room,,Public Utilities,1.0,,,,,,,,,,,,,,,,,,,,,,,,,,,,,,,,,,,
MLS Listing,,Mobile/Manufactured Home,29034 Windemere Rd,Hayward,CA,94545,325000,3.0,2.0,GEORGIAN  MANOR,1500.0,,,17.0,217.0,,Active,,,https://www.redfin.com/CA/Hayward/29034-Windemere-Rd-94544/home/1900493,"bridgeMLS, Bay East AOR, or Contra Costa AOR",41038683,N,Y,37.6216754,-122.0684309,"Laminate, Carpet","Forced Air, Central","Ceiling Fan(s), Central Air",4,4,5,3.0,217.0,320118.0,2298.0,58,Bikeable,53,Somewhat walkable,33,Some transit,Minimal,Minimal,Moderate,Minimal,"Places12 groceries, 29 restaurants, 3 parksTransit41, 56, 801, 83, 86, 97, 99, Green-N, Green-S, Orange-N, Orange-S, SB","Sep 16, 2023","Relisted (Back On Market)bridgeMLS, Bay East AOR, or Contra Costa AOR #41038683",NA,"Sep 14, 2023","DelistedbridgeMLS, Bay East AOR, or Contra Costa AOR #41038683",NA,"Sep 10, 2023","Listed (New)bridgeMLS, Bay East AOR, or Contra Costa AOR #41038683",325000.0,"Feb 7, 2011","PendingbridgeMLS, Bay East AOR, or Contra Costa AOR #40448567",NA,https://www.redfin.com/CA/Hayward/29034-Windemere-Rd-94544/home/1900493,,,,,,"Water/Sewer Meter on Site, Natural Gas Connected, Individual Electric Meter, Individual Gas Meter",,,,,"Jul 14, 2010","Price Changed (Price Change)bridgeMLS, Bay East AOR, or Contra Costa AOR #40448567",154900.0,"Feb 1, 2010","Listed (New)bridgeMLS, Bay East AOR, or Contra Costa AOR #40448567",164900.0,,,,,,,,,,,,,,,,,,,,,,,,,,
MLS Listing,,Condo/Co-op,26953 Hayward Blvd #210,Hayward,CA,94542,520000,1.0,1.0,HAYWARD HILLS,869.0,39177.0,1983.0,17.0,598.0,445.0,Active,,,https://www.redfin.com/CA/Hayward/26953-Hayward-Blvd-94542/unit-210/home/814173,"bridgeMLS, Bay East AOR, or Contra Costa AOR",41038884,N,Y,37.6548734,-122.0462525,Carpet,"Forced Air, Natural Gas",Ceiling Fan(s),6,2,NA,2.5,598.0,519549.0,4122.0,27,Somewhat bikeable,43,Car-dependent,30,Some transit,Minimal,Moderate,Moderate,Minimal,"Places6 groceries, 25 restaurants, 5 parksTransit41, 60, 801, 83, 86, 94, 95, 99, Green-N, Green-S, Orange-N, Orange-S","Sep 12, 2023","Listed (New)bridgeMLS, Bay East AOR, or Contra Costa AOR #41038884",520000.0,,,,,,,,,,https://www.redfin.com/CA/Hayward/26953-Hayward-Blvd-94542/unit-210/home/814173,2.0,,,,,,,,,,,,,,,,,,,,,,,,,,,,,,,,,,,,,,,,,
MLS Listing,,Multi-Family (2-4 Unit),21824 Thelma St,Hayward,CA,94541,1350000,8.0,5.0,HAYWARD,3698.0,5080.0,1964.0,17.0,365.0,,Active,,,https://www.redfin.com/CA/Hayward/21824-Thelma-St-94541/home/981324,MLSListings,ML81941632,N,Y,37.6647759,-122.1115793,,Wall Furnace,,3,4,5,2.25,365.0,1343428.0,9545.0,60,Bikeable,75,Very walkable,44,Some transit,Minimal,Minimal,Moderate,Minimal,"Places5 groceries, 24 restaurants, 3 parksTransit34, 56, 60, 83, 86, 93, 97, CC, M, S","Sep 12, 2023",Listed (Active)MLSListings #ML81941632,1350000.0,,,,,,,,,,https://www.redfin.com/CA/Hayward/21824-Thelma-St-94541/home/981324,,Carport,,,,"Individual Electric Meters, Individual Gas Meters",,,,,,,,,,,,,,,,,,,,,,,,,,,,,,,,,,,,
MLS Listing,,Single Family Residential,255 Bridgewater Rd,Hayward,CA,94544,1695000,5.0,3.0,TWIN BRIDGES,2708.0,5000.0,1999.0,17.0,626.0,12.0,Active,September-30-2023 01:00 PM,September-30-2023 04:00 PM,https://www.redfin.com/CA/Hayward/255-Bridgewater-Rd-94544/home/784264,"bridgeMLS, Bay East AOR, or Contra Costa AOR",41038865,N,Y,37.6259055,-122.047299,"Hardwood, Tile, Carpet",Forced Air,Central Air,2,2,2,2.5,626.0,1704077.0,11997.0,56,Bikeable,63,Somewhat walkable,44,Some transit,Minimal,Moderate,Moderate,Minimal,"Places10 groceries, 24 restaurants, 6 parksTransit41, 56, 801, 83, 86, 94, 99, Green-N, Green-S, Orange-N, Orange-S","Sep 12, 2023","Listed (New)bridgeMLS, Bay East AOR, or Contra Costa AOR #41038865",1695000.0,"Aug 11, 2018","PendingbridgeMLS, Bay East AOR, or Contra Costa AOR #40829916",NA,"Aug 5, 2018","Price ChangedbridgeMLS, Bay East AOR, or Contra Costa AOR #40829916",1150000.0,"Jul 12, 2018","Listed (New)bridgeMLS, Bay East AOR, or Contra Costa AOR #40829916",1295000.0,https://www.redfin.com/CA/Hayward/255-Bridgewater-Rd-94544/home/784264,3.0,,,,,,,,,,,,,,,,,,,,,,,,,,,,,,,,,,,,,,,,,
MLS Listing,,Single Family Residential,3580 Star Ridge Rd,Hayward,CA,94542,1648000,4.0,2.0,HAYWARD HILLS,2065.0,46065.0,1954.0,17.0,798.0,,Active,September-30-2023 01:00 PM,September-30-2023 04:00 PM,https://www.redfin.com/CA/Hayward/3580-Star-Ridge-Rd-94542/home/2032562,"bridgeMLS, Bay East AOR, or Contra Costa AOR",41038845,N,Y,37.6704751,-122.0391959,"Tile, Carpet",Forced Air,"Ceiling Fan(s), Central Air",5,2,NA,2.5,798.0,1647461.0,11652.0,9,Somewhat bikeable,0,Car-dependent,,,Minimal,Moderate,Moderate,Minimal,"Places9 groceries, 20 restaurants, 9 parksTransit28, 60, 801, 94, 95, 99, NX4, NXC","Sep 27, 2023","Price ChangedbridgeMLS, Bay East AOR, or Contra Costa AOR #41038845",1648000.0,"Sep 12, 2023","Listed (New)bridgeMLS, Bay East AOR, or Contra Costa AOR #41038845",1698000.0,,,,,,,https://www.redfin.com/CA/Hayward/3580-Star-Ridge-Rd-94542/home/2032562,2.0,,,,,,,,,,,,,,,,,,,,,,,,,,,,,,,,,,,,,,,,,
MLS Listing,,Single Family Residential,2636 East Ave,Hayward,CA,94541,1049000,3.0,1.0,FAIRVIEW,1497.0,32571.0,1940.0,17.0,701.0,,Active,September-30-2023 01:00 PM,September-30-2023 03:00 PM,https://www.redfin.com/CA/Hayward/2636-East-Ave-94541/home/2100712,"bridgeMLS, Bay East AOR, or Contra Costa AOR",41038324,N,Y,37.6711914,-122.0523826,Laminate,Floor Furnace,,5,2,NA,2.5,701.0,1075518.0,7417.0,18,Somewhat bikeable,28,Car-dependent,,,Minimal,Moderate,Moderate,Minimal,"Places8 groceries, 19 restaurants, 8 parksTransit28, 60, 801, 94, 95, 99, NX4, NXC","Sep 12, 2023","Listed (New)bridgeMLS, Bay East AOR, or Contra Costa AOR #41038324",1049000.0,,,,,,,,,,https://www.redfin.com/CA/Hayward/2636-East-Ave-94541/home/2100712,,,,,,,,,,,,,,,,,,,,,,,,,,,,,,,,,,,,,,,,,,
MLS Listing,,Single Family Residential,24836 Oneil Ave,Hayward,CA,94544,899000,4.0,3.0,Hayward,2062.0,6970.0,1920.0,17.0,436.0,,Active,,,https://www.redfin.com/CA/Hayward/24836-Oneil-Ave-94544/home/996342,San Francisco MLS,423908835,N,Y,37.6600052,-122.0757329,"Simulated Wood, Tile","Central, Natural Gas",None,6,2,NA,,436.0,897344.0,6356.0,58,Bikeable,72,Very walkable,49,Some transit,Minimal,Moderate,Moderate,Minimal,"Places9 groceries, 27 restaurants, 4 parksTransit10, 28, 34, 41, 56, 60, 801, 83, 86, 93, 94, 95, 99, Green-N, Green-S, M, Orange-N, Orange-S","Sep 12, 2023",Listed (Active)San Francisco MLS #423908835,899000.0,,,,,,,,,,https://www.redfin.com/CA/Hayward/24836-Oneil-Ave-94544/home/996342,,,,,,Natural Gas Available,,,,,,,,,,,,,,,,,,,,,,,,,,,,,,,,,,,,
MLS Listing,,Single Family Residential,3978 Amyx Ct,Hayward,CA,94542,1749000,4.0,2.0,FAIRVIEW,2304.0,156800.0,1963.0,17.0,759.0,,Active,October-1-2023 01:00 PM,October-1-2023 04:00 PM,https://www.redfin.com/CA/Hayward/3978-Amyx-Ct-94542/home/1452773,"bridgeMLS, Bay East AOR, or Contra Costa AOR",41038824,N,Y,37.6678777,-122.0338231,"Hardwood, Tile, Carpet",Forced Air,Central Air,6,2,NA,2.5,759.0,1782246.0,12367.0,12,Somewhat bikeable,0,Car-dependent,,,Minimal,Moderate,Minor,Minimal,"Places9 groceries, 19 restaurants, 10 parksTransit28, 60, 801, 94, 95, 99, NX4, NXC","Sep 12, 2023","Listed (New)bridgeMLS, Bay East AOR, or Contra Costa AOR #41038824",1749000.0,"Oct 3, 2018","PendingbridgeMLS, Bay East AOR, or Contra Costa AOR #40839531",NA,"Sep 21, 2018","Listed (New)bridgeMLS, Bay East AOR, or Contra Costa AOR #40839531",1395000.0,,,,https://www.redfin.com/CA/Hayward/3978-Amyx-Ct-94542/home/1452773,2.0,,,,,All Public Utilities,,,,,,,,,,,,,,,,,,,,,,,,,,,,,,,,,,,,
MLS Listing,,Multi-Family (2-4 Unit),28950 Ruus Rd,Hayward,CA,94544,1299900,14.0,6.0,699 - Not Defined,2690.0,6830.0,1960.0,17.0,483.0,,Active,,,https://www.redfin.com/CA/Hayward/28950-Ruus-Rd-94544/home/1372851,CRMLS,SW23167792,N,Y,37.6258806,-122.0659672,,,,4,2,2,2.5,483.0,1290747.0,9191.0,52,Bikeable,51,Somewhat walkable,46,Some transit,Minimal,Minimal,Moderate,Minimal,"Places13 groceries, 28 restaurants, 3 parksTransit41, 56, 801, 83, 86, 99, Green-N, Green-S, Orange-N, Orange-S, SB","Sep 26, 2023",Relisted (Active)CRMLS #SW23167792,NA,"Sep 24, 2023",Relisted (Active)CRMLS #SW23167792,NA,"Sep 21, 2023",Relisted (Active)CRMLS #SW23167792,NA,"Sep 20, 2023",Relisted (Active)CRMLS #SW23167792,NA,https://www.redfin.com/CA/Hayward/28950-Ruus-Rd-94544/home/1372851,,,,,,,1.0,,,,"Sep 19, 2023",Relisted (Active)CRMLS #SW23167792,NA,"Sep 7, 2023",Listed (Active)CRMLS #SW23167792,1299900.0,"Dec 9, 2021",Listing RemovedCRMLS #SW21179157,NA,"Nov 30, 2021",Relisted (Active)CRMLS #SW21179157,NA,"Nov 30, 2021",NA,"Nov 14, 2021",Contingent (Active Under Contract)CRMLS #SW21179157,NA,"Nov 13, 2021",Relisted (Active)CRMLS #SW21179157,NA,"Nov 13, 2021",NA,"Nov 4, 2021",Pending (Pending Sale)CRMLS #SW21179157,NA,"Oct 12, 2021",Contingent (Active Under Contract)CRMLS #SW21179157,NA,"Oct 6, 2021",NA,"Aug 15, 2021",NA
MLS Listing,,Single Family Residential,2520 Coldstream Way,Hayward,CA,94545,1299000,4.0,2.5,HAYWARD,2134.0,2690.0,2008.0,18.0,609.0,230.0,Active,September-30-2023 01:30 PM,September-30-2023 04:30 PM,https://www.redfin.com/CA/Hayward/2520-Coldstream-Way-94545/home/22811509,MLSListings,ML81941555,N,Y,37.6151302,-122.0939415,"Carpet, Tile",Central Forced Air (Gas),,4,4,5,2.5,609.0,1304115.0,9415.0,48,Somewhat bikeable,48,Car-dependent,36,Some transit,Major,Minimal,Moderate,Minimal,"Places13 groceries, 28 restaurants, 5 parksTransit41, 56, 83, 86, 97, M, SB","Sep 11, 2023",Listed (Active)MLSListings #ML81941555,1299000.0,"Jun 25, 2015","PendingbridgeMLS, Bay East AOR, or Contra Costa AOR #40700636",NA,"May 27, 2015","Listed (New)bridgeMLS, Bay East AOR, or Contra Costa AOR #40700636",715000.0,,,,https://www.redfin.com/CA/Hayward/2520-Coldstream-Way-94545/home/22811509,2.0,Attached Garage,"Double Sinks, Half on Ground Floor, Primary - Oversized Tub, Primary (Stall Shower(s)), Shower and Tub",Dining Area,"Upper Floor, Washer/Dryer",Public Utilities,2.0,"Insurance (Common Area), Insurance (Liability), Management Fee",Monthly,Bridgeport,,,,,,,,,,,,,,,,,,,,,,,,,,,,,,,,
MLS Listing,,Mobile/Manufactured Home,29348 Providence Way,Hayward,CA,94544,214900,2.0,2.0,NEW ENGLAND VILLA,1700.0,,,18.0,126.0,,Active,,,https://www.redfin.com/CA/Hayward/29348-Providence-Way-94544/home/21971544,"bridgeMLS, Bay East AOR, or Contra Costa AOR",41032394,N,Y,37.6217057,-122.061417,"Laminate, Linoleum, Tile",Forced Air,No Air Conditioning,4,4,5,3.0,126.0,213186.0,1519.0,61,Bikeable,46,Car-dependent,32,Some transit,Major,Minimal,Moderate,Minimal,"Places15 groceries, 31 restaurants, 3 parksTransit41, 56, 801, 83, 86, 99, Green-N, Green-S, Orange-N, Orange-S, SB","Sep 27, 2023","Relisted (Active)bridgeMLS, Bay East AOR, or Contra Costa AOR #41032394",NA,"Sep 27, 2023","PendingbridgeMLS, Bay East AOR, or Contra Costa AOR #41032394",NA,"Sep 15, 2023","Pending (Pending - Show for Backups)bridgeMLS, Bay East AOR, or Contra Costa AOR #41032394",NA,"Sep 13, 2023","Relisted (Back On Market)bridgeMLS, Bay East AOR, or Contra Costa AOR #41032394",NA,https://www.redfin.com/CA/Hayward/29348-Providence-Way-94544/home/21971544,,,,,,,,,,,"Jul 21, 2023","Pending (Pending - Show for Backups)bridgeMLS, Bay East AOR, or Contra Costa AOR #41032394",NA,"Jul 7, 2023","Listed (New)bridgeMLS, Bay East AOR, or Contra Costa AOR #41032394",214900.0,"Jun 13, 2016","Pending (Pending - Show for Backups)bridgeMLS, Bay East AOR, or Contra Costa AOR #40739733",NA,"May 9, 2016","Listed (New)bridgeMLS, Bay East AOR, or Contra Costa AOR #40739733",168000.0,,,,,,,,,,,,,,,,,,,,
MLS Listing,,Mobile/Manufactured Home,1548 Balein Ct,Hayward,CA,94544,250000,3.0,2.0,SPANISH RANCH I,1226.0,,,20.0,204.0,,Active,September-30-2023 01:00 PM,September-30-2023 04:00 PM,https://www.redfin.com/CA/Hayward/1548-Balein-Ct-94544/home/669356,"bridgeMLS, Bay East AOR, or Contra Costa AOR",41033493,N,Y,37.6236445,-122.0763099,Vinyl,Central,Central Air,4,4,5,2.5,204.0,248773.0,1768.0,51,Bikeable,54,Somewhat walkable,36,Some transit,Moderate,Minor,Moderate,Minimal,"Places12 groceries, 26 restaurants, 4 parksTransit41, 56, 83, 86, 97, SB","Sep 23, 2023","Relisted (Back On Market)bridgeMLS, Bay East AOR, or Contra Costa AOR #41033493",NA,"Aug 1, 2023","PendingbridgeMLS, Bay East AOR, or Contra Costa AOR #41033493",NA,"Jul 28, 2023","ContingentbridgeMLS, Bay East AOR, or Contra Costa AOR #41033493",NA,"Jul 18, 2023","Listed (New)bridgeMLS, Bay East AOR, or Contra Costa AOR #41033493",250000.0,https://www.redfin.com/CA/Hayward/1548-Balein-Ct-94544/home/669356,,,,,,,,,,,,,,,,,,,,,,,,,,,,,,,,,,,,,,,,,,
MLS Listing,,Vacant Land,Lot D St Lot,Hayward,CA,94541,248888,,,Hayward,9660.0,9660.0,,20.0,26.0,,Active,,,https://www.redfin.com/CA/Hayward/Lot-D-St-94541/home/187406542,"bridgeMLS, Bay East AOR, or Contra Costa AOR",41038637,N,Y,37.676861,-122.067552,,,,5,2,NA,2.0,26.0,246646.0,1760.0,24,Somewhat bikeable,44,Car-dependent,36,Some transit,Minimal,Minimal,Moderate,Minimal,"Places7 groceries, 15 restaurants, 4 parksTransit28, 60, 801, 93, 94, 95, 99, NX4, NXC","Sep 9, 2023","Listed (New)bridgeMLS, Bay East AOR, or Contra Costa AOR #41038637",248888.0,,,,,,,,,,https://www.redfin.com/CA/Hayward/Lot-D-St-94541/home/187406542,,,,,,,,,,,,,,,,,,,,,,,,,,,,,,,,,,,,,,,,,,
MLS Listing,,Single Family Residential,1717 D St,Hayward,CA,94541,999998,3.0,2.0,,1596.0,5914.0,1920.0,20.0,627.0,,Active,,,https://www.redfin.com/CA/Hayward/1717-D-St-94541/home/22962477,"bridgeMLS, Bay East AOR, or Contra Costa AOR",41038636,N,Y,37.6770758,-122.0677428,"Hardwood, Engineered Wood",Forced Air,Ceiling Fan(s),5,2,NA,2.0,627.0,1006660.0,7071.0,24,Somewhat bikeable,44,Car-dependent,36,Some transit,Minimal,Minimal,Moderate,Minimal,"Places7 groceries, 15 restaurants, 4 parksTransit10, 28, 60, 801, 93, 94, 95, 99, Blue-N, Blue-S, NX4, NXC","Sep 19, 2023","Price ChangedbridgeMLS, Bay East AOR, or Contra Costa AOR #41038636",999998.0,"Sep 9, 2023","Listed (New)bridgeMLS, Bay East AOR, or Contra Costa AOR #41038636",1198888.0,"Apr 15, 2006","DelistedbridgeMLS, Bay East AOR, or Contra Costa AOR #40150562",NA,"Mar 17, 2006","ListedbridgeMLS, Bay East AOR, or Contra Costa AOR #40150562",575000.0,https://www.redfin.com/CA/Hayward/1717-D-St-94541/home/22962477,2.0,,,,,,,,,,,,,,,,,,,,,,,,,,,,,,,,,,,,,,,,,
MLS Listing,,Townhouse,21259 Sweet Ln,Castro Valley,CA,94546,1300000,4.0,2.0,Not Listed,2234.0,5000.0,1968.0,21.0,582.0,,Active,,,https://www.redfin.com/CA/Castro-Valley/21259-Sweet-Ln-94546/home/2046868,"bridgeMLS, Bay East AOR, or Contra Costa AOR",41035630,N,Y,37.68931,-122.0875254,"Laminate, Carpet",Natural Gas,,3,2,NA,2.5,582.0,1268301.0,9192.0,38,Somewhat bikeable,66,Somewhat walkable,42,Some transit,Minimal,Minimal,Moderate,Minimal,"Places0 groceries, 24 restaurants, 0 parksTransit10, 28, 60, 801, 93, 94, 95, Blue-N, Blue-S, NX4, NXC","Sep 8, 2023","Listed (New)bridgeMLS, Bay East AOR, or Contra Costa AOR #41035630",1300000.0,"Dec 1, 2006","DelistedbridgeMLS, Bay East AOR, or Contra Costa AOR #40226269",NA,"Nov 18, 2006","ListedbridgeMLS, Bay East AOR, or Contra Costa AOR #40226269",675000.0,,,,https://www.redfin.com/CA/Castro-Valley/21259-Sweet-Ln-94546/home/2046868,,,,,,,,,,,,,,,,,,,,,,,,,,,,,,,,,,,,,,,,,,
MLS Listing,,Single Family Residential,325 Lansing Way,Hayward,CA,94541,789000,4.0,2.0,Hayward,1544.0,7020.0,1900.0,21.0,511.0,,Active,October-1-2023 02:00 PM,October-1-2023 04:00 PM,https://www.redfin.com/CA/Hayward/325-Lansing-Way-94541/home/975280,San Francisco MLS,423908224,N,Y,37.6687117,-122.1081308,,,,3,4,3,,511.0,,5579.0,62,Bikeable,64,Somewhat walkable,43,Some transit,Major,Minimal,Moderate,Minimal,"Places7 groceries, 25 restaurants, 5 parksTransit10, 34, 56, 60, 801, 83, 86, 93, 94, 97, CC, Green-N, Green-S, M, Orange-N, Orange-S, S","Sep 29, 2023",Relisted (Active)San Francisco MLS #423908224,NA,"Sep 25, 2023",Contingent (Contingent - No Show)San Francisco MLS #423908224,NA,"Sep 8, 2023",Listed (Active)San Francisco MLS #423908224,789000.0,,,,https://www.redfin.com/CA/Hayward/325-Lansing-Way-94541/home/975280,,,,,,,2.0,,,,,,,,,,,,,,,,,,,,,,,,,,,,,,,,,,,
MLS Listing,,Vacant Land,32045 Bernice Way,Hayward,CA,94544,499000,,,Hayward,11039.0,11039.0,,21.0,45.0,,Active,,,https://www.redfin.com/CA/Hayward/32045-Bernice-Way-94544/home/22694473,"bridgeMLS, Bay East AOR, or Contra Costa AOR",41038576,N,Y,37.615843,-122.026895,,,,4,5,6,2.5,45.0,490359.0,3528.0,24,Somewhat bikeable,34,Car-dependent,35,Some transit,Minimal,Major,Moderate,Minimal,"Places11 groceries, 17 restaurants, 9 parksTransit200, 216, 232, 801, 97, 99, BridgeA, BridgeB, Green-N, Green-S, Orange-N, Orange-S","Sep 8, 2023","Listed (New)bridgeMLS, Bay East AOR, or Contra Costa AOR #41038576",499000.0,"Jan 19, 2020","PendingbridgeMLS, Bay East AOR, or Contra Costa AOR #40886113",NA,"Oct 16, 2019","Listed (New)bridgeMLS, Bay East AOR, or Contra Costa AOR #40886113",150000.0,,,,https://www.redfin.com/CA/Hayward/32045-Bernice-Way-94544/home/22694473,,,,,,,,,,,,,,,,,,,,,,,,,,,,,,,,,,,,,,,,,,
MLS Listing,,Townhouse,27763 Del Norte Ct,Hayward,CA,94545,670000,3.0,1.5,GLEN EDEN,1254.0,1056.0,1970.0,21.0,534.0,268.0,Active,,,https://www.redfin.com/CA/Hayward/27763-Del-Norte-Ct-94545/home/1517253,"bridgeMLS, Bay East AOR, or Contra Costa AOR",41038494,N,Y,37.624602,-122.095285,"Laminate, Tile","Gravity, Forced Air, Natural Gas, Central",No Air Conditioning,4,4,5,2.5,534.0,676345.0,5005.0,54,Bikeable,70,Very walkable,39,Some transit,Minimal,Minimal,Moderate,Minimal,"Places8 groceries, 28 restaurants, 6 parksTransit41, 56, 60, 83, 86, 97, M, SB","Sep 24, 2023","Price ChangedbridgeMLS, Bay East AOR, or Contra Costa AOR #41038494",670000.0,"Sep 8, 2023","Listed (New)bridgeMLS, Bay East AOR, or Contra Costa AOR #41038494",680000.0,"Aug 23, 2019","Pending (Pending - Show for Backups)bridgeMLS, Bay East AOR, or Contra Costa AOR #40878383",NA,"Aug 15, 2019","Listed (New)bridgeMLS, Bay East AOR, or Contra Costa AOR #40878383",525000.0,https://www.redfin.com/CA/Hayward/27763-Del-Norte-Ct-94545/home/1517253,,,,,,,,,,,,,,,,,,,,,,,,,,,,,,,,,,,,,,,,,,
MLS Listing,,Single Family Residential,188 Carrick Cir,Hayward,CA,94542,1658888,4.0,2.5,STONEBRAE COUNTRY CLUB,2532.0,4870.0,2008.0,21.0,655.0,200.0,Active,September-30-2023 01:00 PM,September-30-2023 04:00 PM,https://www.redfin.com/CA/Hayward/188-Carrick-Cir-94542/home/12386522,"bridgeMLS, Bay East AOR, or Contra Costa AOR",41037825,N,Y,37.6565323,-122.0147275,"Tile, Vinyl",Forced Air,Central Air,6,2,NA,2.5,655.0,1661996.0,11929.0,18,Somewhat bikeable,4,Car-dependent,18,Minimal transit,Minimal,Major,Minor,Minimal,"Places7 groceries, 25 restaurants, 9 parksTransit41, 60, 801, 83, 86, 94, 95, 99, Green-N, Green-S, Orange-N, Orange-S","Sep 8, 2023","Listed (New)bridgeMLS, Bay East AOR, or Contra Costa AOR #41037825",1658888.0,"May 24, 2022","PendingbridgeMLS, Bay East AOR, or Contra Costa AOR #40992606",NA,"May 11, 2022","Listed (New)bridgeMLS, Bay East AOR, or Contra Costa AOR #40992606",1600000.0,,,,https://www.redfin.com/CA/Hayward/188-Carrick-Cir-94542/home/12386522,3.0,,,,,,,,,,,,,,,,,,,,,,,,,,,,,,,,,,,,,,,,,
MLS Listing,,Condo/Co-op,21109 Gary Dr #109,Hayward,CA,94546,459000,1.0,1.0,MESA VERDE,812.0,394991.0,1981.0,23.0,565.0,530.0,Active,,,https://www.redfin.com/CA/Hayward/21109-Gary-Dr-94546/unit-109/home/953590,"bridgeMLS, Bay East AOR, or Contra Costa AOR",41038228,N,Y,37.6882988,-122.0922198,"Vinyl, Carpet",Forced Air,,3,2,NA,2.5,565.0,450421.0,3775.0,24,Somewhat bikeable,50,Somewhat walkable,38,Some transit,Minimal,Minimal,Moderate,Minimal,"Places0 groceries, 24 restaurants, 0 parksTransit10, 28, 34, 56, 60, 801, 83, 93, 94, 95, Blue-N, Blue-S, NX4, NXC","Sep 29, 2023","Price ChangedbridgeMLS, Bay East AOR, or Contra Costa AOR #41038228",459000.0,"Sep 6, 2023","Listed (New)bridgeMLS, Bay East AOR, or Contra Costa AOR #41038228",479000.0,"Jul 1, 1998","ListedbridgeMLS, Bay East AOR, or Contra Costa AOR #10514683",126000.0,,,,https://www.redfin.com/CA/Hayward/21109-Gary-Dr-94546/unit-109/home/953590,,,,,,,,,,,,,,,,,,,,,,,,,,,,,,,,,,,,,,,,,,
MLS Listing,,Single Family Residential,28005 Quercus Ct,Hayward,CA,94542,1399999,3.0,2.5,FAIRVIEW,2367.0,44345.0,1962.0,23.0,591.0,,Active,,,https://www.redfin.com/CA/Hayward/28005-Quercus-Ct-94542/home/2003336,"bridgeMLS, Bay East AOR, or Contra Costa AOR",41038196,N,Y,37.6582167,-122.0277617,"Hardwood, Tile, Carpet",Forced Air,Central Air,6,2,NA,2.5,591.0,1411807.0,9899.0,19,Somewhat bikeable,0,Car-dependent,,,Minimal,Moderate,Minor,Minimal,"Places7 groceries, 24 restaurants, 9 parksTransit41, 60, 801, 83, 86, 94, 95, 99, Green-N, Green-S, Orange-N, Orange-S","Sep 6, 2023","Listed (New)bridgeMLS, Bay East AOR, or Contra Costa AOR #41038196",1399999.0,"Oct 11, 2012","PendingbridgeMLS, Bay East AOR, or Contra Costa AOR #40591774",NA,"Oct 4, 2012","Listed (New)bridgeMLS, Bay East AOR, or Contra Costa AOR #40591774",549950.0,,,,https://www.redfin.com/CA/Hayward/28005-Quercus-Ct-94542/home/2003336,2.0,,,,,,,,,,,,,,,,,,,,,,,,,,,,,,,,,,,,,,,,,
MLS Listing,,Single Family Residential,27956 Edgecliff Way,Hayward,CA,94542,1295000,4.0,3.0,HIGHLANDS,2614.0,8400.0,1968.0,23.0,495.0,,Active,September-30-2023 12:00 PM,September-30-2023 04:00 PM,https://www.redfin.com/CA/Hayward/27956-Edgecliff-Way-94542/home/1747925,"bridgeMLS, Bay East AOR, or Contra Costa AOR",41037667,N,Y,37.6531033,-122.0372811,"Hardwood, Laminate, Tile, Engineered Wood",Forced Air,,6,2,NA,2.5,495.0,1285158.0,9156.0,13,Somewhat bikeable,16,Car-dependent,21,Minimal transit,Minimal,Moderate,Moderate,Minimal,"Places8 groceries, 24 restaurants, 8 parksTransit41, 60, 801, 83, 86, 94, 95, 99, Green-N, Green-S, Orange-N, Orange-S","Sep 21, 2023","Price ChangedbridgeMLS, Bay East AOR, or Contra Costa AOR #41037667",1295000.0,"Sep 6, 2023","Relisted (Back On Market)bridgeMLS, Bay East AOR, or Contra Costa AOR #41037667",NA,"Aug 31, 2023","DelistedbridgeMLS, Bay East AOR, or Contra Costa AOR #41037667",NA,"Aug 31, 2023","Listed (New)bridgeMLS, Bay East AOR, or Contra Costa AOR #41037667",1328888.0,https://www.redfin.com/CA/Hayward/27956-Edgecliff-Way-94542/home/1747925,2.0,,,,,"Individual Electric Meter, Individual Gas Meter",,,,,"Aug 3, 2023","ListedbridgeMLS, Bay East AOR, or Contra Costa AOR #41034943",1015000.0,"Aug 3, 2023","DelistedbridgeMLS, Bay East AOR, or Contra Costa AOR #41034943",NA,,,,,,,,,,,,,,,,,,,,,,,,,,
MLS Listing,,Single Family Residential,1030 Highland Blvd,Hayward,CA,94542,1350000,5.0,5.0,UNIVERSITY HILLS,3133.0,7885.0,1948.0,24.0,431.0,,Active,,,https://www.redfin.com/CA/Hayward/1030-Highland-Blvd-94542/home/1510691,"bridgeMLS, Bay East AOR, or Contra Costa AOR",41038084,N,Y,37.6639846,-122.0738242,"Hardwood, Laminate, Vinyl, Carpet",Wall Furnace,Ceiling Fan(s),6,2,NA,2.5,431.0,1337550.0,9545.0,41,Somewhat bikeable,78,Very walkable,53,Good transit,Minimal,Moderate,Moderate,Minimal,"Places7 groceries, 26 restaurants, 4 parksTransit10, 28, 34, 41, 56, 60, 801, 83, 86, 93, 94, 95, 99, Green-N, Green-S, M, Orange-N, Orange-S","Sep 8, 2023","Listed (New)bridgeMLS, Bay East AOR, or Contra Costa AOR #41038608",1350000.0,"Sep 5, 2023","Listed (New)bridgeMLS, Bay East AOR, or Contra Costa AOR #41038084",1350000.0,,,,,,,https://www.redfin.com/CA/Hayward/1030-Highland-Blvd-94542/home/1510691,,,,,,,,,,,,,,,,,,,,,,,,,,,,,,,,,,,,,,,,,,
MLS Listing,,Townhouse,29710 Hansen St,Hayward,CA,94544,1399000,4.0,3.5,Hayward,2018.0,,,25.0,693.0,368.0,Active,,,https://www.redfin.com/CA/Hayward/29710-Hansen-St-94544/home/183387455,BAREIS,323907470,N,Y,37.628624,-122.0475323,,Central,Central,2,2,2,,569.0,,8492.0,56,Bikeable,69,Somewhat walkable,48,Some transit,Minimal,Moderate,Moderate,Minimal,"Places10 groceries, 24 restaurants, 6 parksTransit41, 56, 60, 801, 83, 86, 94, 99, Green-N, Green-S, Orange-N, Orange-S","Sep 30, 2023",Price ChangedBAREIS #323907470,1149000.0,"Sep 7, 2023",Relisted (Active)BAREIS #323907470,NA,"Sep 3, 2023",Listed (Active)BAREIS #323907470,1399000.0,,,,https://www.redfin.com/CA/Hayward/29710-Hansen-St-94544/home/183387455,2.0,,,,,Solar,3.0,,,,,,,,,,,,,,,,,,,,,,,,,,,,,,,,,,,
MLS Listing,,Townhouse,29712 Hansen St,Hayward,CA,94544,1299000,3.0,2.5,Hayward,1622.0,,,25.0,801.0,368.0,Active,,,https://www.redfin.com/CA/Hayward/29712-Hansen-St-94544/home/187332437,BAREIS,323907445,N,Y,37.6283632,-122.0467384,Vinyl,Central,Central,2,2,2,,692.0,,8308.0,53,Bikeable,70,Very walkable,46,Some transit,Minimal,Moderate,Moderate,Minimal,"Places10 groceries, 24 restaurants, 6 parksTransit41, 56, 801, 83, 86, 94, 99, Green-N, Green-S, Orange-N, Orange-S","Sep 30, 2023",Price ChangedBAREIS #323907445,1123000.0,"Sep 7, 2023",Relisted (Active)BAREIS #323907445,NA,"Sep 3, 2023",Listed (Active)BAREIS #323907445,1299000.0,,,,https://www.redfin.com/CA/Hayward/29712-Hansen-St-94544/home/187332437,2.0,,,,,Solar,2.0,,,,,,,,,,,,,,,,,,,,,,,,,,,,,,,,,,,
MLS Listing,,Condo/Co-op,665 Dartmore Ln #257,Hayward,CA,94544,569988,2.0,2.0,GARIN HEIGHTS,894.0,6725.0,1988.0,27.0,638.0,501.0,Active,,,https://www.redfin.com/CA/Hayward/665-Dartmore-Ln-94544/unit-257/home/2113795,"bridgeMLS, Bay East AOR, or Contra Costa AOR",41037903,N,Y,37.6342841,-122.0470316,"Hardwood Flrs Throughout, Tile",Electric,"Ceiling Fan(s), No Air Conditioning",2,2,2,2.5,638.0,,4531.0,23,Somewhat bikeable,43,Car-dependent,50,Good transit,Minimal,Moderate,Moderate,Minimal,"Places11 groceries, 27 restaurants, 6 parksTransit41, 56, 60, 801, 83, 86, 94, 99, Green-N, Green-S, Orange-N, Orange-S","Sep 2, 2023","Listed (New)bridgeMLS, Bay East AOR, or Contra Costa AOR #41037903",569988.0,,,,,,,,,,https://www.redfin.com/CA/Hayward/665-Dartmore-Ln-94544/unit-257/home/2113795,,,,,,Internet Available,,,,,,,,,,,,,,,,,,,,,,,,,,,,,,,,,,,,
MLS Listing,,Single Family Residential,22584 Pearl Ave,Hayward,CA,94541,889950,3.0,2.0,UPPER B STREET,1255.0,6621.0,1978.0,28.0,709.0,,Active,,,https://www.redfin.com/CA/Hayward/22584-Pearl-Ave-94541/home/1768115,"bridgeMLS, Bay East AOR, or Contra Costa AOR",41036673,N,Y,37.6842167,-122.0647615,"Carpet, Tile",Forced Air,,4,2,NA,2.5,709.0,895604.0,6292.0,65,Bikeable,71,Very walkable,40,Some transit,Minimal,Minor,Moderate,Minimal,"Places7 groceries, 17 restaurants, 2 parksTransit28, 60, 93, 94, 95, Blue-N, Blue-S, NX4, NXC","Sep 1, 2023","Listed (New)bridgeMLS, Bay East AOR, or Contra Costa AOR #41036673",889950.0,,,,,,,,,,https://www.redfin.com/CA/Hayward/22584-Pearl-Ave-94541/home/1768115,2.0,,,,,,,,,,,,,,,,,,,,,,,,,,,,,,,,,,,,,,,,,
MLS Listing,,Multi-Family (2-4 Unit),70 Barnes Ct,Hayward,CA,94544,539500,2.0,1.0,Hayward,,6675.0,1952.0,28.0,,,Active,October-1-2023 02:00 PM,October-1-2023 04:00 PM,https://www.redfin.com/CA/Hayward/70-Barnes-Ct-94544/home/610533,San Francisco MLS,423906154,N,Y,37.657469,-122.0876724,Simulated Wood,,,3,3,5,,,579743.0,3815.0,54,Bikeable,76,Very walkable,49,Some transit,Minimal,Minimal,Moderate,Minimal,"Places6 groceries, 28 restaurants, 2 parksTransit10, 28, 34, 41, 56, 60, 801, 83, 86, 93, 94, 95, 99, CC, Green-N, Green-S, M, Orange-N, Orange-S","Sep 1, 2023",Listed (Active)San Francisco MLS #423906154,539500.0,"Aug 30, 2023",Price ChangedSan Francisco MLS #423905571,899000.0,"Aug 30, 2023",Listed (Active)San Francisco MLS #423905571,866000.0,,,,https://www.redfin.com/CA/Hayward/70-Barnes-Ct-94544/home/610533,,,,,,,,,,,,,,,,,,,,,,,,,,,,,,,,,,,,,,,,,,
MLS Listing,,Condo/Co-op,476 Craven Ct,Hayward,CA,94541,399000,2.0,1.5,WINTON GROVE,900.0,128088.0,1962.0,28.0,443.0,465.0,Active,October-1-2023 01:00 PM,October-1-2023 03:30 PM,https://www.redfin.com/CA/Hayward/476-Craven-Ct-94541/home/40627205,"bridgeMLS, Bay East AOR, or Contra Costa AOR",41037780,N,Y,37.6581941,-122.100818,"Tile, Vinyl","Natural Gas, Central",,5,3,NA,2.5,443.0,402857.0,3286.0,57,Bikeable,49,Car-dependent,47,Some transit,Minimal,Minimal,Moderate,Minimal,"Places2 groceries, 33 restaurants, 4 parksTransit10, 28, 34, 41, 56, 60, 801, 83, 86, 93, 94, 95, 97, 99, CC, Green-N, Green-S, M, Orange-N, Orange-S, S","Sep 1, 2023","Listed (New)bridgeMLS, Bay East AOR, or Contra Costa AOR #41037780",399000.0,,,,,,,,,,https://www.redfin.com/CA/Hayward/476-Craven-Ct-94541/home/40627205,,,,,,All Public Utilities,,,,,,,,,,,,,,,,,,,,,,,,,,,,,,,,,,,,
MLS Listing,,Condo/Co-op,2737 Ships Rd,Hayward,CA,94545,433666,3.0,2.5,CROSSINGS AT  EDEN SHORES,1985.0,15551.0,2010.0,28.0,218.0,274.0,Active,,,https://www.redfin.com/CA/Hayward/2737-Ships-Rd-94545/home/28697599,"bridgeMLS, Bay East AOR, or Contra Costa AOR",41037765,N,Y,37.6119231,-122.0908551,,,,4,4,5,,427.0,847954.0,,48,Somewhat bikeable,50,Somewhat walkable,36,Some transit,Major,Minimal,Moderate,Minimal,"Places11 groceries, 23 restaurants, 5 parksTransit41, 56, 83, 86, 97, SB","Sep 1, 2023",,NA,,,,,,,,,,https://www.redfin.com/CA/Hayward/2737-Ships-Rd-94545/home/28697599,,,,,,,2.0,,,,,,,,,,,,,,,,,,,,,,,,,,,,,,,,,,,
MLS Listing,,Single Family Residential,619 Dean,Hayward,CA,94541,699000,3.0,1.0,BURBANK,960.0,4681.0,1954.0,29.0,728.0,,Active,,,https://www.redfin.com/CA/Hayward/619-Dean-St-94541/home/2032680,"bridgeMLS, Bay East AOR, or Contra Costa AOR",41037684,N,Y,37.6650388,-122.0856308,,,,5,3,NA,2.5,787.0,755967.0,,66,Bikeable,81,Very walkable,63,Good transit,Minimal,Minimal,Moderate,Minimal,"Places7 groceries, 37 restaurants, 2 parksTransit10, 28, 34, 41, 56, 60, 801, 83, 86, 93, 94, 95, 99, CC, Green-N, Green-S, M, Orange-N, Orange-S","Dec 24, 2004","DelistedbridgeMLS, Bay East AOR, or Contra Costa AOR #40055358",NA,"Dec 20, 2004","ListedbridgeMLS, Bay East AOR, or Contra Costa AOR #40055358",399000.0,,,,,,,https://www.redfin.com/CA/Hayward/619-Dean-St-94541/home/2032680,2.0,,,,,,,,,,,,,,,,,,,,,,,,,,,,,,,,,,,,,,,,,
MLS Listing,,Single Family Residential,632 Bartlett Ave,Hayward,CA,94541,1045000,4.0,2.0,HAYWARD,1982.0,5500.0,1946.0,29.0,527.0,,Active,,,https://www.redfin.com/CA/Hayward/632-Bartlett-Ave-94541/home/1662728,MLSListings,ML81940406,N,Y,37.6699689,-122.1162954,"Carpet, Laminate, Tile",Wall Furnace,Ceiling Fan,4,4,3,2.5,527.0,1040895.0,7389.0,65,Bikeable,78,Very walkable,41,Some transit,Minimal,Minimal,Moderate,Minimal,"Places5 groceries, 33 restaurants, 3 parksTransit10, 34, 56, 60, 801, 83, 86, 93, 97, CC, M, S","Aug 31, 2023",Listed (Active)MLSListings #ML81940406,1045000.0,"Aug 29, 2023",Listed (Active)MLSListings #ML81940207,1045000.0,,,,,,,https://www.redfin.com/CA/Hayward/632-Bartlett-Ave-94541/home/1662728,,"Common Parking Area, No Garage, On Street",,"Breakfast Nook, Dining Area",,Individual Electric Meters,2.0,,,,,,,,,,,,,,,,,,,,,,,,,,,,,,,,,,,
MLS Listing,,Single Family Residential,303 Medford Ave,Hayward,CA,94541,1090000,3.0,2.0,Hayward,1411.0,26600.0,1926.0,30.0,773.0,,Active,October-1-2023 02:00 PM,October-1-2023 04:00 PM,https://www.redfin.com/CA/Hayward/303-Medford-Ave-94541/home/974330,San Francisco MLS,423905683,N,Y,37.6808243,-122.107914,,,,2,4,3,,773.0,1092017.0,7707.0,54,Bikeable,57,Somewhat walkable,,,Moderate,Minimal,Moderate,Minimal,"Places6 groceries, 18 restaurants, 6 parksTransit10, 28, 34, 56, 801, 83, 93, 97, CC, NX4, NXC, S","Sep 29, 2023",Price ChangedSan Francisco MLS #423905683,1090000.0,"Aug 30, 2023",Listed (Active)San Francisco MLS #423905683,1100000.0,,,,,,,https://www.redfin.com/CA/Hayward/303-Medford-Ave-94541/home/974330,,,,,,,,,,,,,,,,,,,,,,,,,,,,,,,,,,,,,,,,,,
MLS Listing,,Condo/Co-op,119 Cue Way,Hayward,CA,94544,943260,3.0,3.5,HAYWARD,1760.0,,2023.0,30.0,536.0,470.0,Active,September-30-2023 11:00 AM,September-30-2023 05:00 PM,https://www.redfin.com/CA/Hayward/119-Cue-Way-94544/home/187233056,MLSListings,ML81940326,N,Y,37.6265496,-122.0513134,"Carpet, Tile, Other (See Remarks)",Central Forced Air,Central Forced Air,2,2,2,2.0,536.0,942547.0,7139.0,53,Bikeable,61,Somewhat walkable,48,Some transit,NA,NA,NA,NA,"Places12 groceries, 24 restaurants, 5 parksTransit41, 56, 801, 83, 86, 99, Green-N, Green-S, Orange-N, Orange-S","Aug 30, 2023",Listed (Active)MLSListings #ML81940326,943260.0,,,,,,,,,,https://www.redfin.com/CA/Hayward/119-Cue-Way-94544/home/187233056,2.0,Attached Garage,"Full on Ground Floor, Primary (Stall Shower(s)), Shower Over Tub, Tile",Dining Area,"Electricity Hookup (220V), Hookup (Gas Dryer), Inside, Upper Floor",Public Utilities,2.0,"Maintenance (Common Area), Maintenance (Exterior), Management Fee, Roof",Monthly,Associa,,,,,,,,,,,,,,,,,,,,,,,,,,,,,,,,
MLS Listing,,Single Family Residential,2955 Sunnybank Ln,Hayward,CA,94541,1099000,3.0,2.0,HAYWARD,2075.0,7800.0,1988.0,35.0,530.0,,Active,October-1-2023 03:00 PM,October-1-2023 05:00 PM,https://www.redfin.com/CA/Hayward/2955-Sunnybank-Ln-94541/home/1086926,MLSListings,ML81939937,N,Y,37.6777205,-122.0515527,,Central Forced Air,,4,2,NA,2.5,530.0,1108116.0,7771.0,20,Somewhat bikeable,16,Car-dependent,,,Minimal,Moderate,Moderate,Minimal,"Places8 groceries, 14 restaurants, 8 parksTransit28, 60, 93, 94, 95, NX4, NXC","Sep 29, 2023",Relisted (Active)MLSListings #ML81939937,NA,"Sep 21, 2023",ContingentMLSListings #ML81939937,NA,"Aug 25, 2023",Listed (Active)MLSListings #ML81939937,1099000.0,"Jun 4, 2021","PendingbridgeMLS, Bay East AOR, or Contra Costa AOR #40950568",NA,https://www.redfin.com/CA/Hayward/2955-Sunnybank-Ln-94541/home/1086926,2.0,Attached Garage,,Dining Area in Living Room,,Public Utilities,2.0,,,,"May 20, 2021","Listed (New)bridgeMLS, Bay East AOR, or Contra Costa AOR #40950568",891000.0,,,,,,,,,,,,,,,,,,,,,,,,,,,,,
MLS Listing,,Single Family Residential,1108 Palisade St,Hayward,CA,94542,1450000,8.0,8.5,HAYWARD,3428.0,7959.0,1937.0,35.0,423.0,,Active,,,https://www.redfin.com/CA/Hayward/1108-Palisade-St-94542/home/52302600,MLSListings,ML81939907,N,Y,37.6623641,-122.0705394,,Other (See Remarks),Other (See Remarks),6,2,NA,2.0,423.0,1439627.0,10252.0,25,Somewhat bikeable,59,Somewhat walkable,43,Some transit,Minimal,Moderate,Moderate,Minimal,"Places6 groceries, 25 restaurants, 4 parksTransit10, 28, 34, 41, 56, 60, 801, 83, 86, 93, 94, 95, 99","Aug 25, 2023",Listed (Active)MLSListings #ML81939907,1450000.0,,,,,,,,,,https://www.redfin.com/CA/Hayward/1108-Palisade-St-94542/home/52302600,2.0,Attached Garage,,Other (See Remarks),,Other (See Remarks),,,,,,,,,,,,,,,,,,,,,,,,,,,,,,,,,,,,
MLS Listing,,Mobile/Manufactured Home,81 Ranchero Way #155,Hayward,CA,94544,229000,2.0,2.0,SPANISH RANCH II,1040.0,,,35.0,220.0,,Active,,,https://www.redfin.com/CA/Hayward/81-Ranchero-Way-94544/unit-155/home/28552480,"bridgeMLS, Bay East AOR, or Contra Costa AOR",41037253,N,Y,37.6310557,-122.0573993,"Vinyl, Carpet","Forced Air, Natural Gas",No Air Conditioning,2,2,2,2.5,220.0,226210.0,1619.0,53,Bikeable,31,Car-dependent,55,Good transit,Moderate,Moderate,Moderate,Minimal,"Places8 groceries, 27 restaurants, 4 parksTransit41, 56, 801, 83, 86, 99, Green-N, Green-S, Orange-N, Orange-S","Aug 25, 2023","Listed (New)bridgeMLS, Bay East AOR, or Contra Costa AOR #41037253",229000.0,"May 21, 1999","DelistedbridgeMLS, Bay East AOR, or Contra Costa AOR #11013078",NA,"Apr 26, 1999","ListedbridgeMLS, Bay East AOR, or Contra Costa AOR #11013078",47950.0,,,,https://www.redfin.com/CA/Hayward/81-Ranchero-Way-94544/unit-155/home/28552480,,,,,,Natural Gas Available,,,,,,,,,,,,,,,,,,,,,,,,,,,,,,,,,,,,
MLS Listing,,Townhouse,395 Rhythm Ln,Hayward,CA,94544,1028000,4.0,3.5,HAYWARD,2001.0,,2019.0,37.0,514.0,380.0,Active,,,https://www.redfin.com/CA/Hayward/395-Rhythm-Ln-94544/home/175928727,MLSListings,ML81939643,N,Y,37.630286,-122.050154,"Concrete, Hardwood, Stone",Forced Air,Central Forced Air,2,2,2,2.5,514.0,1023529.0,7649.0,58,Bikeable,54,Somewhat walkable,52,Good transit,Major,Moderate,Moderate,Minimal,"Places14 groceries, 24 restaurants, 5 parksTransit41, 56, 60, 801, 83, 86, 94, 99, Green-N, Green-S, Orange-N, Orange-S","Aug 23, 2023",Listed (Active)MLSListings #ML81939643,1028000.0,,,,,,,,,,https://www.redfin.com/CA/Hayward/395-Rhythm-Ln-94544/home/175928727,2.0,Attached Garage,"Double Sinks, Stall Shower, Tile, Tub",Dining Area in Living Room,"Electricity Hookup (220V), In Garage",Public Utilities,3.0,"Common Area Gas, Maintenance (Common Area), Maintenance (Exterior)",Monthly,SOHAY COMMUNITY ASSOCIATION,,,,,,,,,,,,,,,,,,,,,,,,,,,,,,,,
MLS Listing,,Condo/Co-op,345 Rhythm Ln,Hayward,CA,94544,439230,1.0,1.0,HAYWARD,429.0,,2021.0,37.0,1024.0,275.0,Active,,,https://www.redfin.com/CA/Hayward/345-Rhythm-Ln-94544/home/172840212,MLSListings,ML81939629,N,Y,37.629968,-122.050589,"Carpet, Tile",Central Forced Air,Central Forced Air,2,2,2,2.5,1024.0,438736.0,3381.0,58,Bikeable,54,Somewhat walkable,52,Good transit,Major,Moderate,Moderate,Minimal,"Places14 groceries, 24 restaurants, 5 parksTransit41, 56, 60, 801, 83, 86, 94, 99, Green-N, Green-S, Orange-N, Orange-S","Aug 23, 2023",Listed (Active)MLSListings #ML81939629,439230.0,,,,,,,,,,https://www.redfin.com/CA/Hayward/345-Rhythm-Ln-94544/home/172840212,1.0,Attached Garage,Shower Over Tub,Dining Area in Living Room,In Utility Room,Public Utilities,1.0,"Exterior Painting, Maintenance (Common Area), Management Fee, Roof",,Association Northern  California,,,,,,,,,,,,,,,,,,,,,,,,,,,,,,,,
MLS Listing,,Multi-Family (5+ Unit),266 Smalley Ave,Hayward,CA,94541,3750000,,,CHERRYLAND,6450.0,15459.0,,37.0,581.0,,Active,,,https://www.redfin.com/CA/Hayward/266-Smalley-Ave-94541/home/1338137,"bridgeMLS, Bay East AOR, or Contra Costa AOR",41036973,N,Y,37.6695283,-122.0985456,"Laminate, Vinyl, Carpet",Wall Furnace,,5,3,NA,2.25,581.0,,26515.0,74,Very bikeable,70,Very walkable,,,Minimal,Minimal,Moderate,Minimal,"Places6 groceries, 18 restaurants, 4 parksTransit10, 28, 34, 41, 56, 60, 801, 83, 86, 93, 94, 95, 99, CC, Green-N, Green-S, M, Orange-N, Orange-S","Sep 27, 2023","Price ChangedbridgeMLS, Bay East AOR, or Contra Costa AOR #41036973",3750000.0,"Aug 23, 2023","Listed (New)bridgeMLS, Bay East AOR, or Contra Costa AOR #41036973",3950000.0,,,,,,,https://www.redfin.com/CA/Hayward/266-Smalley-Ave-94541/home/1338137,,,,,,"Individual Electric Meter, Individual Gas Meter",,,,,,,,,,,,,,,,,,,,,,,,,,,,,,,,,,,,
MLS Listing,,Single Family Residential,278 Smalley Ave,Hayward,CA,94541,739000,3.0,1.5,CHERRYLAND DIST.,1217.0,10224.0,1932.0,37.0,607.0,,Active,,,https://www.redfin.com/CA/Hayward/278-Smalley-Ave-94541/home/977517,"bridgeMLS, Bay East AOR, or Contra Costa AOR",41036545,N,Y,37.6692169,-122.098002,"Laminate, Linoleum, Tile, Carpet",Gravity,,5,3,NA,2.25,607.0,744990.0,5225.0,74,Very bikeable,70,Very walkable,,,Minimal,Minimal,Moderate,Minimal,"Places6 groceries, 18 restaurants, 4 parksTransit10, 28, 34, 41, 56, 60, 801, 83, 86, 93, 94, 95, 99, CC, Green-N, Green-S, M, Orange-N, Orange-S","Aug 23, 2023","Listed (New)bridgeMLS, Bay East AOR, or Contra Costa AOR #41036545",739000.0,"Apr 14, 2003","ListedbridgeMLS, Bay East AOR, or Contra Costa AOR #11202004",360000.0,,,,,,,https://www.redfin.com/CA/Hayward/278-Smalley-Ave-94541/home/977517,,,,,,,,,,,,,,,,,,,,,,,,,,,,,,,,,,,,,,,,,,
MLS Listing,,Vacant Land,1151 Tamalpais Pl,Hayward,CA,94542,665000,,,HAYWARD,,12632.0,,37.0,,,Active,,,https://www.redfin.com/CA/Hayward/1151-Tamalpais-Pl-94542/home/112886715,MLSListings,ML81939553,N,Y,37.6629065,-122.0697283,,,,6,2,NA,3.0,,632053.0,4702.0,25,Somewhat bikeable,58,Somewhat walkable,44,Some transit,Minimal,Moderate,Moderate,Minimal,"Places6 groceries, 25 restaurants, 4 parksTransit10, 28, 34, 41, 56, 60, 801, 83, 86, 93, 94, 95, 99","Aug 23, 2023",Listed (Active)MLSListings #ML81939553,665000.0,,,,,,,,,,https://www.redfin.com/CA/Hayward/1151-Tamalpais-Pl-94542/home/112886715,,,,,,Public Utilities,,,,,,,,,,,,,,,,,,,,,,,,,,,,,,,,,,,,
MLS Listing,,Vacant Land,000 Kelly St,Hayward,CA,94541,49000,,,HAYWARD,,5332.0,,38.0,,,Active,,,https://www.redfin.com/CA/Hayward/Kelly-St-94541/home/22669033,MLSListings,ML81939492,N,Y,37.684899,-122.056993,,,,4,2,NA,4.5,,46665.0,346.0,26,Somewhat bikeable,52,Somewhat walkable,,,Minimal,Moderate,Moderate,Minimal,"Places9 groceries, 18 restaurants, 6 parksTransit28, 60, 93, 94, 95, Blue-N, Blue-S, NX4, NXC","Aug 22, 2023",Listed (Active)MLSListings #ML81939492,49000.0,,,,,,,,,,https://www.redfin.com/CA/Hayward/Kelly-St-94541/home/22669033,,,,,,Other (See Remarks),,,,,,,,,,,,,,,,,,,,,,,,,,,,,,,,,,,,
MLS Listing,,Multi-Family (5+ Unit),302 Dumont Ave,Hayward,CA,94544,2990000,,,Hayward,7350.0,12400.0,1962.0,38.0,407.0,,Active,,,https://www.redfin.com/CA/Hayward/302-Dumont-Ave-94544/home/1887223,"bridgeMLS, Bay East AOR, or Contra Costa AOR",41031454,N,Y,37.6438174,-122.0795456,"Laminate, Tile",Wall Furnace,,3,5,2,2.5,407.0,,21141.0,48,Somewhat bikeable,24,Car-dependent,34,Some transit,Minimal,Minor,Moderate,Minimal,"Places7 groceries, 25 restaurants, 2 parksTransit41, 56, 60, 801, 83, 86, 99, M",,,,,,,,,,,,,https://www.redfin.com/CA/Hayward/302-Dumont-Ave-94544/home/1887223,,,,,,,,,,,,,,,,,,,,,,,,,,,,,,,,,,,,,,,,,,
MLS Listing,,Multi-Family (5+ Unit),22685 Santa Clara St,Hayward,CA,94541,999950,,,Hayward,1285.0,8986.0,1948.0,38.0,778.0,,Active,,,https://www.redfin.com/CA/Hayward/22685-Santa-Clara-St-94541/home/797375,"bridgeMLS, Bay East AOR, or Contra Costa AOR",41032825,N,Y,37.663645,-122.102569,Carpet,Natural Gas,,5,3,NA,2.5,778.0,,7070.0,63,Bikeable,58,Somewhat walkable,48,Some transit,Minimal,Minimal,Moderate,Minimal,"Places3 groceries, 25 restaurants, 5 parksTransit10, 28, 34, 41, 56, 60, 801, 83, 86, 93, 94, 95, 97, 99, CC, Green-N, Green-S, M, Orange-N, Orange-S, S","Jul 12, 2023","Listed (Active)bridgeMLS, Bay East AOR, or Contra Costa AOR #41032825",999950.0,,,,,,,,,,https://www.redfin.com/CA/Hayward/22685-Santa-Clara-St-94541/home/797375,,,,,,"Individual Electric Meter, Individual Gas Meter",,,,,,,,,,,,,,,,,,,,,,,,,,,,,,,,,,,,
MLS Listing,,Multi-Family (5+ Unit),32513 Mission Blvd,Hayward,CA,94544,1995000,,,Hayward,,,1958.0,38.0,,,Active,,,https://www.redfin.com/CA/Hayward/32513-Mission-Blvd-94544/home/185656942,"bridgeMLS, Bay East AOR, or Contra Costa AOR",41029483,N,Y,37.612279,-122.0275054,,,Central Air,4,5,6,2.0,,,14106.0,53,Bikeable,55,Somewhat walkable,35,Some transit,NA,NA,NA,NA,"Places9 groceries, 16 restaurants, 8 parksTransit200, 216, 232, 801, 97, 99, BridgeA, BridgeB, Green-N, Green-S, Orange-N, Orange-S","Jun 6, 2023","Listed (New)bridgeMLS, Bay East AOR, or Contra Costa AOR #41029477",1995000.0,"Jun 6, 2023","Listed (Active)bridgeMLS, Bay East AOR, or Contra Costa AOR #41029483",1995000.0,,,,,,,https://www.redfin.com/CA/Hayward/32513-Mission-Blvd-94544/home/185656942,,,,,,"Other Water/Sewer, No Water/Sewer",,,,,,,,,,,,,,,,,,,,,,,,,,,,,,,,,,,,
MLS Listing,,Condo/Co-op,21083 Gary Dr #212,Hayward,CA,94546,670000,3.0,2.0,MESA VERDE,1318.0,394991.0,1980.0,39.0,508.0,625.0,Active,September-30-2023 12:00 PM,September-30-2023 04:00 PM,https://www.redfin.com/CA/Hayward/21083-Gary-Dr-94546/unit-212/home/1886571,"bridgeMLS, Bay East AOR, or Contra Costa AOR",41036765,N,Y,37.689435,-122.0922189,"Laminate, Carpet","Natural Gas, Hot Water, Fireplace(s)",,3,2,NA,3.0,508.0,660464.0,5362.0,24,Somewhat bikeable,50,Somewhat walkable,38,Some transit,Minimal,Minimal,Moderate,Minimal,"Places0 groceries, 23 restaurants, 0 parksTransit10, 28, 34, 56, 801, 83, 93, Blue-N, Blue-S, NX4, NXC","Sep 16, 2023","Price ChangedbridgeMLS, Bay East AOR, or Contra Costa AOR #41036765",670000.0,"Sep 12, 2023","Price ChangedbridgeMLS, Bay East AOR, or Contra Costa AOR #41036765",679500.0,"Aug 21, 2023","Listed (New)bridgeMLS, Bay East AOR, or Contra Costa AOR #41036765",685500.0,,,,https://www.redfin.com/CA/Hayward/21083-Gary-Dr-94546/unit-212/home/1886571,,,,,,"Individual Electric Meter, Individual Gas Meter",,,,,,,,,,,,,,,,,,,,,,,,,,,,,,,,,,,,
MLS Listing,,Single Family Residential,22283 Hathaway Ave,Hayward,CA,94541,675000,3.0,2.0,HAYWARD,903.0,2324.0,1920.0,39.0,748.0,,Active,,,https://www.redfin.com/CA/Hayward/22283-Hathaway-Ave-94541/home/1916027,MLSListings,ML81939332,N,Y,37.6669827,-122.1042258,,Other (See Remarks),Central Forced Air,3,4,3,2.5,748.0,676128.0,4773.0,67,Bikeable,70,Very walkable,46,Some transit,Minimal,Minimal,Moderate,Minimal,"Places6 groceries, 19 restaurants, 7 parksTransit10, 28, 34, 41, 56, 60, 801, 83, 86, 93, 94, 95, 97, 99, CC, Green-N, Green-S, M, Orange-N, Orange-S, S","Aug 21, 2023",Listed (Active)MLSListings #ML81939332,675000.0,"Mar 3, 2022","PendingbridgeMLS, Bay East AOR, or Contra Costa AOR #40979235",NA,"Feb 18, 2022","Listed (New)bridgeMLS, Bay East AOR, or Contra Costa AOR #40979235",549000.0,,,,https://www.redfin.com/CA/Hayward/22283-Hathaway-Ave-94541/home/1916027,,No Garage,,Formal Dining Room,,Public Utilities,1.0,,,,,,,,,,,,,,,,,,,,,,,,,,,,,,,,,,,
MLS Listing,,Single Family Residential,28846 Bailey Ranch Rd,Hayward,CA,94542,2199888,6.0,4.0,BAILEY RANCH,3705.0,15100.0,2000.0,39.0,594.0,164.0,Active,September-30-2023 01:00 PM,September-30-2023 05:00 PM,https://www.redfin.com/CA/Hayward/28846-Bailey-Ranch-Rd-94542/home/1242250,"bridgeMLS, Bay East AOR, or Contra Costa AOR",41034723,N,Y,37.6508892,-122.0191686,"Hardwood, Tile, Carpet","Zoned, Natural Gas, Solar","Ceiling Fan(s), Zoned",6,2,NA,2.5,594.0,2157482.0,15719.0,20,Somewhat bikeable,6,Car-dependent,18,Minimal transit,Minimal,Major,Minor,Minimal,"Places7 groceries, 26 restaurants, 10 parksTransit41, 60, 801, 83, 86, 94, 95, 99, Green-N, Green-S, Orange-N, Orange-S","Sep 6, 2023","Price ChangedbridgeMLS, Bay East AOR, or Contra Costa AOR #41034723",2199888.0,"Aug 21, 2023","Listed (New)bridgeMLS, Bay East AOR, or Contra Costa AOR #41034723",2299888.0,"Mar 26, 2015","PendingbridgeMLS, Bay East AOR, or Contra Costa AOR #40686343",NA,"Feb 27, 2015","Pending (Pending - Show for Backups)bridgeMLS, Bay East AOR, or Contra Costa AOR #40686343",NA,https://www.redfin.com/CA/Hayward/28846-Bailey-Ranch-Rd-94542/home/1242250,3.0,,,,,,,,,,"Feb 5, 2015","Listed (New)bridgeMLS, Bay East AOR, or Contra Costa AOR #40686343",1049000.0,,,,,,,,,,,,,,,,,,,,,,,,,,,,,
MLS Listing,,Vacant Land,2812 Kelly St,Hayward,CA,94541,645000,,,HAYWARD,,9735.0,,39.0,,,Active,,,https://www.redfin.com/CA/Hayward/2812-Kelly-St-94541/home/2032556,MLSListings,ML81939286,N,Y,37.6845884,-122.0556467,,,,4,2,NA,2.5,,623645.0,4561.0,26,Somewhat bikeable,47,Car-dependent,,,Minimal,Moderate,Moderate,Minimal,"Places9 groceries, 17 restaurants, 6 parksTransit28, 60, 93, 94, 95, Blue-N, Blue-S, NX4, NXC","Sep 21, 2023",Price ChangedMLSListings #ML81939286,645000.0,"Aug 21, 2023",Listed (Active)MLSListings #ML81939286,695000.0,"Jul 19, 2018","PendingbridgeMLS, Bay East AOR, or Contra Costa AOR #40829719",NA,"Jul 11, 2018","Listed (New)bridgeMLS, Bay East AOR, or Contra Costa AOR #40829719",409000.0,https://www.redfin.com/CA/Hayward/2812-Kelly-St-94541/home/2032556,,,,,,Other (See Remarks),,,,,,,,,,,,,,,,,,,,,,,,,,,,,,,,,,,,
MLS Listing,,Condo/Co-op,26897 Huntwood Ave #4,Hayward,CA,94544,500000,2.0,1.5,HAYWARD,1104.0,27604.0,1980.0,43.0,453.0,521.0,Active,,,https://www.redfin.com/CA/Hayward/26897-Huntwood-Ave-94544/unit-4/home/1072845,MLSListings,ML81937908,N,Y,37.6407117,-122.0715604,"Hardwood, Tile, Other (See Remarks)",Forced Air,Ceiling Fan,3,5,2,2.5,453.0,503245.0,4056.0,56,Bikeable,41,Car-dependent,39,Some transit,Minimal,Moderate,Moderate,Minimal,"Places11 groceries, 28 restaurants, 4 parksTransit41, 56, 801, 83, 86, 99, Green-N, Green-S, Orange-N, Orange-S","Sep 13, 2023",Relisted (Active)MLSListings #ML81937908,NA,"Sep 6, 2023",Pending (Pending (Do Not Show))MLSListings #ML81937908,NA,"Aug 10, 2023",Listed (Active)MLSListings #ML81937908,500000.0,"Feb 9, 2022","DelistedbridgeMLS, Bay East AOR, or Contra Costa AOR #40970373",NA,https://www.redfin.com/CA/Hayward/26897-Huntwood-Ave-94544/unit-4/home/1072845,1.0,"Assigned Spaces, Detached",,Dining Area,Washer/Dryer,Public Utilities,2.0,"Garbage, Insurance, Insurance (Common Area), Maintenance (Common Area), Maintenance (Exterior), Roof, Water",Monthly,Willow Estates,"Dec 17, 2021","ContingentbridgeMLS, Bay East AOR, or Contra Costa AOR #40970373",NA,"Oct 29, 2021","Price ChangedbridgeMLS, Bay East AOR, or Contra Costa AOR #40970373",499000.0,"Oct 9, 2021","Listed (New)bridgeMLS, Bay East AOR, or Contra Costa AOR #40970373",725000.0,,,,,,,,,,,,,,,,,,,,,,,
MLS Listing,,Single Family Residential,19425 Waverly Ave,Hayward,CA,94541,850000,3.0,2.0,HAYWARD,1620.0,5000.0,1951.0,45.0,525.0,,Active,,,https://www.redfin.com/CA/Hayward/19425-Waverly-Ave-94541/home/2022924,MLSListings,ML81937099,N,Y,37.6765225,-122.1138646,,Central Forced Air,,4,4,3,2.5,525.0,855637.0,6010.0,56,Bikeable,63,Somewhat walkable,36,Some transit,Minimal,Minimal,Moderate,Minimal,"Places3 groceries, 33 restaurants, 7 parksTransit10, 28, 34, 35, 56, 801, 83, 93, 97, CC, NX4, NXC, S","Aug 15, 2023",Listed (Active)MLSListings #ML81937099,850000.0,"Mar 20, 2018","PendingbridgeMLS, Bay East AOR, or Contra Costa AOR #40812692",NA,"Mar 6, 2018","Listed (New)bridgeMLS, Bay East AOR, or Contra Costa AOR #40812692",675000.0,,,,https://www.redfin.com/CA/Hayward/19425-Waverly-Ave-94541/home/2022924,2.0,Attached Garage,,Other (See Remarks),,Public Utilities,1.0,,,,,,,,,,,,,,,,,,,,,,,,,,,,,,,,,,,
