SALE TYPE,SOLD DATE,PROPERTY TYPE,ADDRESS,CITY,STATE OR PROVINCE,ZIP OR POSTAL CODE,PRICE,BEDS,BATHS,LOCATION,SQUARE FEET,LOT SIZE,YEAR BUILT,DAYS ON MARKET,$/SQUARE FEET,HOA/MONTH,STATUS,NEXT OPEN HOUSE START TIME,NEXT OPEN HOUSE END TIME,URL,SOURCE,MLS#,FAVORITE,INTERESTED,LATITUDE,LONGITUDE,PARK_DESCRIPTION,DINNING_DESC,LAUNDARY_FEATURES,COOLING_FEATURES,HEATING_FEATURES,UTILITIES,NUM_STORIES,ELEMENTARY_SCHOOL_RATING,MIDDLE_SCHOOL_RATING,HIGH_SCHOOL_RATING,BUYER_AGENCY_COMPENSATION,PRICE_PR_SQFT,REDFIN_ESTIMATE,EST_MONTHLY_PAY,Bike Score,Bike Score_type,Walk Score,Walk Score_type,Transit Score,Transit Score_type,Flood Factor,Fire Factor,Heat Factor,Wind Factor,OVERALL_NEARBY_PLACES,PRICE_HISTORY1_EVENT_DATE,PRICE_HISTORY1_EVENT_TYPE,PRICE_HISTORY1_PRICE,url,HAS_GARAGE,BATH_DESCRIPTION,FLOORING_FEATURES,PRICE_HISTORY2_EVENT_DATE,PRICE_HISTORY2_EVENT_TYPE,PRICE_HISTORY2_PRICE,PRICE_HISTORY3_EVENT_DATE,PRICE_HISTORY3_EVENT_TYPE,PRICE_HISTORY3_PRICE,PRICE_HISTORY4_EVENT_DATE,PRICE_HISTORY4_EVENT_TYPE,PRICE_HISTORY4_PRICE,PRICE_HISTORY5_EVENT_DATE,PRICE_HISTORY5_EVENT_TYPE,PRICE_HISTORY5_PRICE,FEES_INCLUDE,HOA_NAME,HOA_FEE_FREQ,PRICE_HISTORY6_EVENT_DATE,PRICE_HISTORY6_EVENT_TYPE,PRICE_HISTORY6_PRICE,PRICE_HISTORY7_EVENT_DATE,PRICE_HISTORY7_EVENT_TYPE,PRICE_HISTORY7_PRICE,PRICE_HISTORY8_EVENT_DATE,PRICE_HISTORY8_EVENT_TYPE,PRICE_HISTORY8_PRICE
MLS Listing,,Single Family Residential,2451 Cory Ave,San Jose,CA,95128,899999,3.0,1.0,SAN JOSE,1040.0,7230.0,1950.0,8.0,865.0,,Active,,,https://www.redfin.com/CA/San-Jose/2451-Cory-Ave-95128/home/1774434,MLSListings,ML81942790,N,Y,37.3319824,-121.9487775,"Off-Street Parking, Uncovered Parking",Other (See Remarks),In Garage,Other (See Remarks),Other (See Remarks),Public Utilities,1.0,5,3,6,2.5,865.0,942691.0,6364.0,80,Very bikeable,67,Somewhat walkable,42,Some transit,Minimal,Minimal,Major,Minimal,"Places4 groceries, 32 restaurants, 0 parksTransit21, 22, 23, 25, 53, 59, 60, 61, Rapid 523","Sep 22, 2023",Listed (Active)MLSListings #ML81942790,899999.0,https://www.redfin.com/CA/San-Jose/2451-Cory-Ave-95128/home/1774434,,,,,,,,,,,,,,,,,,,,,,,,,,,
MLS Listing,,Single Family Residential,3576 Golden State Dr,Santa Clara,CA,95051,1599800,3.0,2.0,SANTA CLARA,1166.0,5200.0,1954.0,1.0,1372.0,,Active,October-1-2023 01:00 PM,October-1-2023 04:00 PM,https://www.redfin.com/CA/Santa-Clara/3576-Golden-State-Dr-95051/home/733956,MLSListings,ML81943650,N,Y,37.3433961,-121.9947845,Attached Garage,Dining Area in Family Room,In Garage,Central Forced Air,Forced Air,Public Utilities,1.0,5,6,7,2.5,1372.0,,11312.0,66,Bikeable,76,Very walkable,37,Some transit,Minimal,Minimal,Moderate,Minimal,"Places3 groceries, 27 restaurants, 1 parkTransit21, 22, 23, 53, 56, 57, Express 101, Rapid 522, Rapid 523","Sep 29, 2023",Listed (Active)MLSListings #ML81943650,1599800.0,https://www.redfin.com/CA/Santa-Clara/3576-Golden-State-Dr-95051/home/733956,2.0,"Shower and Tub, Skylight, Stall Shower","Carpet, Tile, Vinyl/Linoleum","Jan 30, 2020",Pending (Pending (Do Not Show))MLSListings #ML81778917,NA,"Jan 27, 2020",Relisted (Active)MLSListings #ML81778917,NA,"Jan 23, 2020",Pending (Pending (Do Not Show))MLSListings #ML81778917,NA,"Jan 13, 2020",Listed (Active)MLSListings #ML81778917,1238000.0,,,,,,,,,,,,
MLS Listing,,Single Family Residential,330 Crestview Dr,Santa Clara,CA,95050,2388800,4.0,3.5,SANTA CLARA,2330.0,7198.0,1956.0,1.0,1025.0,,Active,October-1-2023 01:00 PM,October-1-2023 04:00 PM,https://www.redfin.com/CA/Santa-Clara/330-Crestview-Dr-95050/home/1777068,MLSListings,ML81943577,N,Y,37.3316866,-121.9538213,Attached Garage,Dining Area in Living Room,"Hookup (Gas Dryer), Inside",Central Forced Air,Central Forced Air (Gas),Public Utilities,1.0,6,5,7,2.5,1025.0,2376713.0,16890.0,78,Very bikeable,62,Somewhat walkable,41,Some transit,Minimal,Minimal,Major,Minimal,"Places5 groceries, 27 restaurants, 3 parksTransit21, 22, 23, 25, 53, 57, 59, 60, Rapid 523","Sep 29, 2023",Listed (Active)MLSListings #ML81943577,2388800.0,https://www.redfin.com/CA/Santa-Clara/330-Crestview-Dr-95050/home/1777068,2.0,"Double Sinks, Primary (Stall Shower(s)), Shower Over Tub, Updated Bath(s)",Hardwood,,,,,,,,,,,,,,,,,,,,,,,,
MLS Listing,,Single Family Residential,3145 Dorcich St,Santa Clara,CA,95050,2488000,5.0,3.0,SANTA CLARA,2487.0,10202.0,1955.0,1.0,1000.0,,Active,October-1-2023 01:00 PM,October-1-2023 04:00 PM,https://www.redfin.com/CA/Santa-Clara/3145-Dorcich-St-95050/home/1263251,MLSListings,ML81943575,N,Y,37.3252485,-121.951866,"Attached Garage, On Street, Room for Oversized Vehicle","Breakfast Nook, Dining Area, No Formal Dining Room","Electricity Hookup (220V), In Utility Room, Inside, Tub/Sink","Ceiling Fan, Central Forced Air, Multi-Zone","Central Forced Air, Electric, Fireplace, Radiant Floors",Public Utilities,1.0,6,NA,6,2.5,1000.0,2480485.0,17592.0,82,Very bikeable,90,Walker's paradise,48,Some transit,Minimal,Minimal,Major,Minimal,"Places3 groceries, 45 restaurants, 2 parksTransit23, 25, 53, 57, 59, 60, 61, Rapid 523, SCVMC, SCVMC Shuttle","Sep 29, 2023",Listed (Active)MLSListings #ML81943575,2488000.0,https://www.redfin.com/CA/Santa-Clara/3145-Dorcich-St-95050/home/1263251,2.0,"Double Sinks, Dual Flush Toilet, Full on Ground Floor, Primary (Stall Shower(s)), Shower Over Tub, Stall Shower, Tile, Updated Bath(s)","Laminate, Tile",,,,,,,,,,,,,,,,,,,,,,,,
MLS Listing,,Single Family Residential,1043 Pomeroy Ave,Santa Clara,CA,95051,2100000,4.0,2.5,SANTA CLARA,1670.0,3322.0,2022.0,1.0,1257.0,,Active,October-1-2023 01:30 PM,October-1-2023 04:30 PM,https://www.redfin.com/CA/Santa-Clara/1043-Pomeroy-Ave-95051/home/176530428,MLSListings,ML81941733,N,Y,37.345668,-121.9867441,"Attached Garage, Off-Street Parking",Dining Area,"Electricity Hookup (220V), Hookup (Gas Dryer)","Ceiling Fan, Central Forced Air",Central Forced Air,Public Utilities,2.0,5,6,7,2.5,1257.0,2110287.0,14848.0,64,Bikeable,69,Somewhat walkable,41,Some transit,Minimal,NA,Moderate,Minimal,"Places4 groceries, 25 restaurants, 2 parksTransit21, 22, 23, 53, 57, Rapid 522, Rapid 523","Sep 29, 2023",Listed (Active)MLSListings #ML81941733,2100000.0,https://www.redfin.com/CA/Santa-Clara/1043-Pomeroy-Ave-95051/home/176530428,2.0,"Double Sinks, Half on Ground Floor, Primary (Stall Shower(s)), Stall Shower, Tub in Master Bedroom",,,,,,,,,,,,,,,,,,,,,,,,,
MLS Listing,,Townhouse,1790 Warburton Ave #4,Santa Clara,CA,95050,1518000,3.0,2.5,SANTA CLARA,1778.0,,2023.0,2.0,854.0,337.0,Active,October-1-2023 01:00 PM,October-1-2023 04:00 PM,https://www.redfin.com/CA/Santa-Clara/1790-Warburton-Ave-95050/unit-4/home/185588801,MLSListings,ML81937068,N,Y,37.3558507,-121.9580821,Attached Garage,Dining Area in Living Room,Inside,Central Forced Air,Gas,Public Utilities,2.0,3,5,7,2.5,854.0,1519785.0,11070.0,72,Very bikeable,87,Very walkable,47,Some transit,Minimal,Minimal,Major,Minimal,"Places6 groceries, 28 restaurants, 3 parksTransit21, 22, 53, 57, 59, 60, ACE Yellow, Rapid 522","Sep 28, 2023",Listed (Active)MLSListings #ML81937068,1518000.0,https://www.redfin.com/CA/Santa-Clara/1790-Warburton-Ave-95050/unit-4/home/185588801,2.0,"Double Sinks, Shower and Tub","Carpet, Hardwood, Tile",,,,,,,,,,,,,"Common Area Electricity, Common Area Gas, Insurance (Common Area)",Warburton Townhome Homeowners Assoc.,,,,,,,,,,
MLS Listing,,Condo/Co-op,2813 Newhall St,Santa Clara,CA,95050,999880,2.0,2.5,SANTA CLARA,1365.0,1271.0,2016.0,2.0,733.0,528.0,Active,October-1-2023 02:00 PM,October-1-2023 04:00 PM,https://www.redfin.com/CA/Santa-Clara/2813-Newhall-St-95050/home/112869399,MLSListings,ML81943459,N,Y,37.339099,-121.956128,"Covered Parking, Detached, Electric Car Hookup, Electric Gate, Gate/Door Opener, On Street","Breakfast Bar, Dining Area, Dining Area in Living Room","Inside, Washer/Dryer","Ceiling Fan, Central Forced Air",Central Forced Air (Gas),Public Utilities,2.0,6,5,7,2.5,733.0,1001773.0,7598.0,82,Very bikeable,74,Very walkable,38,Some transit,Minimal,Minimal,Major,Minimal,"Places4 groceries, 13 restaurants, 4 parksTransit21, 22, 23, 53, 57, 59, 60, Rapid 522, Rapid 523","Sep 28, 2023",Listed (Active)MLSListings #ML81943459,999880.0,https://www.redfin.com/CA/Santa-Clara/2813-Newhall-St-95050/home/112869399,2.0,"Dual Flush Toilet, Granite, Half on Ground Floor, Primary (Stall Shower(s)), Shower and Tub, Stall Shower","Tile, Wood",,,,,,,,,,,,,"Common Area Electricity, Common Area Gas, Decks, Exterior Painting, Garbage, Hot Water, Insurance (Common Area), Insurance (Structure), Landscaping/Gardening, Maintenance (Common Area), Maintenance (Exterior), Management Fee, Reserves, Roof, Water/Sewer",CommuniTAS,Monthly,,,,,,,,,
MLS Listing,,Multi-Family (5+ Unit),2036 Klamath Ave,Santa Clara,CA,95051,3650000,15.0,14.0,SANTA CLARA,7854.0,11534.0,1970.0,2.0,465.0,,Active,,,https://www.redfin.com/CA/Santa-Clara/2036-Klamath-Ave-95051/home/646493,MLSListings,ML81943477,N,Y,37.3593203,-121.9972054,Carport,,,Central Forced Air,Forced Air,"Individual Electric Meters, Individual Gas Meters",,7,6,8,2.0,465.0,,25808.0,71,Very bikeable,69,Somewhat walkable,38,Some transit,Severe,Minimal,Major,Minimal,"Places4 groceries, 37 restaurants, 4 parksTransit20, 21, 22, 53, 56, 57, ACE Gray, L1, L2, L3, L6, Rapid 522","Sep 29, 2023",Relisted (Active)MLSListings #ML81943477,NA,https://www.redfin.com/CA/Santa-Clara/2036-Klamath-Ave-95051/home/646493,,,,"Sep 29, 2023",Listing RemovedMLSListings #ML81943477,NA,"Sep 28, 2023",Listed (Active)MLSListings #ML81943477,3650000.0,"Jun 9, 2016",Pending (Pending (Do Not Show))MLSListings #ML81585272,NA,"May 12, 2016",Listed (Active)MLSListings #ML81585272,3465000.0,,,,,,,,,,,,
MLS Listing,,Townhouse,2915 Corvin Dr #161,Santa Clara,CA,95051,1658888,4.0,4.5,SANTA CLARA,2005.0,690.0,2021.0,2.0,827.0,320.0,Active,October-1-2023 02:00 PM,October-1-2023 05:00 PM,https://www.redfin.com/CA/Santa-Clara/2915-Corvin-Dr-95051/unit-161/home/176523264,MLSListings,ML81943376,N,Y,37.3750467,-121.987648,"Attached Garage, Common Parking Area, Off-Street Parking","Breakfast Nook, Dining Area",Inside,"Central Forced Air, Multi-Zone","Central Forced Air (Gas), Heating (2+ Zones)",Public Utilities,3.0,5,6,8,2.5,827.0,,12049.0,62,Bikeable,36,Car-dependent,37,Some transit,Minimal,NA,Major,Minimal,"Places3 groceries, 37 restaurants, 0 parksTransit20, 21, 55, 57, 59, ACE Gray, ACE Green, ACE Yellow, Express 121, L1, L2, L3, L6, School 255","Sep 28, 2023",Listed (Active)MLSListings #ML81943376,1658888.0,https://www.redfin.com/CA/Santa-Clara/2915-Corvin-Dr-95051/unit-161/home/176523264,2.0,"Double Sinks, Full on Ground Floor, Updated Bath(s)",,,,,,,,,,,,,,"Insurance (Common Area), Landscaping/Gardening, Maintenance (Common Area), Management Fee, Roof",One Lawrence Station,Monthly,,,,,,,,,
MLS Listing,,Condo/Co-op,2201 Monroe St #608,Santa Clara,CA,95050,600000,2.0,1.0,SANTA CLARA,853.0,,1978.0,3.0,703.0,414.0,Active,October-7-2023 01:30 PM,October-7-2023 04:30 PM,https://www.redfin.com/CA/Santa-Clara/2201-Monroe-St-95050/unit-608/home/1224868,MLSListings,ML81940866,N,Y,37.3625928,-121.9601533,"Carport, Guest/Visitor Parking","Dining Area in Living Room, No Formal Dining Room","Electricity Hookup (110V), Electricity Hookup (220V), In Utility Room, Inside",,Central Forced Air,Public Utilities,1.0,3,5,7,2.5,703.0,606070.0,4656.0,79,Very bikeable,62,Somewhat walkable,33,Some transit,Moderate,Minimal,Major,Minimal,"Places8 groceries, 22 restaurants, 5 parksTransit21, 22, 53, 57, 59, 60, ACE Yellow, Rapid 522","Sep 27, 2023",Listed (Active)MLSListings #ML81940866,600000.0,https://www.redfin.com/CA/Santa-Clara/2201-Monroe-St-95050/unit-608/home/1224868,,Shower and Tub,"Laminate, Wood","May 31, 2001",Listing RemovedMLSListings #ML80122862,NA,"Apr 25, 2001",ListedMLSListings #ML80122862,289950.0,,,,,,,"Garbage, Landscaping/Gardening, Maintenance (Common Area), Pools, Spa, or Tennis",Courtyard Santa Clara,Monthly,,,,,,,,,
MLS Listing,,Condo/Co-op,1400 Bowe Ave #507,Santa Clara,CA,95051,795000,2.0,2.0,Santa Clara,1062.0,1059.0,1984.0,3.0,749.0,652.0,Active,October-1-2023 01:00 PM,October-1-2023 03:00 PM,https://www.redfin.com/CA/Santa-Clara/1400-Bowe-Ave-95051/unit-507/home/691768,San Francisco MLS,423900426,N,Y,37.3502931,-121.9736544,,,,,Central,,,7,6,7,,749.0,,6273.0,58,Bikeable,64,Somewhat walkable,45,Some transit,Minimal,Minimal,Major,Minimal,"Places0 groceries, 33 restaurants, 2 parksTransit21, 22, 53, 57, 59, ACE Yellow, Rapid 522","Sep 27, 2023",Listed (Active)San Francisco MLS #423900426,795000.0,https://www.redfin.com/CA/Santa-Clara/1400-Bowe-Ave-95051/unit-507/home/691768,,,Carpet,,,,,,,,,,,,,,,,,,,,,,,,
MLS Listing,,Townhouse,2970 Roma Ct,Santa Clara,CA,95051,1299000,3.0,2.0,SANTA CLARA,1211.0,,1971.0,3.0,1073.0,435.0,Active,October-1-2023 01:30 PM,October-1-2023 04:30 PM,https://www.redfin.com/CA/Santa-Clara/2970-Roma-Ct-95051/home/742693,MLSListings,ML81943314,N,Y,37.325709,-121.9793362,Attached Garage,Dining Area,"In Garage, Inside",Window/Wall Unit,Central Forced Air (Gas),Public Utilities,2.0,9,8,9,2.5,1073.0,1502924.0,9620.0,71,Very bikeable,74,Very walkable,43,Some transit,Moderate,Minimal,Major,Minimal,"Places7 groceries, 30 restaurants, 3 parksTransit22, 23, 25, 53, 57, 59, Express 101, Rapid 522, Rapid 523","Sep 27, 2023",Listed (Active)MLSListings #ML81943314,1299000.0,https://www.redfin.com/CA/Santa-Clara/2970-Roma-Ct-95051/home/742693,2.0,,,"Jun 30, 2006",Listing RemovedMLSListings #ML80637983,NA,"Jun 21, 2006",ListedMLSListings #ML80637983,615000.0,,,,,,,"Garbage, Maintenance (Common Area), Maintenance (Exterior), Pools, Spa, or Tennis, Recreation Facility, Roof, Water",Park Villas Forest Park,Monthly,,,,,,,,,
MLS Listing,,Single Family Residential,1226 Lincoln St,Santa Clara,CA,95050,1598000,3.0,2.0,SANTA CLARA,1710.0,6160.0,1913.0,3.0,935.0,,Active,October-1-2023 12:00 PM,October-1-2023 03:00 PM,https://www.redfin.com/CA/Santa-Clara/1226-Lincoln-St-95050/home/715322,MLSListings,ML81943308,N,Y,37.3492807,-121.9531547,"Covered Parking, Detached, On Street",Dining Area in Family Room,,Central Forced Air,Forced Air,"Natural Gas, Public Utilities",1.0,5,5,7,2.5,935.0,1603386.0,11299.0,82,Very bikeable,86,Very walkable,49,Some transit,Minimal,Minimal,Major,Minimal,"Places2 groceries, 27 restaurants, 2 parksTransit21, 22, 53, 59, 60, ACE, ACETrain, BusBridge Caltrain (MPK-SCL)), CC, L1, L2, L4, L5, L6, Rapid 522","Sep 27, 2023",Listed (Active)MLSListings #ML81943308,1598000.0,https://www.redfin.com/CA/Santa-Clara/1226-Lincoln-St-95050/home/715322,2.0,,,,,,,,,,,,,,,,,,,,,,,,,,
MLS Listing,,Single Family Residential,3212 Loma Alta Dr,Santa Clara,CA,95051,1999950,4.0,2.0,SANTA CLARA,1700.0,10795.0,1963.0,3.0,1176.0,,Active,October-1-2023 01:00 PM,October-1-2023 04:00 PM,https://www.redfin.com/CA/Santa-Clara/3212-Loma-Alta-Dr-95051/home/1765625,MLSListings,ML81941906,N,Y,37.3437753,-121.9849227,Attached Garage,"Dining Area, Eat in Kitchen","Dryer, In Garage, Washer",Ceiling Fan,Central Forced Air,Public Utilities,2.0,7,6,7,2.5,1176.0,2176445.0,14141.0,57,Bikeable,51,Somewhat walkable,40,Some transit,Minimal,Minimal,Major,Minimal,"Places3 groceries, 21 restaurants, 4 parksTransit21, 22, 23, 53, 57, 59, Rapid 522, Rapid 523","Sep 27, 2023",Listed (Active)MLSListings #ML81941906,1999950.0,https://www.redfin.com/CA/Santa-Clara/3212-Loma-Alta-Dr-95051/home/1765625,2.0,"Primary (Stall Shower(s)), Shower Over Tub","Carpet, Hardwood, Tile",,,,,,,,,,,,,,,,,,,,,,,,
MLS Listing,,Townhouse,1316 Karina Way,Santa Clara,CA,95051,1329000,3.0,2.5,SANTA CLARA,1845.0,1750.0,1978.0,3.0,720.0,582.0,Active,October-1-2023 01:00 PM,October-1-2023 04:00 PM,https://www.redfin.com/CA/Santa-Clara/1316-Karina-Way-95051/home/1683448,MLSListings,ML81943260,N,Y,37.3489778,-121.9986934,Attached Garage,Dining Area,,Central Forced Air,Central Forced Air (Gas),Public Utilities,2.0,8,6,8,2.5,720.0,1449596.0,9979.0,66,Bikeable,75,Very walkable,41,Some transit,Moderate,Minimal,Major,Minimal,"Places4 groceries, 32 restaurants, 3 parksTransit21, 22, 23, 53, 56, 57, ACE Gray, Express 101, L1, L2, L3, L6, Rapid 522","Sep 27, 2023",Listed (Active)MLSListings #ML81943260,1329000.0,https://www.redfin.com/CA/Santa-Clara/1316-Karina-Way-95051/home/1683448,2.0,Half on Ground Floor,"Carpet, Tile, Vinyl/Linoleum",,,,,,,,,,,,,"Common Area Electricity, Common Area Gas, Insurance, Landscaping/Gardening, Maintenance (Common Area), Recreation Facility, Reserves",Casa Del Valle  HOA,,,,,,,,,,
MLS Listing,,Single Family Residential,3486 Flora Vista Ave,Santa Clara,CA,95051,1638000,4.0,3.0,SANTA CLARA,1623.0,5831.0,1954.0,3.0,1009.0,,Active,October-1-2023 12:00 PM,October-1-2023 04:00 PM,https://www.redfin.com/CA/Santa-Clara/3486-Flora-Vista-Ave-95051/home/1247717,MLSListings,ML81943257,N,Y,37.354832,-121.9924746,"Attached Garage, Gate/Door Opener","Dining Area in Living Room, Eat in Kitchen",In Garage,,Forced Air,Public Utilities,2.0,5,6,8,2.5,1009.0,1895999.0,11582.0,67,Bikeable,89,Very walkable,42,Some transit,Minimal,Minimal,Major,Minimal,"Places8 groceries, 32 restaurants, 4 parksTransit21, 22, 53, 56, 57, ACE Gray, L1, L2, L3, L6, Rapid 522","Sep 27, 2023",Listed (Active)MLSListings #ML81943257,1638000.0,https://www.redfin.com/CA/Santa-Clara/3486-Flora-Vista-Ave-95051/home/1247717,2.0,"Primary (Stall Shower(s)), Shower Over Tub, Solid Surface, 2+ Stall Shower, Tile, Updated Bath(s)","Carpet, Laminate",,,,,,,,,,,,,,,,,,,,,,,,
MLS Listing,,Single Family Residential,2647 Phillips Ave,Santa Clara,CA,95051,2049000,3.0,2.0,SANTA CLARA,1462.0,5814.0,1956.0,3.0,1402.0,,Active,October-1-2023 01:30 PM,October-1-2023 04:30 PM,https://www.redfin.com/CA/Santa-Clara/2647-Phillips-Ave-95051/home/1357304,MLSListings,ML81943240,N,Y,37.34873,-121.9747047,"Attached Garage, Electric Car Hookup, On Street","Breakfast Bar, Dining Area, Eat in Kitchen","Electricity Hookup (220V), Inside",Central Forced Air,Central Forced Air (Gas),Public Utilities,1.0,7,6,7,2.5,1402.0,2084486.0,14488.0,57,Bikeable,52,Somewhat walkable,45,Some transit,Moderate,Minimal,Major,Minimal,"Places0 groceries, 30 restaurants, 5 parksTransit21, 22, 53, 57, 59, ACE Yellow, Rapid 522","Sep 27, 2023",Listed (Active)MLSListings #ML81943240,2049000.0,https://www.redfin.com/CA/Santa-Clara/2647-Phillips-Ave-95051/home/1357304,2.0,"Double Sinks, Primary (Stall Shower(s)), Shower and Tub, Tile, Updated Bath(s)","Hardwood, Tile",,,,,,,,,,,,,,,,,,,,,,,,
MLS Listing,,Single Family Residential,732 Pritchard Ct,Santa Clara,CA,95051,2398000,6.0,4.5,SANTA CLARA,3139.0,5240.0,1955.0,4.0,764.0,,Active,October-1-2023 01:30 PM,October-1-2023 04:30 PM,https://www.redfin.com/CA/Santa-Clara/732-Pritchard-Ct-95051/home/1515284,MLSListings,ML81943203,N,Y,37.3367711,-121.9748157,Attached Garage,Formal Dining Room,"Tub/Sink, Upper Floor","Central Forced Air, Multi-Zone","Central Forced Air, Heating (2+ Zones)",Public Utilities,2.0,9,5,7,2.5,764.0,2426285.0,16955.0,87,Very bikeable,76,Very walkable,35,Some transit,Minimal,Minor,Major,Minimal,"Places2 groceries, 15 restaurants, 6 parksTransit22, 23, 53, 57, 59, 60, Rapid 522, Rapid 523","Sep 26, 2023",Listed (Active)MLSListings #ML81943203,2398000.0,https://www.redfin.com/CA/Santa-Clara/732-Pritchard-Ct-95051/home/1515284,2.0,,Hardwood,,,,,,,,,,,,,,,,,,,,,,,,
MLS Listing,,Condo/Co-op,3725 Terstena Pl #141,Santa Clara,CA,95051,649000,2.0,1.0,SANTA CLARA,912.0,,1986.0,4.0,712.0,689.0,Active,,,https://www.redfin.com/CA/Santa-Clara/3725-Terstena-Pl-95051/unit-141/home/1773359,MLSListings,ML81943163,N,Y,37.3584218,-121.999683,"Assigned Spaces, Guest/Visitor Parking, No Garage, Parking Area, Uncovered Parking, Underground Parking","Dining Area in Living Room, No Informal Dining Room","Inside, Washer/Dryer",Central Forced Air,Central Forced Air,Public Utilities,1.0,7,6,8,2.5,712.0,653848.0,5278.0,70,Very bikeable,64,Somewhat walkable,38,Some transit,NA,NA,NA,NA,"Places4 groceries, 38 restaurants, 1 parkTransit20, 21, 22, 53, 56, 57, ACE Gray, L1, L2, L3, L6, Rapid 522","Sep 26, 2023",Listed (Active)MLSListings #ML81943163,649000.0,https://www.redfin.com/CA/Santa-Clara/3725-Terstena-Pl-95051/unit-141/home/1773359,,Shower Over Tub,,"May 22, 2014",Pending (Pending (Do Not Show))MLSListings #ML81416656,NA,"May 14, 2014",Listed (Active)MLSListings #ML81416656,425000.0,,,,,,,"Common Area Electricity, Common Area Gas, Maintenance (Common Area), Maintenance (Exterior), Management Fee, Pools, Spa, or Tennis, Recreation Facility, Roof, Sewer, Water",MIRAMAR TERRACE HOA,,,,,,,,,,
MLS Listing,,Single Family Residential,10080 Judy Ave,Cupertino,CA,95014,4850000,5.0,4.5,CUPERTINO,3779.0,9375.0,2023.0,4.0,1283.0,,Active,,,https://www.redfin.com/CA/Cupertino/10080-Judy-Ave-95014/home/794599,MLSListings,ML81943132,N,Y,37.3217344,-122.0052228,Attached Garage,Dining Area in Family Room,,Central Forced Air,Central Forced Air,Public Utilities,1.0,9,8,9,2.5,1283.0,4861940.0,34293.0,77,Very bikeable,62,Somewhat walkable,42,Some transit,Minimal,Minimal,Moderate,Minimal,"Places1 grocery, 40 restaurants, 5 parksTransit23, 25, 51, 53, 55, 56, Express 101, Rapid 523","Sep 26, 2023",Listed (Active)MLSListings #ML81943132,4850000.0,https://www.redfin.com/CA/Cupertino/10080-Judy-Ave-95014/home/794599,2.0,,Hardwood,"Jul 28, 2022",ListedMLSListings #ML81901911,2500000.0,,,,,,,,,,,,,,,,,,,,,
MLS Listing,,Single Family Residential,2991 Monroe St,Santa Clara,CA,95051,1250000,4.0,2.0,SANTA CLARA,1095.0,5880.0,1958.0,6.0,1142.0,,Active,October-1-2023 01:00 PM,October-1-2023 04:00 PM,https://www.redfin.com/CA/Santa-Clara/2991-Monroe-St-95051/home/1576616,MLSListings,ML81943019,N,Y,37.3643139,-121.981191,"Attached Garage, Gate/Door Opener, Off-Street Parking, On Street",Dining Area in Living Room,"Hookup (Gas Dryer), In Garage, Washer/Dryer","Ceiling Fan, Window/Wall Unit","Gas, Wall Furnace",Public Utilities,1.0,5,6,8,3.0,1142.0,1379190.0,8838.0,64,Bikeable,48,Car-dependent,35,Some transit,Minimal,Minimal,Major,Minimal,"Places3 groceries, 29 restaurants, 4 parksTransit20, 21, 22, 57, 59, ACE Gray, ACE Yellow, L1, L2, L3, L6, Rapid 522","Sep 24, 2023",Listed (Active)MLSListings #ML81943019,1250000.0,https://www.redfin.com/CA/Santa-Clara/2991-Monroe-St-95051/home/1576616,2.0,"Primary (Stall Shower(s)), Shower Over Tub","Carpet, Hardwood, Vinyl/Linoleum",,,,,,,,,,,,,,,,,,,,,,,,
MLS Listing,,Multi-Family (2-4 Unit),,Santa Clara,CA,95050,1699000,4.0,3.0,SANTA CLARA,2012.0,6718.0,1957.0,9.0,844.0,,Active,,,https://www.redfin.com/CA/Santa-Clara/Harrison-St-95050/home/1075506,MLSListings,ML81942788,N,Y,37.34949,-121.953971,"Carport, Off-Street Parking",,,Window/Wall Unit,Wall Furnace,"Individual Electric Meters, Individual Gas Meters, Public Utilities",1.0,5,5,7,2.0,844.0,1698780.0,12013.0,78,Very bikeable,83,Very walkable,49,Some transit,Minimal,Minimal,Major,Minimal,"Places3 groceries, 26 restaurants, 2 parksTransit21, 22, 53, 59, 60, ACE, ACETrain, BusBridge Caltrain (MPK-SCL)), CC, L1, L2, L4, L5, L6, Rapid 522","Sep 21, 2023",Listed (Active)MLSListings #ML81942788,1699000.0,https://www.redfin.com/CA/Santa-Clara/Harrison-St-95050/home/1075506,,,"Laminate, Vinyl/Linoleum",,,,,,,,,,,,,,,,,,,,,,,,
MLS Listing,,Townhouse,3001 Kaiser Dr Unit D,Santa Clara,CA,95051,949000,3.0,2.5,SANTA CLARA,1420.0,,1971.0,9.0,668.0,634.0,Active,October-1-2023 02:00 PM,October-1-2023 04:30 PM,https://www.redfin.com/CA/Santa-Clara/3001-Kaiser-Dr-95051/unit-D/home/1082894,MLSListings,ML81942778,N,Y,37.3420956,-121.9811466,"Carport, Unassigned Spaces","Dining Area in Living Room, Eat in Kitchen","Inside, Washer/Dryer",,"Electric, Radiant",Public Utilities,2.0,7,6,7,2.5,668.0,1030096.0,7344.0,62,Bikeable,54,Somewhat walkable,40,Some transit,Minimal,Minimal,Major,Minimal,"Places1 grocery, 18 restaurants, 7 parksTransit21, 22, 23, 53, 57, 59, Rapid 522, Rapid 523","Sep 21, 2023",Listed (Active)MLSListings #ML81942778,949000.0,https://www.redfin.com/CA/Santa-Clara/3001-Kaiser-Dr-95051/unit-D/home/1082894,,,,"Feb 23, 2004",Listing RemovedMLSListings #ML80371485,NA,"Jan 12, 2004",ListedMLSListings #ML80371485,345980.0,,,,,,,"Garbage, Gas, Hot Water, Insurance (Hazard), Maintenance (Common Area), Pools, Spa, or Tennis, Reserves, Water",Woodsborough Home Association,Monthly,,,,,,,,,
MLS Listing,,Multi-Family (2-4 Unit),1232 Normandy Way,Santa Clara,CA,95050,1498000,4.0,2.0,SANTA CLARA,1857.0,6964.0,1959.0,9.0,807.0,,Active,,,https://www.redfin.com/CA/Santa-Clara/1232-Normandy-Way-95050/home/1011482,MLSListings,ML81942776,N,Y,37.3382215,-121.9420226,"Carport, Covered Parking, On Street",,Hookups Only,,Central Forced Air,Public Utilities,1.0,6,5,7,2.5,807.0,1495352.0,10592.0,80,Very bikeable,71,Very walkable,40,Some transit,Major,Minimal,Major,Minimal,"Places3 groceries, 22 restaurants, 3 parksTransit21, 22, 23, 53, 59, 60, 61, ACE, ACETrain, BusBridge Caltrain (MPK-SCL)), CC, L1, L2, L4, L5, L6, Rapid 522, Rapid 523","Sep 21, 2023",Listed (Active)MLSListings #ML81942776,1498000.0,https://www.redfin.com/CA/Santa-Clara/1232-Normandy-Way-95050/home/1011482,,,"Carpet, Hardwood, Vinyl/Linoleum",,,,,,,,,,,,,,,,,,,,,,,,
MLS Listing,,Multi-Family (2-4 Unit),3271-3273 Rustic Dr,Santa Clara,CA,95051,1598750,4.0,2.0,SANTA CLARA,1762.0,9111.0,1960.0,9.0,907.0,,Active,October-1-2023 01:00 PM,October-1-2023 04:00 PM,https://www.redfin.com/CA/Santa-Clara/3271-Rustic-Dr-95051/home/1594074,MLSListings,ML81939658,N,Y,37.34276,-121.986534,"Attached Garage, On Street, Room for Oversized Vehicle",,,Ceiling Fan,Central Forced Air,Public Utilities,1.0,7,6,7,2.5,907.0,1580315.0,11304.0,61,Bikeable,44,Car-dependent,37,Some transit,Minimal,Minimal,Major,Minimal,"Places4 groceries, 21 restaurants, 4 parksTransit21, 22, 23, 53, 57, 59, Express 101, Rapid 522, Rapid 523","Sep 29, 2023",Relisted (Active)MLSListings #ML81939658,NA,https://www.redfin.com/CA/Santa-Clara/3271-Rustic-Dr-95051/home/1594074,2.0,,Laminate,"Sep 1, 2023",Pending (Pending (Do Not Show))MLSListings #ML81939658,NA,"Aug 24, 2023",Listed (Active)MLSListings #ML81939658,1598750.0,,,,,,,,,,,,,,,,,,
MLS Listing,,Single Family Residential,2462 Scanlan Pl,Santa Clara,CA,95050,1699000,3.0,2.0,SANTA CLARA,2104.0,5855.0,1956.0,9.0,808.0,,Active,October-1-2023 01:00 PM,October-1-2023 04:00 PM,https://www.redfin.com/CA/Santa-Clara/2462-Scanlan-Pl-95050/home/1060088,MLSListings,ML81942713,N,Y,37.3380793,-121.9666628,Attached Garage,Dining Area in Living Room,In Garage,Window/Wall Unit,"Radiant, Solar","Public Utilities, Solar Panels - Owned",2.0,5,5,7,2.5,808.0,1712831.0,12013.0,78,Very bikeable,51,Somewhat walkable,33,Some transit,Severe,Minimal,Major,Minimal,"Places4 groceries, 17 restaurants, 10 parksTransit21, 22, 23, 53, 57, 59, 60, Rapid 522, Rapid 523","Sep 21, 2023",Listed (Active)MLSListings #ML81942713,1699000.0,https://www.redfin.com/CA/Santa-Clara/2462-Scanlan-Pl-95050/home/1060088,2.0,"Primary (Stall Shower(s)), Stall Shower","Carpet, Hardwood",,,,,,,,,,,,,,,,,,,,,,,,
MLS Listing,,Condo/Co-op,4681 Albany Cir #132,San Jose,CA,95129,588000,1.0,1.0,SAN JOSE,813.0,,1982.0,9.0,723.0,558.0,Active,October-1-2023 02:00 PM,October-1-2023 04:00 PM,https://www.redfin.com/CA/San-Jose/4681-Albany-Cir-95129/unit-132/home/1464930,MLSListings,ML81942709,N,Y,37.3216877,-121.9856113,"Common Parking Area, Covered Parking, Gate/Door Opener, Guest/Visitor Parking",Dining Area in Living Room,"Inside, Washer/Dryer",Central Forced Air,Central Forced Air,Public Utilities,1.0,9,8,9,2.5,723.0,590547.0,4716.0,63,Bikeable,73,Very walkable,41,Some transit,Minimal,Minimal,Moderate,Minimal,"Places4 groceries, 28 restaurants, 2 parksTransit23, 25, 53, 57, 59, Express 101, Rapid 523","Sep 21, 2023",Listed (Active)MLSListings #ML81942709,588000.0,https://www.redfin.com/CA/San-Jose/4681-Albany-Cir-95129/unit-132/home/1464930,1.0,"Shower Over Tub, Solid Surface",Carpet,"Apr 28, 1999",Listing RemovedMLSListings #ML89911947,NA,"Mar 23, 1999",ListedMLSListings #ML89911947,144888.0,,,,,,,"Common Area Electricity, Exterior Painting, Fencing, Garbage, Pools, Spa, or Tennis, Roof, Water",The Plaza Homeowners Association,Monthly,,,,,,,,,
MLS Listing,,Condo/Co-op,1883 Agnew Rd #439,Santa Clara,CA,95054,869999,2.0,2.0,,1070.0,435.0,2006.0,9.0,813.0,441.0,Active,October-1-2023 01:00 PM,October-1-2023 04:00 PM,https://www.redfin.com/CA/Santa-Clara/1883-Agnew-Rd-95054/unit-439/home/12179365,"bridgeMLS, Bay East AOR, or Contra Costa AOR",41039191,N,Y,37.3957556,-121.9582914,,,,Central Air,Forced Air,,,NA,NA,7,2.5,813.0,882052.0,6592.0,74,Very bikeable,58,Somewhat walkable,36,Some transit,NA,NA,NA,NA,"Places2 groceries, 25 restaurants, 7 parksTransit20, 200, 57, 59, ACE, ACE Brown, ACE Gray, ACE Green, ACE Orange, ACE Purple, ACE Red, ACE Violet, ACE Yellow, ACETrain, BB (Oct23), BB (Sep23), Blue (Civc-Bayp), Blue Line, Blue Line (Blos-Trsa), Blue Line Modified, Blue Line Special, Blue-Event, Blue-North Portion, BlueBB (9/1/23-9/14/23), BlueN, BusBridge (5/22-6/4), BusBridge (6/18-6/27), BusBridge (6/18-6/29), BusBridge (7/6-7/18), BusBridge (7/6-7/19), BusBridge (7/6-7/21), BusBridge (Bypt-Civc), BusBridge (Bypt-Foak), CC, Event Blue, Event Green, Event Orange, Event Special, Event-Blue, Event-Green, Event-Orange, Event-Special, Express 121, Green (Civc-OldI), Green Line, Green Line Modified, Green Line Special, Green-Event, Green-North Portion, GreenN, Levi's - Alum Rock, Levi's - Mtn View, Levi's - Santa Teresa, Levi's - Winchester, Light Rail Special, Orange Line, Orange Line Modified, Orange Line Special, Orange-Event, Orange-West Portion, OrangeW, Special Event","Sep 21, 2023","Listed (New)bridgeMLS, Bay East AOR, or Contra Costa AOR #41039191",869999.0,https://www.redfin.com/CA/Santa-Clara/1883-Agnew-Rd-95054/unit-439/home/12179365,2.0,,"Tile, Carpet",,,,,,,,,,,,,,,,,,,,,,,,
MLS Listing,,Condo/Co-op,151 Buckingham Dr #236,Santa Clara,CA,95051,580000,1.0,1.0,SANTA CLARA,862.0,,1969.0,10.0,673.0,445.0,Active,,,https://www.redfin.com/CA/Santa-Clara/151-Buckingham-Dr-95051/unit-236/home/744794,MLSListings,ML81942596,N,Y,37.3263578,-121.9711275,Covered Parking,"Dining ""L"", Dining Area in Living Room",Community Facility,,Forced Air,"Propane On Site, Public Utilities",1.0,6,NA,6,2.5,673.0,585262.0,4546.0,80,Very bikeable,78,Very walkable,45,Some transit,NA,NA,NA,NA,"Places6 groceries, 30 restaurants, 2 parksTransit23, 25, 53, 57, 59, 60, Rapid 523","Sep 20, 2023",Listed (Active)MLSListings #ML81942596,580000.0,https://www.redfin.com/CA/Santa-Clara/151-Buckingham-Dr-95051/unit-236/home/744794,,"Double Sinks, Shower and Tub, Updated Bath(s)","Laminate, Tile","Jan 10, 2017",Pending (Pending (Do Not Show))MLSListings #ML81629896,NA,"Oct 26, 2016",Listed (Active)MLSListings #ML81629896,439000.0,,,,,,,"Common Area Electricity, Common Area Gas, Decks, Exterior Painting, Fencing, Garbage, Gas, Hot Water, Insurance (Common Area), Landscaping/Gardening, Maintenance (Common Area), Maintenance (Exterior), Management Fee, Pools, Spa, or Tennis, Reserves, Roof, Sewer, Water",Vista Del Lago,Monthly,,,,,,,,,
MLS Listing,,Condo/Co-op,2625 Keystone Ave #206,Santa Clara,CA,95051,695000,2.0,1.5,SANTA CLARA,1065.0,,1978.0,10.0,653.0,586.0,Active,,,https://www.redfin.com/CA/Santa-Clara/2625-Keystone-Ave-95051/unit-206/home/1182201,MLSListings,ML81942054,N,Y,37.3255108,-121.9697285,"Assigned Spaces, Covered Parking, Off-Street Parking","Dining ""L""","Inside, Washer/Dryer",,Electric,Public Utilities,1.0,6,NA,6,2.0,653.0,706695.0,5500.0,81,Very bikeable,80,Very walkable,44,Some transit,Moderate,Minimal,Major,Minimal,"Places6 groceries, 30 restaurants, 1 parkTransit23, 25, 53, 57, 59, 60, Rapid 523","Sep 20, 2023",Listed (Active)MLSListings #ML81942054,695000.0,https://www.redfin.com/CA/Santa-Clara/2625-Keystone-Ave-95051/unit-206/home/1182201,,"Granite, Shower Over Tub",,,,,,,,,,,,,,"Common Area Electricity, Common Area Gas, Garbage, Water",Keystone Greens HOA,Monthly,,,,,,,,,
MLS Listing,,Condo/Co-op,3901 Lick Mill Blvd #112,Santa Clara,CA,95054,725000,1.0,1.0,,900.0,900.0,2005.0,11.0,806.0,414.0,Active,,,https://www.redfin.com/CA/Santa-Clara/3901-Lick-Mill-Blvd-95054/unit-112/home/12177773,"bridgeMLS, Bay East AOR, or Contra Costa AOR",41039478,N,Y,37.3962174,-121.9428996,,,,Central Air,"Electric, Forced Air","Sewer Connected, Cable Available, Natural Gas Available, Individual Gas Meter",,6,5,7,2.5,806.0,757529.0,5540.0,82,Very bikeable,71,Very walkable,43,Some transit,NA,NA,NA,NA,"Places2 groceries, 29 restaurants, 5 parksTransit20, 200, 59, ACE Brown, ACE Purple, ACE Violet, ACE Yellow, BB (Oct23), BB (Sep23), Blue (Civc-Bayp), Blue Line, Blue Line (Blos-Trsa), Blue Line Modified, Blue Line Special, Blue-Event, Blue-North Portion, Blue-South Portion, BlueBB (9/1/23-9/14/23), BlueN, BlueS, BusBridge (5/22-6/4), BusBridge (6/18-6/27), BusBridge (6/18-6/29), BusBridge (7/6-7/18), BusBridge (7/6-7/19), BusBridge (7/6-7/21), BusBridge (Bypt-Civc), BusBridge (Bypt-Foak), Event Blue, Event Green, Event Orange, Event Special, Event-Blue, Event-Green, Event-Orange, Event-Special, Green (Civc-OldI), Green Line, Green Line Modified, Green Line Special, Green-Event, Green-North Portion, Green-South Portion, GreenN, GreenS, Levi's - Alum Rock, Levi's - Mtn View, Levi's - Santa Teresa, Levi's - Winchester, Light Rail Special, Orange Line, Orange Line Modified, Orange Line Special, Orange-East Portion, Orange-Event, OrangeE, Special Event","Sep 29, 2023","Price ChangedbridgeMLS, Bay East AOR, or Contra Costa AOR #41039478",725000.0,https://www.redfin.com/CA/Santa-Clara/3901-Lick-Mill-Blvd-95054/unit-112/home/12177773,,,"Laminate, Vinyl","Sep 19, 2023","Listed (New)bridgeMLS, Bay East AOR, or Contra Costa AOR #41039478",750000.0,,,,,,,,,,,,,,,,,,,,,
MLS Listing,,Multi-Family (2-4 Unit),632-634 Harvard Ave,Santa Clara,CA,95051,2100000,5.0,3.0,SANTA CLARA,2202.0,10404.0,1966.0,11.0,954.0,,Active,October-1-2023 01:00 PM,October-1-2023 04:00 PM,https://www.redfin.com/CA/Santa-Clara/632-Harvard-Ave-95051/home/1117494,MLSListings,ML81942425,N,Y,37.33352,-121.995156,"Attached Garage, Carport, On Street",,,"Ceiling Fan, Other (See Remarks)","Electric, Fireplace","Individual Electric Meters, Individual Gas Meters",1.0,9,5,7,2.5,954.0,2094774.0,14848.0,72,Very bikeable,69,Somewhat walkable,32,Some transit,Minimal,Minimal,Moderate,Minimal,"Places3 groceries, 23 restaurants, 3 parksTransit22, 23, 25, 53, 56, 57, Express 101, Rapid 522, Rapid 523","Sep 19, 2023",Listed (Active)MLSListings #ML81942425,2100000.0,https://www.redfin.com/CA/Santa-Clara/632-Harvard-Ave-95051/home/1117494,2.0,,Laminate,,,,,,,,,,,,,,,,,,,,,,,,
MLS Listing,,Multi-Family (2-4 Unit),2187 Pasetta Dr,Santa Clara,CA,95050,1849888,8.0,4.0,SANTA CLARA,2992.0,6600.0,1962.0,15.0,618.0,,Active,,,https://www.redfin.com/CA/Santa-Clara/2187-Pasetta-Dr-95050/home/1491523,MLSListings,ML81942175,N,Y,37.3643155,-121.9623528,Carport,,Washer/Dryer,Other (See Remarks),Electric,Public Utilities,2.0,6,6,8,2.5,618.0,,13080.0,70,Very bikeable,40,Car-dependent,34,Some transit,Severe,Minimal,Major,Minimal,"Places8 groceries, 18 restaurants, 6 parksTransit20, 21, 22, 53, 57, 59, 60, ACE Yellow, Rapid 522","Sep 15, 2023",Listed (Active)MLSListings #ML81942175,1849888.0,https://www.redfin.com/CA/Santa-Clara/2187-Pasetta-Dr-95050/home/1491523,,,"Hardwood, Tile, Other (See Remarks)","Jun 8, 2020",Pending (Pending (Do Not Show))MLSListings #ML81782134,NA,"Jun 4, 2020",ContingentMLSListings #ML81782134,NA,"Mar 16, 2020",Relisted (Active)MLSListings #ML81782134,NA,"Feb 16, 2020",ContingentMLSListings #ML81782134,NA,,,,"Feb 10, 2020",Listed (Active)MLSListings #ML81782134,1700000.0,,,,,,
MLS Listing,,Single Family Residential,761 San Miguel Ave,Santa Clara,CA,95050,1788000,4.0,2.5,SANTA CLARA,1954.0,6510.0,1954.0,16.0,915.0,,Active,,,https://www.redfin.com/CA/Santa-Clara/761-San-Miguel-Ave-95050/home/1357541,MLSListings,ML81941970,N,Y,37.3406898,-121.965041,"Detached, On Street, Room for Oversized Vehicle","Dining Area in Living Room, Eat in Kitchen",In Utility Room,"Ceiling Fan, Central Forced Air",Forced Air,Public Utilities,1.0,5,5,7,2.5,915.0,1797663.0,12642.0,84,Very bikeable,73,Very walkable,38,Some transit,Severe,Minimal,Major,Minimal,"Places4 groceries, 14 restaurants, 6 parksTransit21, 22, 23, 53, 57, 59, 60, Rapid 522, Rapid 523","Sep 27, 2023",Price ChangedMLSListings #ML81941970,1788000.0,https://www.redfin.com/CA/Santa-Clara/761-San-Miguel-Ave-95050/home/1357541,2.0,,,"Sep 14, 2023",Listed (Active)MLSListings #ML81941970,1875500.0,,,,,,,,,,,,,,,,,,,,,
MLS Listing,,Condo/Co-op,2380 Homestead Rd #1201,Santa Clara,CA,95050,798000,2.0,1.5,SANTA CLARA,1020.0,,2007.0,17.0,782.0,529.0,Active,October-1-2023 02:00 PM,October-1-2023 04:30 PM,https://www.redfin.com/CA/Santa-Clara/2380-Homestead-Rd-95050/unit-1201/home/12181526,MLSListings,ML81941720,N,Y,37.341382,-121.966099,"Assigned Spaces, Carport",Dining Area,,"Ceiling Fan, Window/Wall Unit","Electric, Individual Room Controls","Individual Electric Meters, Public Utilities",1.0,5,5,7,2.5,782.0,797520.0,6171.0,83,Very bikeable,72,Very walkable,37,Some transit,Major,Minimal,Major,Minimal,"Places4 groceries, 16 restaurants, 5 parksTransit21, 22, 23, 53, 57, 59, 60, Rapid 522, Rapid 523","Sep 13, 2023",Listed (Active)MLSListings #ML81941720,798000.0,https://www.redfin.com/CA/Santa-Clara/2380-Homestead-Rd-95050/unit-1201/home/12181526,1.0,,,,,,,,,,,,,,,"Garbage, Insurance (Common Area), Maintenance (Common Area), Roof, Water/Sewer",2380 Homestead,,,,,,,,,,
MLS Listing,,Townhouse,2323 Villa Pl,Santa Clara,CA,95054,1188000,3.0,2.5,SANTA CLARA,1526.0,1480.0,1990.0,17.0,779.0,250.0,Active,,,https://www.redfin.com/CA/Santa-Clara/2323-Villa-Pl-95054/home/762763,"bridgeMLS, Bay East AOR, or Contra Costa AOR",41038607,N,Y,37.40076,-121.966374,,,,Central Air,Forced Air,,,6,5,7,2.5,779.0,1250044.0,8650.0,72,Very bikeable,42,Car-dependent,48,Some transit,Major,Minimal,Major,Minimal,"Places0 groceries, 24 restaurants, 5 parksTransit20, 200, 55, 57, 59, ACE, ACE Brown, ACE Gray, ACE Green, ACE Orange, ACE Purple, ACE Red, ACE Violet, ACE Yellow, ACETrain, BB (Oct23), Blue Line Special, Blue-Event, BusBridge (6/18-6/27), BusBridge (6/18-6/29), BusBridge (7/6-7/18), BusBridge (7/6-7/19), BusBridge (7/6-7/21), BusBridge (Bypt-Foak), CC, Event Blue, Event Green, Event Orange, Event Special, Event-Blue, Event-Green, Event-Orange, Event-Special, Express 121, Green (Civc-OldI), Green Line, Green Line Modified, Green Line Special, Green-Event, Green-North Portion, GreenN, Levi's - Alum Rock, Levi's - Mtn View, Levi's - Santa Teresa, Levi's - Winchester, Light Rail Special, Orange Line, Orange Line Modified, Orange Line Special, Orange-Event, Orange-West Portion, OrangeW, Special Event","Sep 13, 2023","Listed (New)bridgeMLS, Bay East AOR, or Contra Costa AOR #41038607",1188000.0,https://www.redfin.com/CA/Santa-Clara/2323-Villa-Pl-95054/home/762763,2.0,,"Hardwood, Tile","Dec 19, 2003",Listing RemovedMLSListings #ML80362195,NA,"Nov 11, 2003",ListedMLSListings #ML80362195,429950.0,,,,,,,,,,,,,,,,,,
MLS Listing,,Condo/Co-op,334 Santana Row #325,San Jose,CA,95128,1300000,2.0,1.5,SAN JOSE,1099.0,,2002.0,21.0,1183.0,776.0,Active,,,https://www.redfin.com/CA/San-Jose/334-Santana-Row-95128/unit-325/home/17293121,MLSListings,ML81941407,N,Y,37.3222527,-121.947416,Assigned Spaces,"Dining Area in Living Room, No Formal Dining Room",Washer/Dryer,Central Forced Air,Central Forced Air,"Individual Electric Meters, Individual Gas Meters",2.0,6,NA,6,2.5,1183.0,1293987.0,9968.0,81,Very bikeable,89,Very walkable,50,Good transit,Minimal,Minimal,Major,Minimal,"Places4 groceries, 46 restaurants, 1 parkTransit23, 25, 59, 60, 61, Rapid 523, SCVMC, SCVMC Shuttle","Sep 9, 2023",Listed (Active)MLSListings #ML81941407,1300000.0,https://www.redfin.com/CA/San-Jose/334-Santana-Row-95128/unit-325/home/17293121,1.0,"Double Sinks, Shower Over Tub","Carpet, Laminate","Nov 24, 2019",ListedMLSListings #ML81776366,1150000.0,,,,,,,,,,"Exterior Painting, Garbage, Landscaping/Gardening, Maintenance (Common Area), Maintenance (Exterior), Reserves, Roof",Margo Building,Monthly,,,,,,,,,
MLS Listing,,Condo/Co-op,333 Santana Row #311,San Jose,CA,95128,1300000,2.0,1.5,SAN JOSE,1099.0,,2002.0,22.0,1183.0,767.0,Active,October-1-2023 01:30 PM,October-1-2023 04:30 PM,https://www.redfin.com/CA/San-Jose/333-Santana-Row-95128/unit-311/home/17293052,MLSListings,ML81938396,N,Y,37.3219255,-121.948418,"Gate/Door Opener, Guest/Visitor Parking, Off-Street Parking","Dining Area in Living Room, No Informal Dining Room","Dryer, Washer",Central Forced Air,Forced Air,Public Utilities,2.0,6,NA,6,2.5,1183.0,1288675.0,9959.0,81,Very bikeable,81,Very walkable,50,Good transit,Minimal,Minimal,Major,Minimal,"Places4 groceries, 50 restaurants, 1 parkTransit23, 25, 59, 60, 61, Rapid 523, SCVMC, SCVMC Shuttle","Sep 8, 2023",Listed (Active)MLSListings #ML81938396,1300000.0,https://www.redfin.com/CA/San-Jose/333-Santana-Row-95128/unit-311/home/17293052,1.0,"Shower Over Tub, Tub in Master Bedroom","Concrete, Laminate, Tile",,,,,,,,,,,,,"Hot Water, Landscaping/Gardening, Management Fee, Reserves, Roof, Sewer, Common Area Electricity, Exterior Painting, Garbage, Insurance (Common Area)",DeForest COA/PAS,Monthly,,,,,,,,,
MLS Listing,,Condo/Co-op,2913 Noyce Pl #219,Santa Clara,CA,95051,1398000,2.0,2.0,SANTA CLARA,1440.0,,2022.0,22.0,971.0,326.0,Active,October-1-2023 01:00 PM,October-1-2023 04:00 PM,https://www.redfin.com/CA/Santa-Clara/2913-Noyce-Pl-95051/unit-219/home/181215312,MLSListings,ML81941277,N,Y,37.3752857,-121.9872347,Attached Garage,Dining Area,,Central Forced Air,Central Forced Air,Public Utilities,3.0,5,6,8,2.5,971.0,1392828.0,10211.0,62,Bikeable,36,Car-dependent,37,Some transit,NA,NA,NA,NA,"Places4 groceries, 36 restaurants, 0 parksTransit20, 21, 55, 57, 59, ACE Gray, ACE Green, ACE Yellow, Express 121, L1, L2, L3, L6, School 255","Sep 8, 2023",Listed (Active)MLSListings #ML81941277,1398000.0,https://www.redfin.com/CA/Santa-Clara/2913-Noyce-Pl-95051/unit-219/home/181215312,2.0,,,,,,,,,,,,,,,"Exterior Painting, Insurance (Common Area), Insurance (Hazard), Maintenance (Exterior), Management Fee, Roof",East Lawrence Station Owners Association,Monthly,,,,,,,,,
MLS Listing,,Townhouse,4497 Lafayette St,Santa Clara,CA,95054,1458000,4.0,3.0,SANTA CLARA,1930.0,1038.0,2005.0,22.0,755.0,199.0,Active,October-1-2023 01:00 PM,October-1-2023 04:00 PM,https://www.redfin.com/CA/Santa-Clara/4497-Lafayette-St-95054/home/2125064,MLSListings,ML81940276,N,Y,37.397293,-121.959951,Attached Garage,Dining Area,Washer/Dryer,Central Forced Air,Central Forced Air (Gas),Public Utilities,2.0,NA,NA,7,2.5,755.0,1466918.0,10508.0,75,Very bikeable,58,Somewhat walkable,40,Some transit,Major,Minimal,Major,Minimal,"Places2 groceries, 22 restaurants, 7 parksTransit20, 200, 55, 57, 59, ACE, ACE Brown, ACE Gray, ACE Green, ACE Orange, ACE Purple, ACE Red, ACE Violet, ACE Yellow, ACETrain, BB (Oct23), BB (Sep23), Blue (Civc-Bayp), Blue Line, Blue Line (Blos-Trsa), Blue Line Modified, Blue Line Special, Blue-Event, Blue-North Portion, BlueBB (9/1/23-9/14/23), BlueN, BusBridge (5/22-6/4), BusBridge (6/18-6/27), BusBridge (6/18-6/29), BusBridge (7/6-7/18), BusBridge (7/6-7/19), BusBridge (7/6-7/21), BusBridge (Bypt-Civc), BusBridge (Bypt-Foak), CC, Event Blue, Event Green, Event Orange, Event Special, Event-Blue, Event-Green, Event-Orange, Event-Special, Express 121, Green (Civc-OldI), Green Line, Green Line Modified, Green Line Special, Green-Event, Green-North Portion, GreenN, Levi's - Alum Rock, Levi's - Mtn View, Levi's - Santa Teresa, Levi's - Winchester, Light Rail Special, Orange Line, Orange Line Modified, Orange Line Special, Orange-Event, Orange-West Portion, OrangeW, Special Event","Sep 8, 2023",Listed (Active)MLSListings #ML81940276,1458000.0,https://www.redfin.com/CA/Santa-Clara/4497-Lafayette-St-95054/home/2125064,2.0,"Double Sinks, Full on Ground Floor, Oversized Tub, Primary - Oversized Tub, Primary (Stall Shower(s)), Shower Over Tub, Tile, Updated Bath(s)","Carpet, Laminate","Jul 13, 2018",Pending (Pending (Do Not Show))MLSListings #ML81712211,NA,"Jun 27, 2018",Listed (Active)MLSListings #ML81712211,1349000.0,,,,,,,"Exterior Painting, Insurance (Common Area), Insurance (Liability), Maintenance (Common Area), Maintenance (Exterior), Maintenance (Road), Reserves, Roof",Professional Association Services (PAS),,,,,,,,,,
MLS Listing,,Townhouse,2193 Hogan Dr,Santa Clara,CA,95054,698000,1.0,1.5,SANTA CLARA,961.0,918.0,1981.0,23.0,726.0,250.0,Active,,,https://www.redfin.com/CA/Santa-Clara/2193-Hogan-Dr-95054/home/1290632,MLSListings,ML81941098,N,Y,37.401679,-121.9627556,"Detached, Gate/Door Opener","Breakfast Bar, Dining Area in Family Room","Inside, Washer/Dryer",,Central Forced Air (Gas),Public Utilities,2.0,6,5,7,2.5,726.0,708610.0,5185.0,72,Very bikeable,45,Car-dependent,46,Some transit,Major,Minimal,Major,Minimal,"Places0 groceries, 22 restaurants, 6 parksTransit20, 200, 55, 57, 59, ACE, ACE Brown, ACE Gray, ACE Green, ACE Orange, ACE Purple, ACE Red, ACE Violet, ACE Yellow, ACETrain, BB (Oct23), BB (Sep23), Blue (Civc-Bayp), Blue Line, Blue Line (Blos-Trsa), Blue Line Modified, Blue Line Special, Blue-Event, Blue-North Portion, BlueBB (9/1/23-9/14/23), BlueN, BusBridge (5/22-6/4), BusBridge (6/18-6/27), BusBridge (6/18-6/29), BusBridge (7/6-7/18), BusBridge (7/6-7/19), BusBridge (7/6-7/21), BusBridge (Bypt-Civc), BusBridge (Bypt-Foak), CC, Event Blue, Event Green, Event Orange, Event Special, Event-Blue, Event-Green, Event-Orange, Event-Special, Express 121, Green (Civc-OldI), Green Line, Green Line Modified, Green Line Special, Green-Event, Green-North Portion, GreenN, Levi's - Alum Rock, Levi's - Mtn View, Levi's - Santa Teresa, Levi's - Winchester, Light Rail Special, Orange Line, Orange Line Modified, Orange Line Special, Orange-Event, Orange-West Portion, OrangeW, Special Event","Sep 21, 2023",Price ChangedMLSListings #ML81941098,698000.0,https://www.redfin.com/CA/Santa-Clara/2193-Hogan-Dr-95054/home/1290632,1.0,"Half on Ground Floor, Updated Bath(s)","Carpet, Laminate, Vinyl/Linoleum","Sep 7, 2023",Listed (Active)MLSListings #ML81941098,788888.0,,,,,,,,,,Maintenance (Common Area),Lafayette Corners Townhomes Association,Monthly,,,,,,,,,
MLS Listing,,Condo/Co-op,3578 Rambla Pl #416,Santa Clara,CA,95051,1018000,1.0,1.0,SANTA CLARA,936.0,,2021.0,24.0,1088.0,618.0,Active,,,https://www.redfin.com/CA/Santa-Clara/3578-Rambla-Pl-95051/unit-416/home/173310968,MLSListings,ML81940994,N,Y,37.37516,-121.99491,"Assigned Spaces, Covered Parking, Electric Car Hookup, On Street",Dining Area in Living Room,"Inside, Washer/Dryer",Central Forced Air,Central Forced Air (Gas),Public Utilities,,5,6,8,2.5,1088.0,998530.0,7816.0,71,Very bikeable,53,Somewhat walkable,36,Some transit,NA,NA,NA,NA,"Places2 groceries, 34 restaurants, 1 parkTransit20, 21, 55, 56, 57, ACE Gray, ACE Yellow, L1, L2, L3, L6, School 255","Sep 18, 2023",Price ChangedMLSListings #ML81940994,1018000.0,https://www.redfin.com/CA/Santa-Clara/3578-Rambla-Pl-95051/unit-416/home/173310968,1.0,Double Sinks,,"Sep 6, 2023",Listed (Active)MLSListings #ML81940994,1030000.0,"Nov 25, 2020","PendingbridgeMLS, Bay East AOR, or Contra Costa AOR #40928471",NA,"Nov 7, 2020","Listed (New)bridgeMLS, Bay East AOR, or Contra Costa AOR #40928471",899995.0,,,,"Common Area Electricity, Common Area Gas, Garbage, Insurance (Common Area), Landscaping/Gardening, Maintenance (Common Area), Maintenance (Exterior), Pools, Spa, or Tennis, Recreation Facility, Reserves, Roof",Helsing,,,,,,,,,,
MLS Listing,,Single Family Residential,1722 Loveland Ct,Santa Clara,CA,95050,1595000,4.0,2.5,SANTA CLARA,2094.0,4199.0,1998.0,24.0,762.0,,Active,October-1-2023 01:00 PM,October-1-2023 04:00 PM,https://www.redfin.com/CA/Santa-Clara/1722-Loveland-Ct-95050/home/969681,MLSListings,ML81940580,N,Y,37.3570849,-121.9476888,"Attached Garage, On Street","Dining Area in Living Room, Eat in Kitchen","Inside, Washer/Dryer","Ceiling Fan, Central Forced Air",Central Forced Air (Gas),Public Utilities,2.0,3,5,7,2.5,762.0,1600104.0,11278.0,71,Very bikeable,79,Very walkable,51,Good transit,Minimal,Minimal,Major,Minimal,"Places3 groceries, 21 restaurants, 7 parksTransit21, 22, 53, 59, 60, ACE, ACE Yellow, ACETrain, BusBridge Caltrain (MPK-SCL)), CC, L1, L2, L4, L5, L6, Rapid 522","Sep 18, 2023",Price ChangedMLSListings #ML81940580,1595000.0,https://www.redfin.com/CA/Santa-Clara/1722-Loveland-Ct-95050/home/969681,2.0,,"Carpet, Laminate","Sep 6, 2023",Listed (Active)MLSListings #ML81940580,1688000.0,,,,,,,,,,,,,,,,,,,,,
MLS Listing,,Condo/Co-op,3715 Terstena Pl #312,Santa Clara,CA,95051,849000,2.0,2.0,SANTA CLARA,1360.0,,1982.0,25.0,624.0,775.0,Active,,,https://www.redfin.com/CA/Santa-Clara/3715-Terstena-Pl-95051/unit-312/home/1532317,MLSListings,ML81940727,N,Y,37.3582351,-121.9989378,"Assigned Spaces, Common Parking Area, Covered Parking, Guest/Visitor Parking, Underground Parking","Breakfast Bar, Formal Dining Room","Electricity Hookup (220V), Inside, Washer/Dryer",Central Forced Air,"Central Forced Air, Fireplace",Public Utilities,1.0,7,6,8,2.5,624.0,852768.0,6778.0,71,Very bikeable,66,Somewhat walkable,40,Some transit,Moderate,Minimal,Moderate,Minimal,"Places4 groceries, 38 restaurants, 3 parksTransit20, 21, 22, 53, 56, 57, ACE Gray, L1, L2, L3, L6, Rapid 522","Sep 5, 2023",Listed (Active)MLSListings #ML81940727,849000.0,https://www.redfin.com/CA/Santa-Clara/3715-Terstena-Pl-95051/unit-312/home/1532317,1.0,,"Carpet, Laminate, Vinyl/Linoleum","Dec 19, 2020",Pending (Pending (Do Not Show))MLSListings #ML81821403,NA,"Nov 24, 2020",Listed (Active)MLSListings #ML81821403,849000.0,,,,,,,"Exterior Painting, Fencing, Garbage, Insurance (Common Area), Insurance (Hazard), Landscaping/Gardening, Maintenance (Exterior), Maintenance (Road), Management Fee, Pools, Spa, or Tennis, Recreation Facility, Reserves, Roof, Water, Water/Sewer",Mirimar Terrace HOA,Monthly,,,,,,,,,
MLS Listing,,Condo/Co-op,921 Mountain Ash Ter #8,Sunnyvale,CA,94086,1437879,2.0,2.5,PONDEROSA,1444.0,500.0,2022.0,28.0,996.0,394.0,Active,,,https://www.redfin.com/CA/Sunnyvale/921-Mountain-Ash-Ter-94086/unit-8/home/181234672,"bridgeMLS, Bay East AOR, or Contra Costa AOR",41037935,N,Y,37.354116,-121.951621,,,,Central Air,Forced Air,,,3,5,7,2.5,996.0,1419249.0,10561.0,74,Very bikeable,85,Very walkable,49,Some transit,NA,NA,NA,NA,"Places3 groceries, 25 restaurants, 7 parksTransit21, 22, 53, 59, 60, ACE, ACE Yellow, ACETrain, BusBridge Caltrain (MPK-SCL)), CC, L1, L2, L4, L5, L6, Rapid 522","Sep 19, 2023",Price ChangedNewHomeSource.com #2525628,1437879.0,https://www.redfin.com/CA/Sunnyvale/921-Mountain-Ash-Ter-94086/unit-8/home/181234672,2.0,,,"Sep 2, 2023",Listed (Active)NewHomeSource.com #2525628,1512879.0,"Sep 15, 2023","Price ChangedbridgeMLS, Bay East AOR, or Contra Costa AOR #41037935",1437879.0,"Sep 2, 2023","Listed (New)bridgeMLS, Bay East AOR, or Contra Costa AOR #41037935",1512879.0,,,,,,,,,,,,,,,
MLS Listing,,Condo/Co-op,1077 Alta Mira Dr Unit B,Santa Clara,CA,95051,649950,2.0,2.0,SANTA CLARA,1012.0,,1971.0,29.0,642.0,460.0,Active,October-1-2023 01:00 PM,October-1-2023 04:00 PM,https://www.redfin.com/CA/Santa-Clara/1077-Alta-Mira-Dr-95051/unit-B/home/736326,MLSListings,ML81940614,N,Y,37.346448,-121.994983,"Assigned Spaces, Covered Parking, Guest/Visitor Parking","Dining ""L""","In Utility Room, Washer/Dryer, Other (See Remarks)",Ceiling Fan,Forced Air,Public Utilities,1.0,5,6,7,2.5,642.0,643778.0,5056.0,71,Very bikeable,78,Very walkable,40,Some transit,Moderate,Minimal,Moderate,Minimal,"Places4 groceries, 35 restaurants, 2 parksTransit21, 22, 23, 53, 56, 57, Express 101, L1, L2, L3, L6, Rapid 522, Rapid 523","Sep 19, 2023",Price ChangedMLSListings #ML81940614,649950.0,https://www.redfin.com/CA/Santa-Clara/1077-Alta-Mira-Dr-95051/unit-B/home/736326,,,"Carpet, Laminate, Tile","Sep 3, 2023",Price ChangedMLSListings #ML81940614,679950.0,"Sep 1, 2023",Listed (Active)MLSListings #ML81940614,679970.0,,,,,,,"Common Area Electricity, Common Area Gas, Garbage, Insurance (Common Area), Landscaping/Gardening, Pools, Spa, or Tennis, Water",Monaco HOA,Monthly,,,,,,,,,
MLS Listing,,Multi-Family (2-4 Unit),2480 Karen Dr,Santa Clara,CA,95050,2000000,5.0,4.0,SANTA CLARA,2540.0,7290.0,1960.0,31.0,787.0,,Active,,,https://www.redfin.com/CA/Santa-Clara/2480-Karen-Dr-95050/home/1603911,MLSListings,ML81940305,N,Y,37.3439149,-121.9692398,Attached Garage,,,,Wall Furnace,"Individual Electric Meters, Individual Gas Meters",1.0,5,5,7,2.5,787.0,1923520.0,14141.0,74,Very bikeable,61,Somewhat walkable,40,Some transit,Major,Minimal,Major,Minimal,"Places2 groceries, 20 restaurants, 6 parksTransit21, 22, 23, 53, 57, 59, 60, Rapid 522","Aug 30, 2023",Listed (Active)MLSListings #ML81940305,2000000.0,https://www.redfin.com/CA/Santa-Clara/2480-Karen-Dr-95050/home/1603911,4.0,,,,,,,,,,,,,,,,,,,,,,,,,,
MLS Listing,,Single Family Residential,1149 Scott Blvd,Santa Clara,CA,95050,1599000,3.0,3.5,SANTA CLARA,1764.0,7800.0,1949.0,31.0,906.0,,Active,October-1-2023 01:00 PM,October-1-2023 04:00 PM,https://www.redfin.com/CA/Santa-Clara/1149-Scott-Blvd-95050/home/1763205,MLSListings,ML81940285,N,Y,37.3466528,-121.9589869,Attached Garage,Eat in Kitchen,"Inside, Washer/Dryer",Central Forced Air,Central Forced Air (Gas),Public Utilities,1.0,5,5,7,2.5,906.0,1570589.0,11306.0,76,Very bikeable,87,Very walkable,46,Some transit,Minimal,Minimal,Major,Minimal,"Places5 groceries, 26 restaurants, 2 parksTransit21, 22, 53, 57, 59, 60, Rapid 522","Sep 12, 2023",Price ChangedMLSListings #ML81940285,1599000.0,https://www.redfin.com/CA/Santa-Clara/1149-Scott-Blvd-95050/home/1763205,1.0,"2+ Stall Shower, Tub","Hardwood, Laminate, Tile","Aug 30, 2023",Listed (Active)MLSListings #ML81940285,1499950.0,"Aug 27, 2013",Pending (Pending (Do Not Show))MLSListings #ML81327638,NA,"Aug 8, 2013",Pending (Pending Without Release)MLSListings #ML81327638,NA,"Jul 30, 2013",Listed (Active)MLSListings #ML81327638,718000.0,,,,,,,,,,,,
MLS Listing,,Single Family Residential,2374 Vargas Pl,Santa Clara,CA,95050,2199888,3.0,2.0,SANTA CLARA,2074.0,6432.0,1952.0,33.0,1061.0,,Active,,,https://www.redfin.com/CA/Santa-Clara/2374-Vargas-Pl-95050/home/724230,MLSListings,ML81937217,N,Y,37.3568651,-121.9670183,Attached Garage,Formal Dining Room,Inside,"Ceiling Fan, Central Forced Air",Forced Air,Public Utilities,1.0,3,5,7,2.5,1061.0,2141266.0,15555.0,82,Very bikeable,70,Very walkable,45,Some transit,Severe,Minimal,Major,Minimal,"Places5 groceries, 26 restaurants, 4 parksTransit21, 22, 53, 57, 59, 60, ACE Yellow, Rapid 522","Aug 28, 2023",Listed (Active)MLSListings #ML81937217,2199888.0,https://www.redfin.com/CA/Santa-Clara/2374-Vargas-Pl-95050/home/724230,2.0,"Granite, Primary (Tub w/ Jets)","Laminate, Tile",,,,,,,,,,,,,,,,,,,,,,,,
MLS Listing,,Single Family Residential,2435 Armstrong Pl,Santa Clara,CA,95050,1550000,3.0,2.0,SANTA CLARA,1231.0,6978.0,1956.0,33.0,1259.0,,Active,,,https://www.redfin.com/CA/Santa-Clara/2435-Armstrong-Pl-95050/home/1604042,MLSListings,ML81939764,N,Y,37.3410195,-121.9674404,"Attached Garage, On Street",Eat in Kitchen,In Garage,,"Central Forced Air (Gas), Fireplace",Public Utilities,1.0,5,5,7,2.25,1259.0,1560860.0,10959.0,84,Very bikeable,74,Very walkable,37,Some transit,Major,Minimal,Major,Minimal,"Places4 groceries, 16 restaurants, 7 parksTransit21, 22, 23, 53, 57, 59, 60, Rapid 522, Rapid 523","Aug 28, 2023",Listed (Active)MLSListings #ML81939764,1550000.0,https://www.redfin.com/CA/Santa-Clara/2435-Armstrong-Pl-95050/home/1604042,2.0,"Primary (Stall Shower(s)), Shower and Tub",Hardwood,,,,,,,,,,,,,,,,,,,,,,,,
MLS Listing,,Condo/Co-op,930 Kiely Blvd Unit F,Santa Clara,CA,95051,657000,2.0,2.0,SANTA CLARA,956.0,,1971.0,35.0,687.0,575.0,Active,,,https://www.redfin.com/CA/Santa-Clara/930-Kiely-Blvd-95051/unit-F/home/1594092,MLSListings,ML81939823,N,Y,37.3427143,-121.9782811,Carport,Eat in Kitchen,Coin-Operated,Window/Wall Unit,Baseboard,Public Utilities,1.0,7,6,7,2.5,687.0,656293.0,5220.0,68,Bikeable,69,Somewhat walkable,40,Some transit,Major,Minor,Major,Minimal,"Places1 grocery, 18 restaurants, 6 parksTransit21, 22, 23, 53, 57, 59, Rapid 522, Rapid 523","Sep 13, 2023",Price ChangedMLSListings #ML81939823,657000.0,https://www.redfin.com/CA/Santa-Clara/930-Kiely-Blvd-95051/unit-F/home/1594092,,,,"Sep 8, 2023",Relisted (Active)MLSListings #ML81939823,NA,"Sep 7, 2023",Pending (Pending (Do Not Show))MLSListings #ML81939823,NA,"Aug 25, 2023",Listed (Active)MLSListings #ML81939823,660000.0,"Jul 17, 2012",Pending (Pending (Do Not Show))MLSListings #ML81224236,NA,"Common Area Electricity, Common Area Gas, Exterior Painting, Garbage, Gas, Hot Water, Insurance (Common Area), Insurance (Structure), Landscaping/Gardening, Maintenance (Common Area), Maintenance (Exterior), Management Fee, Pools, Spa, or Tennis, Roof, Security Service, Water",Woodsborough,Monthly,"Jul 10, 2012",Relisted (Active)MLSListings #ML81224236,NA,"Jul 4, 2012",Pending (Pending (Do Not Show))MLSListings #ML81224236,NA,"Jun 27, 2012",Listed (Active)MLSListings #ML81224236,318888.0
MLS Listing,,Single Family Residential,2512 Amethyst Dr,Santa Clara,CA,95051,1899888,5.0,3.0,SANTA CLARA,2040.0,5727.0,1955.0,36.0,931.0,,Active,October-1-2023 02:00 PM,October-1-2023 04:00 PM,https://www.redfin.com/CA/Santa-Clara/2512-Amethyst-Dr-95051/home/1414862,MLSListings,ML81939232,N,Y,37.3679646,-121.9820351,Attached Garage,Dining Area in Living Room,In Garage,Other (See Remarks),Forced Air,Public Utilities,1.0,5,6,8,2.5,931.0,2022736.0,13433.0,62,Bikeable,42,Car-dependent,35,Some transit,Moderate,Minimal,Major,Minimal,"Places6 groceries, 24 restaurants, 5 parksTransit20, 21, 22, 57, 59, ACE Gray, ACE Yellow, L1, L2, L3, L6, Rapid 522","Sep 24, 2023",Price ChangedMLSListings #ML81939232,1899888.0,https://www.redfin.com/CA/Santa-Clara/2512-Amethyst-Dr-95051/home/1414862,1.0,Tile,"Hardwood, Tile","Sep 7, 2023",Price ChangedMLSListings #ML81939232,1999888.0,"Aug 25, 2023",Listed (Active)MLSListings #ML81939232,2199888.0,"Sep 29, 2022",Pending (Pending (Do Not Show))MLSListings #ML81907876,NA,"Sep 19, 2022",Listed (Active)MLSListings #ML81907876,1100000.0,,,,,,,,,,,,
MLS Listing,,Single Family Residential,2421 Monroe St,Santa Clara,CA,95051,1650000,4.0,2.5,SANTA CLARA,1693.0,8456.0,1965.0,36.0,975.0,,Active,October-1-2023 12:00 PM,October-1-2023 02:00 PM,https://www.redfin.com/CA/Santa-Clara/2421-Monroe-St-95051/home/1224656,MLSListings,ML81939868,N,Y,37.3644529,-121.9695064,Attached Garage,Formal Dining Room,Washer/Dryer,Central Forced Air,Central Forced Air,Public Utilities,1.0,5,6,8,2.5,975.0,1743492.0,11667.0,73,Very bikeable,40,Car-dependent,36,Some transit,Major,Minimal,Major,Minimal,"Places4 groceries, 28 restaurants, 5 parksTransit20, 21, 22, 53, 57, 59, ACE Gray, ACE Yellow, Rapid 522","Sep 29, 2023",Price ChangedMLSListings #ML81939868,1650000.0,https://www.redfin.com/CA/Santa-Clara/2421-Monroe-St-95051/home/1224656,2.0,"Shower and Tub, Stall Shower",Granite,"Aug 25, 2023",Listed (Active)MLSListings #ML81939868,1748000.0,"Sep 12, 2016",Pending (Pending (Do Not Show))MLSListings #ML81599121,NA,"Aug 19, 2016",ContingentMLSListings #ML81599121,NA,"Aug 17, 2016",Price ChangedMLSListings #ML81599121,899000.0,,,,"Aug 9, 2016",Listed (Active)MLSListings #ML81599121,999999.0,,,,,,
MLS Listing,,Single Family Residential,3085 Fresno St,Santa Clara,CA,95051,1799000,3.0,2.0,SANTA CLARA,1349.0,7920.0,1948.0,36.0,1334.0,,Active,,,https://www.redfin.com/CA/Santa-Clara/3085-Fresno-St-95051/home/633213,MLSListings,ML81939484,N,Y,37.3502071,-121.9818352,"Detached, Parking Area",Formal Dining Room,,Central Forced Air,Central Forced Air,Public Utilities,1.0,5,6,7,2.5,1334.0,1881661.0,12720.0,68,Bikeable,82,Very walkable,45,Some transit,Minimal,Minimal,Moderate,Minimal,"Places3 groceries, 32 restaurants, 0 parksTransit21, 22, 53, 57, ACE Gray, ACE Yellow, Rapid 522","Aug 25, 2023",Listed (Active)MLSListings #ML81939484,1799000.0,https://www.redfin.com/CA/Santa-Clara/3085-Fresno-St-95051/home/633213,,"Dual Flush Toilet, Full on Ground Floor, Primary (Stall Shower(s)), Stall Shower, Updated Bath(s)","Laminate, Tile","Feb 21, 2019",Pending (Pending (Do Not Show))MLSListings #ML81721253,NA,"Feb 19, 2019",Relisted (Active)MLSListings #ML81721253,NA,"Feb 1, 2019",Pending (Pending (Do Not Show))MLSListings #ML81721253,NA,"Oct 11, 2018",Price ChangedMLSListings #ML81721253,1399950.0,,,,"Sep 24, 2018",Price ChangedMLSListings #ML81721253,1499950.0,"Sep 5, 2018",Listed (Active)MLSListings #ML81721253,1599888.0,,,
MLS Listing,,Condo/Co-op,1883 Agnew Rd #445,Santa Clara,CA,95054,858000,2.0,2.0,SANTA CLARA,1070.0,,2006.0,37.0,802.0,441.0,Active,,,https://www.redfin.com/CA/Santa-Clara/1883-Agnew-Rd-95054/unit-445/home/12179367,MLSListings,ML81939753,N,Y,37.3957556,-121.9582914,"Assigned Spaces, Covered Parking, Gate/Door Opener, Guest/Visitor Parking",Dining Area in Living Room,"Inside, Washer/Dryer",Central Forced Air,Central Forced Air,"Individual Electric Meters, Individual Gas Meters, Public Utilities",1.0,NA,NA,7,2.5,802.0,857694.0,6508.0,74,Very bikeable,58,Somewhat walkable,36,Some transit,NA,NA,NA,NA,"Places2 groceries, 25 restaurants, 7 parksTransit20, 200, 57, 59, ACE, ACE Brown, ACE Gray, ACE Green, ACE Orange, ACE Purple, ACE Red, ACE Violet, ACE Yellow, ACETrain, BB (Oct23), BB (Sep23), Blue (Civc-Bayp), Blue Line, Blue Line (Blos-Trsa), Blue Line Modified, Blue Line Special, Blue-Event, Blue-North Portion, BlueBB (9/1/23-9/14/23), BlueN, BusBridge (5/22-6/4), BusBridge (6/18-6/27), BusBridge (6/18-6/29), BusBridge (7/6-7/18), BusBridge (7/6-7/19), BusBridge (7/6-7/21), BusBridge (Bypt-Civc), BusBridge (Bypt-Foak), CC, Event Blue, Event Green, Event Orange, Event Special, Event-Blue, Event-Green, Event-Orange, Event-Special, Express 121, Green (Civc-OldI), Green Line, Green Line Modified, Green Line Special, Green-Event, Green-North Portion, GreenN, Levi's - Alum Rock, Levi's - Mtn View, Levi's - Santa Teresa, Levi's - Winchester, Light Rail Special, Orange Line, Orange Line Modified, Orange Line Special, Orange-Event, Orange-West Portion, OrangeW, Special Event","Aug 24, 2023",Listed (Active)MLSListings #ML81939753,858000.0,https://www.redfin.com/CA/Santa-Clara/1883-Agnew-Rd-95054/unit-445/home/12179367,2.0,"Granite, 2+ Showers Over Tubs, Tile, Tub in Master Bedroom","Carpet, Tile, Vinyl/Linoleum","Oct 12, 2021",Pending (Pending (Do Not Show))MLSListings #ML81854424,NA,"Sep 7, 2021",Price ChangedMLSListings #ML81854424,849999.0,"Sep 3, 2021",Relisted (Active)MLSListings #ML81854424,NA,"Aug 30, 2021",ContingentMLSListings #ML81854424,NA,"Common Area Electricity, Common Area Gas, Garbage, Insurance (Structure), Landscaping/Gardening, Maintenance (Common Area), Management Fee, Pools, Spa, or Tennis, Reserves, Roof, Water",Community Association Management,Monthly,"Aug 11, 2021",Listed (Active)MLSListings #ML81854424,899999.0,,,,,,
MLS Listing,,Townhouse,1160 Pomeroy Ave,Santa Clara,CA,95051,1149000,4.0,2.5,SANTA CLARA,1476.0,648.0,1963.0,38.0,778.0,691.0,Active,October-1-2023 01:00 PM,October-1-2023 04:00 PM,https://www.redfin.com/CA/Santa-Clara/1160-Pomeroy-Ave-95051/home/736229,MLSListings,ML81939526,N,Y,37.3472253,-121.9880365,"Assigned Spaces, Carport, Guest/Visitor Parking, Other",Dining Area in Living Room,,,"Radiant, Other (See Remarks)",Public Utilities,2.0,5,6,7,2.5,778.0,,8815.0,72,Very bikeable,78,Very walkable,41,Some transit,Minimal,Minimal,Moderate,Minimal,"Places4 groceries, 27 restaurants, 2 parksTransit21, 22, 23, 53, 56, 57, L1, L2, L3, L6, Rapid 522, Rapid 523","Sep 27, 2023",Price ChangedMLSListings #ML81939526,1149000.0,https://www.redfin.com/CA/Santa-Clara/1160-Pomeroy-Ave-95051/home/736229,,,,"Aug 23, 2023",Listed (Active)MLSListings #ML81939526,1199000.0,,,,,,,,,,"Common Area Electricity, Common Area Gas, Landscaping/Gardening, Pools, Spa, or Tennis, Recreation Facility, Reserves, Roof, Other (See Remarks)",Pomeroy HOA,,,,,,,,,,
MLS Listing,,Condo/Co-op,2580 Homestead Rd #5101,Santa Clara,CA,95051,799000,2.0,1.5,SANTA CLARA,984.0,,2007.0,39.0,812.0,500.0,Active,October-1-2023 01:00 PM,October-1-2023 04:00 PM,https://www.redfin.com/CA/Santa-Clara/2580-Homestead-Rd-95051/unit-5101/home/12180375,MLSListings,ML81939392,N,Y,37.3396352,-121.9710726,"Assigned Spaces, Common Parking Area, Guest/Visitor Parking",Eat in Kitchen,"Inside, Washer/Dryer",Window/Wall Unit,"Electric, Wall Furnace",Public Utilities,1.0,9,5,7,2.5,812.0,777588.0,6149.0,87,Very bikeable,77,Very walkable,35,Some transit,NA,NA,NA,NA,"Places3 groceries, 16 restaurants, 9 parksTransit21, 22, 23, 53, 57, 59, 60, Rapid 522, Rapid 523","Aug 29, 2023",Price ChangedMLSListings #ML81939392,799000.0,https://www.redfin.com/CA/Santa-Clara/2580-Homestead-Rd-95051/unit-5101/home/12180375,,,"Carpet, Laminate, Tile","Aug 22, 2023",Listed (Active)MLSListings #ML81939392,850000.0,,,,,,,,,,"Common Area Electricity, Common Area Gas, Exterior Painting, Fencing, Insurance (Common Area), Landscaping/Gardening, Management Fee, Pools, Spa, or Tennis, Reserves, Roof, Sewer, Water","La Valencia HOA, managed by Property Pro",Monthly,,,,,,,,,
MLS Listing,,Single Family Residential,4381 Davis St,Santa Clara,CA,95054,1350000,3.0,2.0,SANTA CLARA,1548.0,6655.0,1938.0,43.0,872.0,,Active,,,https://www.redfin.com/CA/Santa-Clara/4381-Davis-St-95054/home/581473,MLSListings,ML81936038,N,Y,37.3955507,-121.9604882,"Off-Street Parking, On Street","Breakfast Nook, Eat in Kitchen",Washer/Dryer,"Ceiling Fan, Window/Wall Unit",Central Forced Air (Gas),Public Utilities,1.0,6,5,7,2.5,872.0,,9545.0,73,Very bikeable,58,Somewhat walkable,35,Some transit,Moderate,Minimal,Major,Minimal,"Places2 groceries, 22 restaurants, 6 parksTransit20, 200, 55, 57, 59, ACE, ACE Brown, ACE Gray, ACE Green, ACE Orange, ACE Purple, ACE Red, ACE Violet, ACE Yellow, ACETrain, BB (Oct23), BB (Sep23), Blue (Civc-Bayp), Blue Line, Blue Line (Blos-Trsa), Blue Line Modified, Blue Line Special, Blue-Event, Blue-North Portion, BlueBB (9/1/23-9/14/23), BlueN, BusBridge (5/22-6/4), BusBridge (6/18-6/27), BusBridge (6/18-6/29), BusBridge (7/6-7/18), BusBridge (7/6-7/19), BusBridge (7/6-7/21), BusBridge (Bypt-Civc), BusBridge (Bypt-Foak), CC, Event Blue, Event Green, Event Orange, Event Special, Event-Blue, Event-Green, Event-Orange, Event-Special, Express 121, Green (Civc-OldI), Green Line, Green Line Modified, Green Line Special, Green-Event, Green-North Portion, GreenN, Levi's - Alum Rock, Levi's - Mtn View, Levi's - Santa Teresa, Levi's - Winchester, Light Rail Special, Orange Line, Orange Line Modified, Orange Line Special, Orange-Event, Orange-West Portion, OrangeW, Special Event","Sep 20, 2023",Price ChangedMLSListings #ML81936038,1350000.0,https://www.redfin.com/CA/Santa-Clara/4381-Davis-St-95054/home/581473,1.0,"Full on Ground Floor, Shower Over Tub","Tile, Wood, Other (See Remarks)","Sep 8, 2023",Price ChangedMLSListings #ML81936038,1379000.0,"Aug 18, 2023",Listed (Active)MLSListings #ML81936038,1399999.0,,,,,,,,,,,,,,,,,,
MLS Listing,,Condo/Co-op,1865 Palm View Pl #228,Santa Clara,CA,95050,705000,1.0,1.0,SANTA CLARA,760.0,,1978.0,49.0,928.0,438.0,Active,,,https://www.redfin.com/CA/Santa-Clara/1865-Palm-View-Pl-95050/unit-228/home/2123195,MLSListings,ML81938266,N,Y,37.3570938,-121.9590203,"Assigned Spaces, Attached Garage, Gate/Door Opener, Guest/Visitor Parking","Breakfast Bar, Dining Area in Living Room, Eat in Kitchen","Electricity Hookup (220V), Washer/Dryer",Window/Wall Unit,Other (See Remarks),"Individual Electric Meters, Public Utilities",1.0,3,5,7,2.5,928.0,695614.0,5423.0,75,Very bikeable,85,Very walkable,45,Some transit,Minimal,Minimal,Major,Minimal,"Places6 groceries, 29 restaurants, 3 parksTransit21, 22, 53, 57, 59, 60, ACE Yellow, Rapid 522","Aug 12, 2023",Listed (Active)MLSListings #ML81938266,705000.0,https://www.redfin.com/CA/Santa-Clara/1865-Palm-View-Pl-95050/unit-228/home/2123195,1.0,"Primary (Sunken Tub), Stall Shower, Tile","Carpet, Hardwood, Slate","Apr 24, 2008",Listing RemovedMLSListings #ML80799937,NA,"Apr 17, 2008",Price ChangedMLSListings #ML80799937,425000.0,"Feb 2, 2008",ListedMLSListings #ML80799937,449888.0,,,,"Common Area Electricity, Exterior Painting, Fencing, Garbage, Insurance, Landscaping/Gardening, Maintenance (Common Area), Management Fee, Pools, Spa, or Tennis, Reserves",The Palms HOA,Monthly,,,,,,,,,
MLS Listing,,Single Family Residential,1135 Alice Dr,Santa Clara,CA,95050,1698000,4.0,2.5,SANTA CLARA,2436.0,6365.0,1951.0,51.0,697.0,,Active,October-1-2023 01:00 PM,October-1-2023 04:00 PM,https://www.redfin.com/CA/Santa-Clara/1135-Alice-Dr-95050/home/1215220,MLSListings,ML81937883,N,Y,37.3465783,-121.9602644,"Attached Garage, Carport, On Street","Dining Area, Dining Area in Living Room","In Garage, Washer/Dryer","Multi-Zone, Window/Wall Unit","Central Forced Air (Gas), Heat Pump","Natural Gas, Public Utilities",2.0,5,5,7,2.5,697.0,1749707.0,12006.0,78,Very bikeable,87,Very walkable,46,Some transit,Minimal,Minimal,Major,Minimal,"Places5 groceries, 25 restaurants, 2 parksTransit21, 22, 53, 57, 59, 60, Rapid 522","Sep 22, 2023",Price ChangedMLSListings #ML81937883,1698000.0,https://www.redfin.com/CA/Santa-Clara/1135-Alice-Dr-95050/home/1215220,2.0,"Full on Ground Floor, Half on Ground Floor, Primary - Oversized Tub, Primary (Stall Shower(s)), Shower Over Tub","Hardwood, Tile, Vinyl/Linoleum","Aug 17, 2023",Price ChangedMLSListings #ML81937883,1888000.0,"Aug 10, 2023",Listed (Active)MLSListings #ML81937883,1788000.0,"Mar 21, 2013",Pending (Pending (Do Not Show))MLSListings #ML81305888,NA,"Mar 20, 2013",Relisted (Active)MLSListings #ML81305888,NA,,,,"Mar 7, 2013",Pending (Pending (Do Not Show))MLSListings #ML81305888,NA,"Feb 26, 2013",Listed (Active)MLSListings #ML81305888,799950.0,,,
MLS Listing,,Condo/Co-op,3303 Kifer Rd #103,Santa Clara,CA,95051,1599900,4.0,3.5,SANTA CLARA,1940.0,647.0,2021.0,51.0,825.0,326.0,Active,October-1-2023 02:00 PM,October-1-2023 05:00 PM,https://www.redfin.com/CA/Santa-Clara/3303-Kifer-Rd-95051/unit-103/home/172931885,MLSListings,ML81937859,N,Y,37.3742575,-121.987255,Gate/Door Opener,No Formal Dining Room,Washer/Dryer,Central Forced Air,Central Forced Air,Individual Electric Meters,4.0,5,6,8,2.25,825.0,1567150.0,11638.0,59,Bikeable,33,Car-dependent,38,Some transit,Minimal,Minimal,Major,Minimal,"Places4 groceries, 37 restaurants, 0 parksTransit20, 21, 22, 55, 57, 59, ACE Gray, ACE Yellow, Express 121, L1, L2, L3, L6, School 255","Sep 13, 2023",Price ChangedMLSListings #ML81937859,1599900.0,https://www.redfin.com/CA/Santa-Clara/3303-Kifer-Rd-95051/unit-103/home/172931885,2.0,2+ Showers Over Tubs,"Carpet, Hardwood, Tile","Aug 25, 2023",Price ChangedMLSListings #ML81937859,1639999.0,"Aug 23, 2023",Price ChangedMLSListings #ML81937859,1669999.0,"Aug 10, 2023",Listed (Active)MLSListings #ML81937859,1649999.0,,,,"Insurance, Insurance (Common Area), Landscaping/Gardening, Management Fee",One Lawrence Station Owners Association,Monthly,,,,,,,,,
MLS Listing,,Townhouse,1792 Warburton Ave #3,Santa Clara,CA,95050,1498000,3.0,2.5,SANTA CLARA,1778.0,,2023.0,53.0,843.0,337.0,Active,,,https://www.redfin.com/CA/Santa-Clara/1792-Warburton-Ave-95050/unit-3/home/186395872,MLSListings,ML81937709,N,Y,37.3556854,-121.9582877,Attached Garage,Dining Area in Living Room,Inside,Central Forced Air,Central Forced Air (Gas),Public Utilities,3.0,3,5,7,2.5,843.0,1478965.0,10929.0,74,Very bikeable,89,Very walkable,46,Some transit,Minimal,Minimal,Major,Minimal,"Places6 groceries, 27 restaurants, 3 parksTransit21, 22, 53, 57, 59, 60, ACE Yellow, Rapid 522","Aug 8, 2023",Listed (Active)MLSListings #ML81937709,1498000.0,https://www.redfin.com/CA/Santa-Clara/1792-Warburton-Ave-95050/unit-3/home/186395872,2.0,Double Sinks,"Hardwood, Tile",,,,,,,,,,,,,Maintenance (Common Area),Warburton Townhomes,,,,,,,,,,
MLS Listing,,Condo/Co-op,2250 Monroe St #106,Santa Clara,CA,95050,549888,1.0,1.0,SANTA CLARA,716.0,,1987.0,54.0,768.0,532.0,Active,,,https://www.redfin.com/CA/Santa-Clara/2250-Monroe-St-95050/unit-106/home/896438,MLSListings,ML81937167,N,Y,37.3612142,-121.9648253,"Covered Parking, Gate/Door Opener, Guest/Visitor Parking, Underground Parking",Dining Area in Living Room,Washer/Dryer,"Ceiling Fan, Window/Wall Unit",Electric,Public Utilities,1.0,3,5,7,2.5,768.0,550264.0,4420.0,81,Very bikeable,61,Somewhat walkable,35,Some transit,NA,NA,NA,NA,"Places7 groceries, 24 restaurants, 5 parksTransit21, 22, 53, 57, 59, 60, ACE Yellow, Rapid 522","Aug 25, 2023",Relisted (Active)MLSListings #ML81937167,NA,https://www.redfin.com/CA/Santa-Clara/2250-Monroe-St-95050/unit-106/home/896438,1.0,"Granite, Shower Over Tub, Tile, Tub, Updated Bath(s)","Laminate, Tile, Travertine","Aug 21, 2023",Pending (Pending (Do Not Show))MLSListings #ML81937167,NA,"Aug 3, 2023",Listed (Active)MLSListings #ML81937167,549888.0,,,,,,,"Common Area Electricity, Decks, Exterior Painting, Fencing, Garbage, Hot Water, Insurance (Common Area), Landscaping/Gardening, Maintenance (Common Area), Pools, Spa, or Tennis, Roof, Water/Sewer, Other (See Remarks)",Coronado Villas Maintenance Corp.,Monthly,,,,,,,,,
MLS Listing,,Single Family Residential,1992 Bowers Ave,Santa Clara,CA,95051,1499000,4.0,2.0,SANTA CLARA,1158.0,5945.0,1960.0,58.0,1294.0,,Active,,,https://www.redfin.com/CA/Santa-Clara/1992-Bowers-Ave-95051/home/677151,MLSListings,ML81921347,N,Y,37.359258,-121.9772815,On Street,Dining Area in Family Room,,,Central Forced Air,Public Utilities,1.0,6,6,8,2.5,1294.0,1516965.0,10599.0,77,Very bikeable,67,Somewhat walkable,44,Some transit,Minimal,Minimal,Major,Minimal,"Places3 groceries, 27 restaurants, 4 parksTransit20, 21, 22, 53, 57, 59, ACE Gray, ACE Yellow, Rapid 522","Aug 18, 2023",Price ChangedMLSListings #ML81921347,1499000.0,https://www.redfin.com/CA/Santa-Clara/1992-Bowers-Ave-95051/home/677151,,,,"Aug 3, 2023",Listed (Active)MLSListings #ML81921347,1580000.0,"Sep 14, 2022",Listing RemovedCRMLS #PW22050945,NA,"May 23, 2022",,NA,"May 23, 2022",,NA,,,,"Apr 19, 2022",Pending (Pending Sale)CRMLS #PW22050945,NA,"Mar 14, 2022",,NA,,,
MLS Listing,,Condo/Co-op,334 Santana Row #332,San Jose,CA,95128,1148000,1.0,1.5,SAN JOSE,1151.0,,2002.0,68.0,997.0,650.0,Active,,,https://www.redfin.com/CA/San-Jose/334-Santana-Row-95128/unit-332/home/17293110,MLSListings,ML81933482,N,Y,37.3222527,-121.947416,"Assigned Spaces, Attached Garage, Covered Parking, Electric Gate, Lighted Parking Area, Underground Parking",No Formal Dining Room,,Ceiling Fan,Central Forced Air,"Individual Electric Meters, Natural Gas",2.0,6,NA,6,2.5,997.0,1120547.0,8767.0,81,Very bikeable,89,Very walkable,50,Good transit,Minimal,Minimal,Major,Minimal,"Places4 groceries, 46 restaurants, 1 parkTransit23, 25, 59, 60, 61, Rapid 523, SCVMC, SCVMC Shuttle","Jul 24, 2023",Listed (Active)MLSListings #ML81933482,1148000.0,https://www.redfin.com/CA/San-Jose/334-Santana-Row-95128/unit-332/home/17293110,2.0,,,"Aug 17, 2011",Listing RemovedMLSListings #ML81135975,NA,"Aug 16, 2011",ListedMLSListings #ML81135975,385000.0,,,,,,,"Maintenance (Common Area), Roof, Water",The Margo Building Condominium,Monthly,,,,,,,,,
MLS Listing,,Other,2035 White Oak Ln,Santa Clara,CA,95051,4000000,,,SANTA CLARA,,31173.0,,71.0,,,Active,,,https://www.redfin.com/CA/Santa-Clara/2035-White-Oak-Ln-95051/home/171407753,MLSListings,ML81935773,N,Y,37.3599448,-121.9965692,,,,,,"Electricity (On Site), Gas (On Site), Public Utilities",,7,6,8,2.5,,,28282.0,71,Very bikeable,63,Somewhat walkable,29,Some transit,NA,NA,NA,NA,"Places4 groceries, 36 restaurants, 4 parksTransit20, 21, 22, 53, 56, 57, ACE Gray, L1, L2, L3, L6, Rapid 522","Jul 21, 2023",Listed (Active)MLSListings #ML81935773,4000000.0,https://www.redfin.com/CA/Santa-Clara/2035-White-Oak-Ln-95051/home/171407753,,,,,,,,,,,,,,,,,,,,,,,,,,,
MLS Listing,,Single Family Residential,2143 Benton St,Santa Clara,CA,95050,1825000,4.0,2.0,SANTA CLARA,1493.0,5774.0,1950.0,76.0,1222.0,,Active,,,https://www.redfin.com/CA/Santa-Clara/2143-Benton-St-95050/home/824106,MLSListings,ML81933841,N,Y,37.3465388,-121.9610198,Attached Garage,"Eat in Kitchen, No Formal Dining Room",In Garage,Central Forced Air,Central Forced Air,Public Utilities,1.0,5,5,7,2.5,1222.0,1751667.0,12904.0,78,Very bikeable,87,Very walkable,46,Some transit,Minimal,Minimal,Major,Minimal,"Places6 groceries, 23 restaurants, 2 parksTransit21, 22, 53, 57, 59, 60, Rapid 522","Sep 13, 2023",Price ChangedMLSListings #ML81933841,1825000.0,https://www.redfin.com/CA/Santa-Clara/2143-Benton-St-95050/home/824106,1.0,Shower and Tub,"Tile, Wood","Sep 6, 2023",Relisted (Active)MLSListings #ML81933841,NA,"Sep 1, 2023",Listing RemovedMLSListings #ML81933841,NA,"Jul 11, 2023",Listed (Active)MLSListings #ML81933841,1850000.0,"May 19, 2023",Pending (Pending (Do Not Show))MLSListings #ML81927628,NA,,,,"May 10, 2023",Listed (Active)MLSListings #ML81927628,1399950.0,,,,,,
MLS Listing,,Single Family Residential,1310 -1340 Homestead Rd,Santa Clara,CA,95050,3899900,11.0,8.0,SANTA CLARA,5760.0,5760.0,1912.0,92.0,677.0,,Active,,,https://www.redfin.com/CA/Santa-Clara/1310-Homestead-Rd-95050/home/549354,"bridgeMLS, Bay East AOR, or Contra Costa AOR",41031891,N,Y,37.3473294,-121.9477777,,,,Ceiling Fan(s),"Natural Gas, Wall Furnace",,,5,5,7,2.5,677.0,,27575.0,97,Biker's paradise,89,Very walkable,48,Some transit,Minimal,Minimal,Major,Minimal,"Places3 groceries, 19 restaurants, 6 parksTransit21, 22, 53, 59, 60, ACE, ACETrain, BusBridge Caltrain (MPK-SCL)), CC, L1, L2, L4, L5, L6, Rapid 522","Jun 30, 2023","Listed (Active)bridgeMLS, Bay East AOR, or Contra Costa AOR #41031826",3899900.0,https://www.redfin.com/CA/Santa-Clara/1310-Homestead-Rd-95050/home/549354,,,Carpet,"Jun 30, 2023","Listed (New)bridgeMLS, Bay East AOR, or Contra Costa AOR #41031891",3899900.0,,,,,,,,,,,,,,,,,,,,,
MLS Listing,,Multi-Family (2-4 Unit),2167 Pasetta Dr,Santa Clara,CA,95050,1838000,8.0,4.0,SANTA CLARA,3150.0,6600.0,1962.0,100.0,583.0,,Active,,,https://www.redfin.com/CA/Santa-Clara/2167-Pasetta-Dr-95050/home/869995,MLSListings,ML81932774,N,Y,37.364122,-121.9619974,"Assigned Spaces, Carport, Covered Parking, Lighted Parking Area",,Coin-Operated,Window/Wall Unit,Electric,Public Utilities,2.0,6,6,8,2.5,583.0,1790053.0,12996.0,74,Very bikeable,52,Somewhat walkable,34,Some transit,Severe,Minimal,Major,Minimal,"Places8 groceries, 19 restaurants, 6 parksTransit21, 22, 53, 57, 59, 60, ACE Yellow, Rapid 522","Jun 22, 2023",Listed (Active)MLSListings #ML81932774,1838000.0,https://www.redfin.com/CA/Santa-Clara/2167-Pasetta-Dr-95050/home/869995,,,Laminate,"Oct 7, 2015",Listing RemovedMLSListings #ML81499438,NA,"Aug 22, 2015",ContingentMLSListings #ML81499438,NA,"Aug 11, 2015",Listed (Active)MLSListings #ML81499438,1200000.0,,,,,,,,,,,,,,,
MLS Listing,,Single Family Residential,3759 BENTON St,Santa Clara,CA,95051,2538888,4.0,2.5,SANTA CLARA,2701.0,4281.0,1993.0,101.0,940.0,,Active,October-1-2023 01:00 PM,October-1-2023 04:00 PM,https://www.redfin.com/CA/Santa-Clara/3759-Benton-St-95051/home/762295,MLSListings,ML81932560,N,Y,37.3426805,-122.000026,Attached Garage,"Dining Area in Living Room, Eat in Kitchen, Formal Dining Room","Inside, Washer/Dryer",Central Forced Air,"Central Forced Air (Gas), Fireplace",Public Utilities,2.0,8,6,8,2.5,940.0,2549929.0,17952.0,63,Bikeable,55,Somewhat walkable,36,Some transit,Minimal,Minimal,Moderate,Minimal,"Places5 groceries, 27 restaurants, 2 parksTransit21, 22, 23, 53, 56, 57, Express 101, Rapid 522, Rapid 523","Aug 10, 2023",Price ChangedMLSListings #ML81932560,2538888.0,https://www.redfin.com/CA/Santa-Clara/3759-Benton-St-95051/home/762295,2.0,"Double Sinks, Granite, Half on Ground Floor, Primary (Stall Shower(s)), Primary (Sunken Tub), Shower and Tub, Steam Shower, Tile, Tub in Master Bedroom, Tub w/Jets","Carpet, Tile","Jul 6, 2023",Price ChangedMLSListings #ML81932560,2568888.0,"Jun 21, 2023",Listed (Active)MLSListings #ML81932560,2568000.0,,,,,,,,,,,,,,,,,,
MLS Listing,,Single Family Residential,290 Alviso St,Santa Clara,CA,95050,1699950,2.0,1.0,SANTA CLARA,1300.0,7920.0,1900.0,119.0,1308.0,,Active,,,https://www.redfin.com/CA/Santa-Clara/290-Alviso-St-95050/home/1323648,MLSListings,ML81930584,N,Y,37.3441006,-121.9384005,"Attached Garage, Carport, Gate/Door Opener","Eat in Kitchen, No Formal Dining Room",In Garage,,Central Forced Air,"Individual Electric Meters, Individual Gas Meters, Natural Gas",1.0,6,5,7,2.5,1308.0,1648377.0,12020.0,89,Very bikeable,85,Very walkable,50,Good transit,Minimal,Minimal,Major,Minimal,"Places2 groceries, 26 restaurants, 3 parksTransit21, 22, 53, 59, 60, 61, ACE, ACETrain, BusBridge Caltrain (MPK-SCL)), CC, L1, L2, L4, L5, L6, Rapid 522","Jun 3, 2023",Listed (Active)MLSListings #ML81930584,1699950.0,https://www.redfin.com/CA/Santa-Clara/290-Alviso-St-95050/home/1323648,1.0,"Stall Shower, Tub","Vinyl/Linoleum, Wood","Aug 15, 2020","PendingbridgeMLS, Bay East AOR, or Contra Costa AOR #40916477",NA,"Aug 14, 2020","Listed (New)bridgeMLS, Bay East AOR, or Contra Costa AOR #40916477",1188000.0,,,,,,,,,,,,,,,,,,
MLS Listing,,Condo/Co-op,2046 Worthington Cir,Santa Clara,CA,95050,1411009,2.0,2.0,,1609.0,,2023.0,190.0,877.0,380.0,Active,,,https://www.redfin.com/CA/Santa-Clara/2046-Worthington-Cir-95050/home/184814892,"bridgeMLS, Bay East AOR, or Contra Costa AOR",41022450,N,Y,37.326172,-121.951859,,,,,Electric,,,6,NA,6,2.5,877.0,1386078.0,10357.0,81,Very bikeable,84,Very walkable,47,Some transit,Moderate,NA,Major,Minimal,"Places4 groceries, 37 restaurants, 1 parkTransit23, 25, 53, 59, 60, 61, Rapid 523, SCVMC, SCVMC Shuttle","Aug 19, 2023",Relisted (Active)NewHomeSource.com #2438061,NA,https://www.redfin.com/CA/Santa-Clara/2046-Worthington-Cir-95050/home/184814892,2.0,,Carpet,"Aug 18, 2023",DelistedNewHomeSource.com #2438061,NA,"Aug 12, 2023",Relisted (Active)NewHomeSource.com #2438061,NA,"Aug 9, 2023",DelistedNewHomeSource.com #2438061,NA,"May 3, 2023",Listed (Active)NewHomeSource.com #2438061,1411009.0,,,,"Apr 28, 2023","Price ChangedbridgeMLS, Bay East AOR, or Contra Costa AOR #41022450",1411009.0,"Mar 24, 2023","Listed (New)bridgeMLS, Bay East AOR, or Contra Costa AOR #41022450",1401059.0,,,
MLS Listing,,Multi-Family (2-4 Unit),1336-1330 Fremont St,Santa Clara,CA,95050,1550000,4.0,2.0,SANTA CLARA,1311.0,4800.0,1915.0,380.0,1182.0,,Active,,,https://www.redfin.com/CA/Santa-Clara/1336-Fremont-St-95050/home/714196,MLSListings,ML81903821,N,Y,37.3500543,-121.9496774,"Detached, On Street, Parking Area",,Washer/Dryer,,Wall Furnace,Public Utilities,1.0,5,5,7,2.5,1182.0,,10959.0,91,Biker's paradise,90,Walker's paradise,50,Good transit,Minimal,Minimal,Major,Minimal,"Places3 groceries, 20 restaurants, 3 parksTransit21, 22, 53, 59, 60, ACE, ACETrain, BusBridge Caltrain (MPK-SCL)), CC, L1, L2, L4, L5, L6, Rapid 522","Aug 21, 2023",Price ChangedMLSListings #ML81903821,1550000.0,https://www.redfin.com/CA/Santa-Clara/1336-Fremont-St-95050/home/714196,2.0,,"Laminate, Tile","Aug 21, 2023",Relisted (Active)MLSListings #ML81903821,NA,"Jul 20, 2023",Pending (Pending (Do Not Show))MLSListings #ML81903821,NA,"Apr 28, 2023",Price ChangedMLSListings #ML81903821,1600000.0,"Aug 14, 2022",Price ChangedMLSListings #ML81903821,1830000.0,,,,"Aug 14, 2022",Listed (Active)MLSListings #ML81903821,183000000.0,,,,,,
MLS Listing,,Single Family Residential,1530 Pomeroy Ave,Santa Clara,CA,95051,2200000,2.0,1.0,SANTA CLARA,840.0,11195.0,1949.0,411.0,2619.0,,Active,,,https://www.redfin.com/CA/Santa-Clara/1530-Pomeroy-Ave-95051/home/1264014,MLSListings,ML81903926,N,Y,37.3514461,-121.9870107,Detached,Eat in Kitchen,Inside,,Wall Furnace,"Individual Electric Meters, Natural Gas, Public Utilities",1.0,5,6,7,2.0,2619.0,,15555.0,71,Very bikeable,90,Walker's paradise,42,Some transit,Minimal,Minimal,Major,Minimal,"Places6 groceries, 30 restaurants, 4 parksTransit21, 22, 53, 57, ACE Gray, ACE Yellow, L1, L2, L3, L6, Rapid 522","May 1, 2023",Relisted (Active)MLSListings #ML81904001,NA,https://www.redfin.com/CA/Santa-Clara/1530-Pomeroy-Ave-95051/home/1264014,1.0,,,"May 1, 2023",Listing RemovedMLSListings #ML81904001,NA,"Aug 16, 2022",Listed (Active)MLSListings #ML81904001,2300000.0,"May 1, 2023",Relisted (Active)MLSListings #ML81903926,NA,"May 1, 2023",Listing RemovedMLSListings #ML81903926,NA,,,,"Aug 15, 2022",Listed (Active)MLSListings #ML81903926,2300000.0,,,,,,
MLS Listing,,Single Family Residential,1540 Pomeroy Ave,Santa Clara,CA,95051,2200000,2.0,1.0,SANTA CLARA,870.0,9020.0,1950.0,411.0,2529.0,,Active,,,https://www.redfin.com/CA/Santa-Clara/1540-Pomeroy-Ave-95051/home/1829346,MLSListings,ML81903936,N,Y,37.3516339,-121.9870107,Detached,Eat in Kitchen,,,Wall Furnace,Individual Electric Meters,1.0,5,6,7,2.0,2529.0,2026216.0,15555.0,71,Very bikeable,90,Walker's paradise,42,Some transit,Minimal,Minimal,Major,Minimal,"Places6 groceries, 30 restaurants, 4 parksTransit21, 22, 53, 57, ACE Gray, ACE Yellow, L1, L2, L3, L6, Rapid 522","May 1, 2023",Relisted (Active)MLSListings #ML81903936,NA,https://www.redfin.com/CA/Santa-Clara/1540-Pomeroy-Ave-95051/home/1829346,1.0,,"Carpet, Hardwood, Tile","May 1, 2023",Listing RemovedMLSListings #ML81903936,NA,"Aug 15, 2022",Listed (Active)MLSListings #ML81903936,2300000.0,,,,,,,,,,,,,,,,,,
MLS Listing,,Vacant Land,608 Harrison St,Santa Clara,CA,95050,750000,,,SANTA CLARA,,4547.0,,551.0,,,Active,,,https://www.redfin.com/CA/Santa-Clara/608-Harrison-St-95050/home/1211437,MLSListings,ML81884353,N,Y,37.3540563,-121.9410226,,,,,,,,6,5,7,2.5,,690562.0,5303.0,81,Very bikeable,80,Very walkable,54,Good transit,Minimal,Minimal,Major,Minimal,"Places4 groceries, 18 restaurants, 3 parksTransit21, 22, 53, 59, 60, ACE, ACETrain, BusBridge Caltrain (MPK-SCL)), CC, L1, L2, L4, L5, L6, Rapid 522","Mar 28, 2022",Listed (Active)MLSListings #ML81884353,750000.0,https://www.redfin.com/CA/Santa-Clara/608-Harrison-St-95050/home/1211437,,,,"May 14, 2018",ListedSDMLS #301841220,449000.0,,,,,,,,,,,,,,,,,,,,,
New Construction Home,,Condo/Co-op,2036 Worthington Cir,Santa Clara,CA,95050,1386353,2.0,2.0,Anza at Agrihood,1609.0,,2023.0,48.0,862.0,,Active,,,https://www.redfin.com/CA/Santa-Clara/2036-Worthington-Cir-95050/home/186476239,NewHomeSource.com,2510775,N,Y,37.326172,-121.951859,,,,,,,2.0,6,NA,6,,862.0,1384025.0,9802.0,81,Very bikeable,84,Very walkable,47,Some transit,Moderate,NA,Major,Minimal,"Places4 groceries, 37 restaurants, 1 parkTransit23, 25, 53, 59, 60, 61, Rapid 523, SCVMC, SCVMC Shuttle",,,,https://www.redfin.com/CA/Santa-Clara/2036-Worthington-Cir-95050/home/186476239,,,,,,,,,,,,,,,,,,,,,,,,,,,
New Construction Home,,Condo/Co-op,2011 Worthington Cir,Santa Clara,CA,95050,1490484,2.0,2.5,Anza at Agrihood,1577.0,,2023.0,91.0,945.0,,Active,,,https://www.redfin.com/CA/Santa-Clara/2011-Worthington-Cir-95050/home/185972768,NewHomeSource.com,2481187,N,Y,37.326172,-121.951859,,,,,,,3.0,6,NA,6,,945.0,1478136.0,10539.0,81,Very bikeable,84,Very walkable,47,Some transit,Moderate,NA,Major,Minimal,"Places4 groceries, 37 restaurants, 1 parkTransit23, 25, 53, 59, 60, 61, Rapid 523, SCVMC, SCVMC Shuttle",,,,https://www.redfin.com/CA/Santa-Clara/2011-Worthington-Cir-95050/home/185972768,,,,,,,,,,,,,,,,,,,,,,,,,,,
New Construction Plan,,Condo/Co-op,Plan 3,Santa Clara,CA,95050,1309990,2.0,2.0,Anza at Agrihood,1609.0,,,,814.0,,Active,,,https://www.redfin.com/CA/Santa-Clara/Anza-at-Agrihood/Plan-3/home/183810351,NewHomeSource.com,Plan-242485579,N,Y,37.326172,-121.951859,,,,,,,2.0,6,NA,6,,814.0,,9262.0,81,Very bikeable,84,Very walkable,47,Some transit,Moderate,NA,Major,Minimal,"Places4 groceries, 37 restaurants, 1 parkTransit23, 25, 53, 59, 60, 61, Rapid 523, SCVMC, SCVMC Shuttle",,,,https://www.redfin.com/CA/Santa-Clara/Anza-at-Agrihood/Plan-3/home/183810351,,,,,,,,,,,,,,,,,,,,,,,,,,,
New Construction Plan,,Condo/Co-op,Plan 2,Santa Clara,CA,95050,1324990,2.0,2.5,Anza at Agrihood,1577.0,,,,840.0,,Active,,,https://www.redfin.com/CA/Santa-Clara/Anza-at-Agrihood/Plan-2/home/183810353,NewHomeSource.com,Plan-242485578,N,Y,37.326172,-121.951859,,,,,,,3.0,6,NA,6,,840.0,,9369.0,81,Very bikeable,84,Very walkable,47,Some transit,Moderate,NA,Major,Minimal,"Places4 groceries, 37 restaurants, 1 parkTransit23, 25, 53, 59, 60, 61, Rapid 523, SCVMC, SCVMC Shuttle",,,,https://www.redfin.com/CA/Santa-Clara/Anza-at-Agrihood/Plan-2/home/183810353,,,,,,,,,,,,,,,,,,,,,,,,,,,
New Construction Plan,,Condo/Co-op,Plan 1,Santa Clara,CA,95050,1259990,2.0,2.0,Anza at Agrihood,1413.0,,,,892.0,,Active,,,https://www.redfin.com/CA/Santa-Clara/Anza-at-Agrihood/Plan-1/home/183810257,NewHomeSource.com,Plan-242485577,N,Y,37.326172,-121.951859,,,,,,,2.0,6,NA,6,,892.0,,8909.0,81,Very bikeable,84,Very walkable,47,Some transit,Moderate,NA,Major,Minimal,"Places4 groceries, 37 restaurants, 1 parkTransit23, 25, 53, 59, 60, 61, Rapid 523, SCVMC, SCVMC Shuttle",,,,https://www.redfin.com/CA/Santa-Clara/Anza-at-Agrihood/Plan-1/home/183810257,,,,,,,,,,,,,,,,,,,,,,,,,,,
