SALE TYPE,SOLD DATE,PROPERTY TYPE,ADDRESS,CITY,STATE OR PROVINCE,ZIP OR POSTAL CODE,PRICE,BEDS,BATHS,LOCATION,SQUARE FEET,LOT SIZE,YEAR BUILT,DAYS ON MARKET,$/SQUARE FEET,HOA/MONTH,STATUS,NEXT OPEN HOUSE START TIME,NEXT OPEN HOUSE END TIME,URL,SOURCE,MLS#,FAVORITE,INTERESTED,LATITUDE,LONGITUDE,PARK_DESCRIPTION,HAS_GARAGE,DINNING_DESC,LAUNDARY_FEATURES,COOLING_FEATURES,HEATING_FEATURES,UTILITIES,FEES_INCLUDE,HOA_NAME,ELEMENTARY_SCHOOL_RATING,MIDDLE_SCHOOL_RATING,HIGH_SCHOOL_RATING,BUYER_AGENCY_COMPENSATION,PRICE_PR_SQFT,REDFIN_ESTIMATE,EST_MONTHLY_PAY,Bike Score,Bike Score_type,Walk Score,Walk Score_type,Flood Factor,Fire Factor,Heat Factor,Wind Factor,OVERALL_NEARBY_PLACES,PRICE_HISTORY1_EVENT_DATE,PRICE_HISTORY1_EVENT_TYPE,PRICE_HISTORY1_PRICE,url,FLOORING_FEATURES,HOA_FEE_FREQ,NUM_STORIES,PRICE_HISTORY2_EVENT_DATE,PRICE_HISTORY2_EVENT_TYPE,PRICE_HISTORY2_PRICE,PRICE_HISTORY3_EVENT_DATE,PRICE_HISTORY3_EVENT_TYPE,PRICE_HISTORY3_PRICE,PRICE_HISTORY4_EVENT_DATE,PRICE_HISTORY4_EVENT_TYPE,PRICE_HISTORY4_PRICE,BATH_DESCRIPTION,PRICE_HISTORY5_EVENT_DATE,PRICE_HISTORY5_EVENT_TYPE,PRICE_HISTORY5_PRICE,PRICE_HISTORY6_EVENT_DATE,PRICE_HISTORY6_EVENT_TYPE,PRICE_HISTORY6_PRICE
MLS Listing,,Condo/Co-op,503 Starfish Ln,Foster City,CA,94404,1298000,1,1.5,FOSTER CITY,1436,,2023.0,1.0,904,487.0,Active,September-30-2023 11:00 AM,September-30-2023 04:00 PM,https://www.redfin.com/CA/Foster-City/503-Starfish-Ln-94404/home/181181903,MLSListings,ML81943629,N,Y,37.5638296,-122.2689954,Attached Garage,2.0,Dining Area,Washer/Dryer,"Central Forced Air, Multi-Zone",Central Forced Air (Gas),"Individual Electric Meters, Individual Gas Meters, Public Utilities","Common Area Electricity, Common Area Gas, Exterior Painting, Insurance (Common Area), Insurance (Hazard), Landscaping/Gardening, Maintenance (Common Area), Maintenance (Exterior), Management Fee, Reserves, Roof",Waverly Cove/Laguna Vista Association,8,8,7,2.5,904.0,1297575.0,9665.0,56,Bikeable,77,Very walkable,Severe,NA,Minor,Minimal,"Places4 groceries, 19 restaurants, 10 parksTransit251, 256, 54, 57, FCC Shuttle, FCX, LC Shuttle, M, MAR Shuttle, NFC Shuttle","Sep 29, 2023",Listed (Active)MLSListings #ML81943629,1298000.0,https://www.redfin.com/CA/Foster-City/503-Starfish-Ln-94404/home/181181903,,,,,,,,,,,,,,,,,,,
MLS Listing,,Townhouse,706 Starfish Ln,Foster City,CA,94404,1948000,4,3.5,FOSTER CITY,2194,2194.0,2023.0,1.0,888,487.0,Active,September-30-2023 02:00 PM,September-30-2023 04:00 PM,https://www.redfin.com/CA/Foster-City/706-Starfish-Ln-94404/home/184620062,MLSListings,ML81943587,N,Y,37.5638296,-122.2689954,Attached Garage,2.0,Other (See Remarks),,"Central Forced Air, Multi-Zone",Central Forced Air (Gas),"Individual Electric Meters, Individual Gas Meters, Public Utilities, Other (See Remarks)","Common Area Electricity, Common Area Gas, Exterior Painting, Insurance, Maintenance (Common Area), Maintenance (Exterior), Reserves, Roof, Other (See Remarks)",Waverly Laguna Vista Association,8,8,7,2.5,888.0,1951512.0,14261.0,56,Bikeable,77,Very walkable,Severe,NA,Minor,Minimal,"Places4 groceries, 19 restaurants, 10 parksTransit251, 256, 54, 57, FCC Shuttle, FCX, LC Shuttle, M, MAR Shuttle, NFC Shuttle","Sep 29, 2023",Listed (Active)MLSListings #ML81943587,1948000.0,https://www.redfin.com/CA/Foster-City/706-Starfish-Ln-94404/home/184620062,Hardwood,Monthly,,,,,,,,,,,,,,,,,
MLS Listing,,Condo/Co-op,1025 Shell #5,Foster City,CA,94404,838000,2,2.0,FOSTER CITY,1015,1015.0,1972.0,1.0,826,636.0,Active,September-30-2023 01:00 PM,September-30-2023 04:00 PM,https://www.redfin.com/CA/Foster-City/1025-Shell-Blvd-94404/unit-5/home/2025460,MLSListings,ML81943574,N,Y,37.5505815,-122.2629517,"Assigned Spaces, Carport, Parking Area",,Dining Area,In Utility Room,,Baseboard,Individual Electric Meters,"Garbage, Sewer, Water",San Harbour HOA,9,8,7,2.5,826.0,836028.0,6561.0,63,Bikeable,55,Somewhat walkable,NA,NA,NA,NA,"Places5 groceries, 14 restaurants, 16 parksTransit251, 256, 260, 54, 57, 60, 67, FCC Shuttle, FCX, M, MAR Shuttle, NFC Shuttle, RLC Shuttle","Sep 29, 2023",Listed (Active)MLSListings #ML81943574,838000.0,https://www.redfin.com/CA/Foster-City/1025-Shell-Blvd-94404/unit-5/home/2025460,Laminate,,1.0,"Dec 15, 2016",Pending (Pending (Do Not Show))MLSListings #ML81631223,NA,"Nov 23, 2016",ContingentMLSListings #ML81631223,NA,"Nov 8, 2016",Listed (Active)MLSListings #ML81631223,669888.0,,,,,,,
MLS Listing,,Townhouse,1054 Helm Ln,Foster City,CA,94404,1498000,3,1.5,FOSTER CITY,1530,,1989.0,1.0,979,570.0,Active,September-30-2023 01:00 PM,September-30-2023 04:00 PM,https://www.redfin.com/CA/Foster-City/1054-Helm-Ln-94404/home/1073515,MLSListings,ML81943531,N,Y,37.5469574,-122.2546175,Attached Garage,2.0,Dining Area,"Inside, Washer/Dryer",,"Central Forced Air, Gas","Individual Electric Meters, Individual Gas Meters","Common Area Electricity, Common Area Gas, Exterior Painting, Insurance (Liability), Maintenance (Common Area), Maintenance (Road), Management Fee, Pools, Spa, or Tennis, Reserves, Roof",The Manor Association,8,8,7,2.5,979.0,1501841.0,11162.0,74,Very bikeable,34,Car-dependent,Severe,Minimal,Minor,Minimal,"Places4 groceries, 17 restaurants, 19 parksTransit251, 256, 260, 54, 57, 60, 67, FCC Shuttle, FCX, M, MAR Shuttle, RLC Shuttle","Sep 29, 2023",Listed (Active)MLSListings #ML81943531,1498000.0,https://www.redfin.com/CA/Foster-City/1054-Helm-Ln-94404/home/1073515,"Carpet, Tile, Vinyl/Linoleum",Monthly,2.0,,,,,,,,,,"Primary - Oversized Tub, Primary (Stall Shower(s)), Shower Over Tub",,,,,,
MLS Listing,,Single Family Residential,181 Flying Mist Isle,Foster City,CA,94404,2550000,3,2.5,FOSTER CITY,2260,6786.0,1968.0,1.0,1128,,Active,September-30-2023 01:00 PM,September-30-2023 04:00 PM,https://www.redfin.com/CA/Foster-City/181-Flying-Mist-Isle-94404/home/928505,MLSListings,ML81943530,N,Y,37.561411,-122.2571026,Attached Garage,2.0,Dining Area in Living Room,,,Central Forced Air,"Public Utilities, Solar Panels - Owned",,,9,8,7,2.5,1128.0,2541806.0,18030.0,54,Bikeable,42,Car-dependent,Severe,Minimal,Minor,Minimal,"Places3 groceries, 18 restaurants, 18 parksTransit251, 256, 260, 54, 57, 60, 67, FCC Shuttle, FCX, LC Shuttle, M, MAR Shuttle, NFC Shuttle, RLC Shuttle","Sep 29, 2023",Listed (Active)MLSListings #ML81943530,2550000.0,https://www.redfin.com/CA/Foster-City/181-Flying-Mist-Isle-94404/home/928505,"Carpet, Tile, Wood",,1.0,,,,,,,,,,,,,,,,
MLS Listing,,Condo/Co-op,860 Meridian Bay Ln #334,Foster City,CA,94404,950000,2,2.0,FOSTER CITY,1350,,1999.0,4.0,704,818.0,Active,September-30-2023 12:00 PM,September-30-2023 03:00 PM,https://www.redfin.com/CA/Foster-City/860-Meridian-Bay-Ln-94404/unit-334/home/1491706,MLSListings,ML81943151,N,Y,37.5535543,-122.2793009,"Assigned Spaces, Guest/Visitor Parking",2.0,Dining Area,"Electricity Hookup (220V), Inside, Washer/Dryer",Central Forced Air,Central Forced Air,Public Utilities,"Exterior Painting, Garbage, Insurance (Common Area), Insurance (Earthquake), Landscaping/Gardening, Maintenance (Common Area), Maintenance (Exterior), Management Fee, Pools, Spa, or Tennis, Recreation Facility, Roof, Water/Sewer",Meridian Bay HOA,8,NA,7,2.5,704.0,952379.0,7535.0,75,Very bikeable,65,Somewhat walkable,Severe,NA,Minor,Minimal,"Places2 groceries, 23 restaurants, 4 parksTransit250, 251, 256, 292, 54, 57, 59, FCC Shuttle, FCX, HCC Shuttle, LC Shuttle, M, MAR Shuttle, NFC Shuttle","Sep 26, 2023",Listed (Active)MLSListings #ML81943151,950000.0,https://www.redfin.com/CA/Foster-City/860-Meridian-Bay-Ln-94404/unit-334/home/1491706,"Carpet, Stone, Tile, Travertine, Vinyl/Linoleum",Monthly,1.0,,,,,,,,,,"Double Sinks, Shower and Tub, Stall Shower",,,,,,
MLS Listing,,Condo/Co-op,1051 Beach Park Blvd #213,Foster City,CA,94404,899000,3,2.0,BEACH PARK,1593,1447.0,1976.0,5.0,564,675.0,Active,,,https://www.redfin.com/CA/Foster-City/1051-Beach-Park-Blvd-94404/unit-213/home/971867,"bridgeMLS, Bay East AOR, or Contra Costa AOR",41040140,N,Y,37.5495412,-122.2532473,,2.0,,,,Wall Furnace,All Public Utilities,,,8,8,7,2.5,564.0,925330.0,7031.0,75,Very bikeable,42,Car-dependent,Severe,NA,Minor,Minimal,"Places5 groceries, 17 restaurants, 19 parksTransit251, 256, 260, 54, 57, 60, 67, FCC Shuttle, FCX, M, MAR Shuttle, RLC Shuttle","Sep 25, 2023","Listed (New)bridgeMLS, Bay East AOR, or Contra Costa AOR #41040140",899000.0,https://www.redfin.com/CA/Foster-City/1051-Beach-Park-Blvd-94404/unit-213/home/971867,Laminate,,,,,,,,,,,,,,,,,,
MLS Listing,,Townhouse,817 Juno Ln,Foster City,CA,94404,1275000,3,2.5,FOSTER CITY,1330,,1973.0,5.0,959,548.0,Active,September-30-2023 02:00 PM,September-30-2023 04:00 PM,https://www.redfin.com/CA/Foster-City/817-Juno-Ln-94404/home/965311,MLSListings,ML81943039,N,Y,37.5501373,-122.2732773,Detached,2.0,"Breakfast Bar, Dining Area",Washer/Dryer,,Central Forced Air (Gas),Public Utilities,"Common Area Electricity, Insurance, Landscaping/Gardening, Maintenance (Common Area), Pools, Spa, or Tennis, Reserves, Roof",Isle Cove Homeowners Association,9,8,7,2.5,959.0,1368808.0,9563.0,67,Bikeable,66,Somewhat walkable,NA,NA,NA,NA,"Places6 groceries, 14 restaurants, 9 parksTransit250, 251, 256, 54, 57, 59, FCC Shuttle, FCX, LC Shuttle, M, MAR Shuttle, NFC Shuttle","Sep 25, 2023",Listed (Active)MLSListings #ML81943039,1275000.0,https://www.redfin.com/CA/Foster-City/817-Juno-Ln-94404/home/965311,"Tile, Wood",Monthly,2.0,"Aug 16, 2004",Listing RemovedMLSListings #ML80407828,NA,"Jun 29, 2004",ListedMLSListings #ML80407828,599950.0,,,,"Half on Ground Floor, Primary (Stall Shower(s)), Shower Over Tub",,,,,,
MLS Listing,,Single Family Residential,502 Oyster Ct,Foster City,CA,94404,2528000,4,2.5,FOSTER CITY,2400,5000.0,1978.0,8.0,1053,,Active,September-30-2023 02:00 PM,September-30-2023 04:00 PM,https://www.redfin.com/CA/Foster-City/502-Oyster-Ct-94404/home/938833,MLSListings,ML81942947,N,Y,37.5390402,-122.2693482,Attached Garage,2.0,Formal Dining Room,,,Central Forced Air (Gas),Public Utilities,,,9,8,7,2.5,1053.0,2609760.0,17875.0,70,Very bikeable,58,Somewhat walkable,Major,Minimal,Moderate,Minimal,"Places2 groceries, 15 restaurants, 16 parksTransit250, 251, 256, 260, 397, 398, 54, 57, 59, 60, 62, 67, 68, Bus Bridge, ECR, FCX, L1, L2, L3, L6, M, RLC Shuttle","Sep 22, 2023",Listed (Active)MLSListings #ML81942947,2528000.0,https://www.redfin.com/CA/Foster-City/502-Oyster-Ct-94404/home/938833,,,2.0,"Jun 27, 1998",Listing RemovedMLSListings #ML89812541,NA,"Apr 5, 1998",ListedMLSListings #ML89812541,618888.0,,,,,,,,,,
MLS Listing,,Condo/Co-op,1081 Beach Park Blvd #308,Foster City,CA,94404,928000,2,2.0,FOSTER CITY,1286,,1973.0,9.0,722,674.0,Active,September-30-2023 01:00 PM,September-30-2023 04:00 PM,https://www.redfin.com/CA/Foster-City/1081-Beach-Park-Blvd-94404/unit-308/home/1216505,MLSListings,ML81942770,N,Y,37.5508342,-122.2523167,"Assigned Spaces, Covered Parking, Gate/Door Opener",1.0,Dining Area in Living Room,"Inside, Washer/Dryer",,"Electric, Individual Room Controls",Public Utilities,"Exterior Painting, Garbage, Insurance (Structure), Landscaping/Gardening, Maintenance (Common Area), Pools, Spa, or Tennis, Roof, Water/Sewer",Marina Point Homeowners Association,8,8,7,2.5,722.0,952775.0,7236.0,74,Very bikeable,41,Car-dependent,Severe,NA,Minor,Minimal,"Places4 groceries, 15 restaurants, 21 parksTransit251, 256, 260, 54, 57, 60, 67, FCC Shuttle, FCX, M, MAR Shuttle, RLC Shuttle","Sep 21, 2023",Listed (Active)MLSListings #ML81942770,928000.0,https://www.redfin.com/CA/Foster-City/1081-Beach-Park-Blvd-94404/unit-308/home/1216505,"Laminate, Tile",Monthly,1.0,"Apr 18, 2016",Pending (Pending (Do Not Show))MLSListings #ML81578702,NA,"Apr 5, 2016",Listed (Active)MLSListings #ML81578702,699000.0,,,,"Primary (Stall Shower(s)), Shower Over Tub",,,,,,
MLS Listing,,Condo/Co-op,1075 Shell Blvd #3,Foster City,CA,94404,839000,2,2.0,FOSTER CITY,994,,1972.0,10.0,844,636.0,Active,September-30-2023 01:30 PM,September-30-2023 04:00 PM,https://www.redfin.com/CA/Foster-City/1075-Shell-Blvd-94404/unit-3/home/1745008,MLSListings,ML81942541,N,Y,37.5492835,-122.2630403,Guest/Visitor Parking,,Dining Area,"Inside, Washer/Dryer",,Electric,Public Utilities,"Common Area Electricity, Common Area Gas, Garbage, Insurance (Common Area), Maintenance (Common Area), Management Fee, Pools, Spa, or Tennis, Reserves, Water",San Harbour,9,8,7,2.5,844.0,,6568.0,63,Bikeable,53,Somewhat walkable,NA,NA,NA,NA,"Places5 groceries, 14 restaurants, 15 parksTransit251, 256, 260, 54, 57, 60, 67, FCC Shuttle, FCX, M, MAR Shuttle, NFC Shuttle, RLC Shuttle","Sep 20, 2023",Listed (Active)MLSListings #ML81942541,839000.0,https://www.redfin.com/CA/Foster-City/1075-Shell-Blvd-94404/unit-3/home/1745008,"Carpet, Tile, Vinyl/Linoleum",Monthly,1.0,,,,,,,,,,,,,,,,
MLS Listing,,Condo/Co-op,101 Starfish Ln,Foster City,CA,94404,2188000,4,3.5,FOSTER CITY,2194,,2023.0,13.0,997,487.0,Active,September-30-2023 01:00 PM,September-30-2023 04:00 PM,https://www.redfin.com/CA/Foster-City/101-Starfish-Ln-94404/home/187529786,MLSListings,ML81942235,N,Y,37.5638255,-122.2691289,Attached Garage,2.0,Dining Area,,Central Forced Air,Central Forced Air,"Individual Electric Meters, Individual Gas Meters","Insurance (Hazard), Landscaping/Gardening, Maintenance (Exterior), Reserves",Helsing Group,NA,NA,NA,2.5,997.0,,15958.0,56,Bikeable,77,Very walkable,Severe,NA,Minor,Minimal,"Places4 groceries, 19 restaurants, 9 parksTransit251, 256, 54, 57, FCC Shuttle, FCX, LC Shuttle, M, MAR Shuttle, NFC Shuttle","Sep 17, 2023",Listed (Active)MLSListings #ML81942235,2188000.0,https://www.redfin.com/CA/Foster-City/101-Starfish-Ln-94404/home/187529786,,Monthly,,,,,,,,,,,,,,,,,
MLS Listing,,Condo/Co-op,902 Beach Park Blvd #137,Foster City,CA,94404,808000,2,2.0,FOSTER CITY,1087,,1973.0,15.0,743,640.0,Active,September-30-2023 11:00 AM,September-30-2023 01:00 PM,https://www.redfin.com/CA/Foster-City/902-Beach-Park-Blvd-94404/unit-137/home/970565,MLSListings,ML81940688,N,Y,37.5479991,-122.2589314,"Assigned Spaces, Covered Parking, Guest/Visitor Parking, Parking Area, Unassigned Spaces, Uncovered Parking",,"Breakfast Nook, Dining Area in Living Room","Electricity Hookup (220V), Inside, Washer/Dryer",,"Baseboard, Individual Room Controls, Wall Furnace",Public Utilities,"Common Area Electricity, Common Area Gas, Exterior Painting, Garbage, Insurance (Liability), Landscaping/Gardening, Maintenance (Common Area), Management Fee, Pools, Spa, or Tennis, Recreation Facility, Reserves, Water/Sewer",Sand Harbor South,8,8,7,2.5,743.0,,6353.0,67,Bikeable,38,Car-dependent,NA,NA,NA,NA,"Places5 groceries, 14 restaurants, 19 parksTransit251, 256, 260, 54, 57, 60, 67, FCC Shuttle, FCX, M, MAR Shuttle, RLC Shuttle","Sep 26, 2023",Relisted (Active)MLSListings #ML81940688,NA,https://www.redfin.com/CA/Foster-City/902-Beach-Park-Blvd-94404/unit-137/home/970565,"Carpet, Laminate, Vinyl/Linoleum, Wood",Monthly,1.0,"Sep 15, 2023",Pending (Pending (Do Not Show))MLSListings #ML81940688,NA,"Sep 4, 2023",Listed (Active)MLSListings #ML81940688,808000.0,,,,"Dual Flush Toilet, Full on Ground Floor, Shower Over Tub, Solid Surface",,,,,,
MLS Listing,,Condo/Co-op,1031 Lido Ln,Foster City,CA,94404,1598000,2,2.5,FOSTER CITY,1780,,1975.0,15.0,898,576.0,Active,September-30-2023 01:00 PM,September-30-2023 04:00 PM,https://www.redfin.com/CA/Foster-City/1031-Lido-Ln-94404/home/970118,MLSListings,ML81942015,N,Y,37.5540144,-122.2671019,"Detached, Guest/Visitor Parking, Lighted Parking Area",2.0,"Dining Area in Living Room, Dining Bar","Dryer, Inside, Washer",Ceiling Fan,"Individual Room Controls, Other (See Remarks)","Individual Electric Meters, Individual Gas Meters","Common Area Electricity, Common Area Gas, Exterior Painting, Insurance (Common Area), Insurance (Homeowners), Insurance (Liability), Maintenance (Common Area), Maintenance (Road), Management Fee, Pools, Spa, or Tennis, Reserves, Roof, Water/Sewer",Associa Property Mgmt,9,8,7,2.5,898.0,1604565.0,11875.0,47,Somewhat bikeable,63,Somewhat walkable,Severe,NA,Minor,Minimal,"Places5 groceries, 15 restaurants, 12 parksTransit251, 256, 54, 57, FCC Shuttle, FCX, LC Shuttle, M, MAR Shuttle, NFC Shuttle, RLC Shuttle","Sep 15, 2023",Listed (Active)MLSListings #ML81942015,1598000.0,https://www.redfin.com/CA/Foster-City/1031-Lido-Ln-94404/home/970118,"Carpet, Wood",Monthly,2.0,"Jun 24, 2012",Pending (Pending (Do Not Show))MLSListings #ML81219623,NA,"Jun 1, 2012",Pending (Pending Without Release)MLSListings #ML81219623,NA,"May 24, 2012",Listed (Active)MLSListings #ML81219623,518000.0,"Half on Ground Floor, Shower and Tub, Stall Shower, Tub",,,,,,
MLS Listing,,Single Family Residential,1030 Pizarro Ln,Foster City,CA,94404,2278000,4,3.0,FOSTER CITY,2360,4180.0,1974.0,17.0,965,743.0,Active,October-1-2023 01:30 PM,October-1-2023 04:00 PM,https://www.redfin.com/CA/Foster-City/1030-Pizarro-Ln-94404/home/927655,MLSListings,ML81941690,N,Y,37.5529357,-122.2674109,"Attached Garage, Boat Dock, Common Parking Area, Gate/Door Opener",2.0,"Dining Area, Formal Dining Room","Dryer, Inside, Washer",,Central Forced Air,Public Utilities,"Common Area Electricity, Common Area Gas, Decks, Exterior Painting, Fencing, Insurance, Insurance (Common Area), Insurance (Hazard), Insurance (Homeowners), Insurance (Liability), Maintenance (Common Area), Maintenance (Exterior), Maintenance (Road), Management Fee, Pools, Spa, or Tennis, Reserves, Roof",Bayporte,9,8,7,2.5,965.0,2287881.0,16850.0,51,Bikeable,46,Car-dependent,Severe,Minimal,Minor,Minimal,"Places6 groceries, 13 restaurants, 13 parksTransit251, 256, 54, 57, FCC Shuttle, FCX, LC Shuttle, M, MAR Shuttle, NFC Shuttle, RLC Shuttle","Sep 13, 2023",Listed (Active)MLSListings #ML81941690,2278000.0,https://www.redfin.com/CA/Foster-City/1030-Pizarro-Ln-94404/home/927655,Hardwood,Monthly,2.0,,,,,,,,,,"Double Sinks, Full on Ground Floor, Primary (Stall Shower(s)), Shower Over Tub, Updated Bath(s)",,,,,,
MLS Listing,,Condo/Co-op,202 Calypso Ln,Foster City,CA,94404,1738000,2,2.5,FOSTER CITY,1692,,2023.0,20.0,1027,487.0,Active,,,https://www.redfin.com/CA/Foster-City/202-Calypso-Ln-94404/home/185350102,MLSListings,ML81941436,N,Y,37.5644614,-122.2686039,Attached Garage,2.0,Dining Area,,Central Forced Air,Central Forced Air,"Individual Electric Meters, Individual Gas Meters","Insurance (Hazard), Landscaping/Gardening, Maintenance (Exterior)",Helsing Group,8,8,7,2.5,1027.0,1714289.0,12776.0,55,Bikeable,76,Very walkable,Severe,NA,Minor,Minimal,"Places4 groceries, 18 restaurants, 10 parksTransit251, 256, 54, 57, FCC Shuttle, FCX, LC Shuttle, M, MAR Shuttle, NFC Shuttle","Sep 10, 2023",Listed (Active)MLSListings #ML81941436,1738000.0,https://www.redfin.com/CA/Foster-City/202-Calypso-Ln-94404/home/185350102,,Monthly,,,,,,,,,,,,,,,,,
MLS Listing,,Condo/Co-op,204 Calypso Ln,Foster City,CA,94404,1398000,1,1.5,FOSTER CITY,1436,,2023.0,20.0,974,487.0,Active,,,https://www.redfin.com/CA/Foster-City/204-Calypso-Ln-94404/home/187413871,MLSListings,ML81941435,N,Y,37.5644614,-122.2686039,"Attached Garage, Tandem Parking",2.0,Dining Area,,Central Forced Air,Central Forced Air (Gas),"Individual Electric Meters, Individual Gas Meters","Insurance (Hazard), Landscaping/Gardening, Maintenance (Exterior), Management Fee",Helsing Group,8,8,7,2.5,974.0,1378660.0,10372.0,55,Bikeable,76,Very walkable,Severe,NA,Minor,Minimal,"Places4 groceries, 18 restaurants, 10 parksTransit251, 256, 54, 57, FCC Shuttle, FCX, LC Shuttle, M, MAR Shuttle, NFC Shuttle","Sep 10, 2023",Listed (Active)MLSListings #ML81941435,1398000.0,https://www.redfin.com/CA/Foster-City/204-Calypso-Ln-94404/home/187413871,,Monthly,,,,,,,,,,,,,,,,,
MLS Listing,,Townhouse,1111 Sprague Ln,Foster City,CA,94404,1348000,3,2.5,FOSTER CITY,1700,1925.0,1975.0,22.0,793,440.0,Active,September-30-2023 02:00 PM,September-30-2023 04:00 PM,https://www.redfin.com/CA/Foster-City/1111-Sprague-Ln-94404/home/935865,MLSListings,ML81941208,N,Y,37.5480232,-122.2607644,"Attached Garage, Guest/Visitor Parking",2.0,Formal Dining Room,,,"Forced Air, Gas",Natural Gas,Exterior Painting,Harborside,9,8,7,3.0,793.0,,9971.0,67,Bikeable,37,Car-dependent,Severe,Minimal,Moderate,Minimal,"Places5 groceries, 14 restaurants, 17 parksTransit251, 256, 260, 54, 57, 60, 67, FCC Shuttle, FCX, M, MAR Shuttle, RLC Shuttle","Sep 26, 2023",Price ChangedMLSListings #ML81941208,1348000.0,https://www.redfin.com/CA/Foster-City/1111-Sprague-Ln-94404/home/935865,,Monthly,,"Sep 8, 2023",Listed (Active)MLSListings #ML81941208,1395000.0,,,,,,,,,,,,,
MLS Listing,,Single Family Residential,108 Flying Cloud Isle,Foster City,CA,94404,2395500,2,2.0,FOSTER CITY,1940,7192.0,1965.0,23.0,1235,,Active,September-30-2023 01:00 PM,September-30-2023 04:00 PM,https://www.redfin.com/CA/Foster-City/108-Flying-Cloud-Isle-94404/home/2002728,MLSListings,ML81941181,N,Y,37.5649642,-122.2648127,"Attached Garage, Gate/Door Opener, On Street, Parking Area",2.0,"Breakfast Bar, Formal Dining Room","Electricity Hookup (220V), In Utility Room, Washer/Dryer",,Central Forced Air (Gas),"Natural Gas, Public Utilities",,,9,8,7,2.5,1235.0,2395467.0,16938.0,49,Somewhat bikeable,64,Somewhat walkable,Severe,Minimal,Minor,Minimal,"Places3 groceries, 15 restaurants, 14 parksTransit251, 256, 54, 57, FCC Shuttle, FCX, LC Shuttle, M, MAR Shuttle, NFC Shuttle","Sep 7, 2023",Listed (Active)MLSListings #ML81941181,2395500.0,https://www.redfin.com/CA/Foster-City/108-Flying-Cloud-Isle-94404/home/2002728,"Hardwood, Tile, Vinyl/Linoleum",,1.0,,,,,,,,,,"Marble, Primary (Stall Shower(s)), Shower Over Tub, Solid Surface, Tile",,,,,,
MLS Listing,,Condo/Co-op,4213 Admiralty Ln,Foster City,CA,94404,738000,2,1.5,FOSTER CITY,998,,1965.0,23.0,739,817.0,Active,September-30-2023 01:00 PM,September-30-2023 03:00 PM,https://www.redfin.com/CA/Foster-City/4213-Admiralty-Ln-94404/home/1912376,MLSListings,ML81941066,N,Y,37.561437,-122.267213,"Carport, Covered Parking, Electric Gate, Gate/Door Opener, Guest/Visitor Parking",1.0,Dining Area in Living Room,Community Facility,,Central Forced Air (Gas),Public Utilities,"Garbage, Gas, Hot Water, Maintenance (Common Area), Management Fee, Pools, Spa, or Tennis, Reserves, Roof, Unit Coverage Insurance, Water, Water/Sewer, Other (See Remarks)",The Admiralty,9,8,7,2.5,739.0,738544.0,6035.0,50,Bikeable,76,Very walkable,Major,NA,Minor,Minimal,"Places4 groceries, 17 restaurants, 12 parksTransit251, 256, 54, 57, FCC Shuttle, FCX, LC Shuttle, M, MAR Shuttle, NFC Shuttle","Sep 7, 2023",Listed (Active)MLSListings #ML81941066,738000.0,https://www.redfin.com/CA/Foster-City/4213-Admiralty-Ln-94404/home/1912376,"Carpet, Laminate, Tile",,2.0,,,,,,,,,,"Half on Ground Floor, Shower and Tub, Tile, Tub",,,,,,
MLS Listing,,Townhouse,101 Cityhomes Ln,Foster City,CA,94404,1199999,2,2.0,Foster City,1230,946.0,1987.0,23.0,976,475.0,Active,October-1-2023 01:30 PM,October-1-2023 04:00 PM,https://www.redfin.com/CA/Foster-City/101-Cityhomes-Ln-94404/home/1352320,MetroList,423907397,N,Y,37.5562969,-122.2789125,,,,,None,Central,,,,8,8,7,,976.0,1189875.0,8960.0,64,Bikeable,74,Very walkable,Severe,Minimal,Minor,Minimal,"Places2 groceries, 24 restaurants, 7 parksTransit250, 251, 256, 54, 57, 59, FCC Shuttle, FCX, LC Shuttle, M, MAR Shuttle, NFC Shuttle",,,,https://www.redfin.com/CA/Foster-City/101-Cityhomes-Ln-94404/home/1352320,"Tile, Simulated Wood, Parquet, Carpet",,,,,,,,,,,,,,,,,,
MLS Listing,,Condo/Co-op,880 Meridian Bay Ln #318,Foster City,CA,94404,999999,2,2.0,FOSTER CITY,1350,,1998.0,26.0,741,818.0,Active,September-30-2023 01:00 PM,September-30-2023 04:00 PM,https://www.redfin.com/CA/Foster-City/880-Meridian-Bay-Ln-94404/unit-318/home/996307,MLSListings,ML81940690,N,Y,37.5548139,-122.278725,Assigned Spaces,2.0,Dining Area,Washer/Dryer,Central Forced Air,Central Forced Air,Individual Electric Meters,"Common Area Electricity, Exterior Painting, Fencing, Garbage, Hot Water, Insurance (Common Area), Landscaping/Gardening, Maintenance (Common Area), Maintenance (Exterior), Management Fee, Pools, Spa, or Tennis, Reserves, Roof, Water/Sewer",Meridian Bay Homeowners Association,8,NA,7,2.5,741.0,1000920.0,7889.0,68,Bikeable,76,Very walkable,Severe,NA,Minor,Minimal,"Places2 groceries, 22 restaurants, 7 parksTransit250, 251, 256, 54, 57, 59, FCC Shuttle, FCX, HCC Shuttle, LC Shuttle, M, MAR Shuttle, NFC Shuttle","Sep 25, 2023",Price ChangedMLSListings #ML81940690,999999.0,https://www.redfin.com/CA/Foster-City/880-Meridian-Bay-Ln-94404/unit-318/home/996307,"Carpet, Travertine",Monthly,1.0,"Sep 4, 2023",Listed (Active)MLSListings #ML81940690,1095000.0,"May 23, 2005",Listing RemovedMLSListings #ML80520958,NA,"Apr 22, 2005",ListedMLSListings #ML80520958,683000.0,"Double Sinks, Primary (Stall Shower(s)), Shower and Tub",,,,,,
MLS Listing,,Condo/Co-op,705 Starfish Ln,Foster City,CA,94404,1848000,4,3.5,FOSTER CITY,2081,,2023.0,34.0,888,487.0,Active,,,https://www.redfin.com/CA/Foster-City/705-Starfish-Ln-94404/home/181321820,MLSListings,ML81940001,N,Y,37.5641016,-122.2697005,Attached Garage,2.0,Dining Area in Family Room,,Central Forced Air,"Central Forced Air, Central Forced Air (Gas)","Individual Electric Meters, Individual Gas Meters","Insurance (Hazard), Landscaping/Gardening, Maintenance (Exterior)",Helsing,8,8,7,2.5,888.0,1816023.0,13554.0,56,Bikeable,77,Very walkable,Severe,NA,Minor,Minimal,"Places4 groceries, 21 restaurants, 7 parksTransit251, 256, 54, 57, FCC Shuttle, FCX, LC Shuttle, M, MAR Shuttle, NFC Shuttle","Aug 27, 2023",Listed (Active)MLSListings #ML81940001,1848000.0,https://www.redfin.com/CA/Foster-City/705-Starfish-Ln-94404/home/181321820,,Monthly,,,,,,,,,,,,,,,,,
MLS Listing,,Condo/Co-op,301 Calypso Ln,Foster City,CA,94404,1888000,3,2.5,FOSTER CITY,1866,,2023.0,35.0,1012,487.0,Active,September-30-2023 11:00 AM,September-30-2023 04:00 PM,https://www.redfin.com/CA/Foster-City/301-Calypso-Ln-94404/home/183422678,MLSListings,ML81939972,N,Y,37.5642937,-122.2685848,Attached Garage,2.0,Dining Area in Family Room,,Central Forced Air,Central Forced Air,"Individual Electric Meters, Individual Gas Meters","Insurance (Common Area), Insurance (Liability), Landscaping/Gardening, Maintenance (Common Area), Management Fee, Roof",Helsing Group,8,8,7,2.5,1012.0,1852208.0,13836.0,55,Bikeable,76,Very walkable,Severe,NA,Minor,Minimal,"Places4 groceries, 18 restaurants, 10 parksTransit251, 256, 54, 57, FCC Shuttle, FCX, LC Shuttle, M, MAR Shuttle, NFC Shuttle","Aug 26, 2023",Listed (Active)MLSListings #ML81939972,1888000.0,https://www.redfin.com/CA/Foster-City/301-Calypso-Ln-94404/home/183422678,,,,,,,,,,,,,,,,,,,
MLS Listing,,Townhouse,802 Norma Ln,Foster City,CA,94404,1074888,2,1.5,FOSTER CITY,1196,1500.0,1973.0,37.0,899,548.0,Active,September-30-2023 02:00 PM,September-30-2023 04:00 PM,https://www.redfin.com/CA/Foster-City/802-Norma-Ln-94404/home/2032992,MLSListings,ML81939667,N,Y,37.5485428,-122.273889,"Detached, Guest/Visitor Parking",2.0,Dining Area,"In Garage, Washer/Dryer",,Central Forced Air,Public Utilities,"Exterior Painting, Garbage, Maintenance (Common Area), Water/Sewer",Isle Cove Homeowners Association,9,8,7,2.5,899.0,1083079.0,8148.0,69,Bikeable,69,Somewhat walkable,Severe,NA,Minor,Minimal,"Places4 groceries, 15 restaurants, 9 parksTransit250, 251, 256, 54, 57, 59, FCC Shuttle, FCX, LC Shuttle, M, MAR Shuttle, NFC Shuttle","Aug 24, 2023",Listed (Active)MLSListings #ML81939667,1074888.0,https://www.redfin.com/CA/Foster-City/802-Norma-Ln-94404/home/2032992,"Carpet, Tile",Monthly,2.0,,,,,,,,,,"Half on Ground Floor, Shower Over Tub, Updated Bath(s)",,,,,,
MLS Listing,,Condo/Co-op,333 Argonaut,Foster City,CA,94404,1598000,2,2.5,FOSTER CITY,1570,,2023.0,38.0,1018,487.0,Active,September-30-2023 01:00 PM,September-30-2023 04:00 PM,https://www.redfin.com/CA/Foster-City/333-Argonaut-Ln-94404/home/185274890,MLSListings,ML81939570,N,Y,37.5651621,-122.2685482,Attached Garage,2.0,Dining Area in Family Room,,Central Forced Air,Central Forced Air (Gas),"Individual Electric Meters, Individual Gas Meters","Common Area Electricity, Exterior Painting, Insurance (Liability), Maintenance (Common Area), Maintenance (Exterior), Management Fee, Roof",Helsing Group,8,8,7,2.5,1018.0,1569203.0,11786.0,55,Bikeable,76,Very walkable,NA,NA,NA,NA,"Places4 groceries, 18 restaurants, 10 parksTransit251, 256, 54, 57, FCC Shuttle, FCX, LC Shuttle, M, MAR Shuttle, NFC Shuttle","Aug 23, 2023",Listed (Active)MLSListings #ML81939570,1598000.0,https://www.redfin.com/CA/Foster-City/333-Argonaut-Ln-94404/home/185274890,,,,,,,,,,,,,,,,,,,
MLS Listing,,Condo/Co-op,700 Promontory Point Ln #1308,Foster City,CA,94404,1330000,2,2.5,699 - Not Defined,2224,346066.0,1998.0,63.0,598,1000.0,Active,,,https://www.redfin.com/CA/Foster-City/700-Promontory-Point-Ln-94404/unit-1308/home/1595126,CRMLS,WS23130335,N,Y,37.5499668,-122.2834683,,2.0,,,,,,,,8,8,7,2.5,598.0,1287003.0,10404.0,81,Very bikeable,63,Somewhat walkable,NA,NA,NA,NA,"Places2 groceries, 24 restaurants, 4 parksTransit250, 251, 256, 292, 294, 295, 397, 398, 53, 54, 57, 59, ECR, FCC Shuttle, FCX, HCC Shuttle, LC Shuttle, M, MAR Shuttle, NFC Shuttle","Sep 13, 2023",Price ChangedCRMLS #WS23130335,1330000.0,https://www.redfin.com/CA/Foster-City/700-Promontory-Point-Ln-94404/unit-1308/home/1595126,,,1.0,"Aug 22, 2023",Relisted (Active)CRMLS #WS23130335,NA,"Jul 18, 2023",Listed (Active)CRMLS #WS23130335,1390000.0,"Dec 1, 2013",Pending (Pending (Do Not Show))MLSListings #ML81336012,NA,,"Oct 7, 2013",Pending (Pending Without Release)MLSListings #ML81336012,NA,"Sep 29, 2013",Listed (Active)MLSListings #ML81336012,829000.0
MLS Listing,,Townhouse,102 Cityhomes Ln,Foster City,CA,94404,1299000,2,2.5,FOSTER CITY,1530,920.0,1987.0,80.0,849,475.0,Active,September-30-2023 01:30 PM,September-30-2023 04:00 PM,https://www.redfin.com/CA/Foster-City/102-Cityhomes-Ln-94404/home/1644970,MLSListings,ML81934776,N,Y,37.5562414,-122.2789063,"Attached Garage, Guest/Visitor Parking",2.0,Formal Dining Room,Washer/Dryer,,Central Forced Air (Gas),Public Utilities,"Common Area Electricity, Common Area Gas, Exterior Painting, Insurance (Common Area), Insurance (Earthquake), Maintenance (Exterior), Management Fee, Pools, Spa, or Tennis, Reserves, Roof, Other (See Remarks)",Cityhomes West,8,8,7,2.5,849.0,1273864.0,9660.0,68,Bikeable,76,Very walkable,Severe,Minimal,Minor,Minimal,"Places2 groceries, 24 restaurants, 7 parksTransit250, 251, 256, 54, 57, 59, FCC Shuttle, FCX, LC Shuttle, M, MAR Shuttle, NFC Shuttle","Sep 5, 2023",Price ChangedMLSListings #ML81934776,1299000.0,https://www.redfin.com/CA/Foster-City/102-Cityhomes-Ln-94404/home/1644970,"Laminate, Tile",Monthly,2.0,"Aug 8, 2023",Price ChangedMLSListings #ML81934776,1328000.0,"Jul 12, 2023",Listed (Active)MLSListings #ML81934776,1348000.0,"Sep 1, 2015","PendingbridgeMLS, Bay East AOR, or Contra Costa AOR #40712484",NA,"Double Sinks, Primary - Oversized Tub, Primary (Stall Shower(s)), Primary (Sunken Tub), Shower and Tub, Updated Bath(s)","Aug 21, 2015","Listed (New)bridgeMLS, Bay East AOR, or Contra Costa AOR #40712484",950000.0,,,
New Construction Plan,,Single Family Residential,Plan 7,Foster City,CA,94404,2218000,4,3.5,Laguna Vista,2239,,,,991,,Active,,,https://www.redfin.com/CA/Foster-City/Laguna-Vista/Plan-7/home/180327738,NewHomeSource.com,Plan-241962005,N,Y,37.563856,-122.268528,,,,,,,,,,8,8,7,,991.0,,15683.0,55,Bikeable,76,Very walkable,Severe,NA,Minor,Minimal,"Places4 groceries, 18 restaurants, 10 parksTransit251, 256, 54, 57, FCC Shuttle, FCX, LC Shuttle, M, MAR Shuttle, NFC Shuttle",,,,https://www.redfin.com/CA/Foster-City/Laguna-Vista/Plan-7/home/180327738,,,3.0,,,,,,,,,,,,,,,,
New Construction Plan,,Single Family Residential,Plan 6,Foster City,CA,94404,1638000,2,2.5,Laguna Vista,1692,,,,968,,Active,,,https://www.redfin.com/CA/Foster-City/Laguna-Vista/Plan-6/home/178522431,NewHomeSource.com,Plan-241962003,N,Y,37.563856,-122.268528,,,,,,,,,,8,8,7,,968.0,,11582.0,55,Bikeable,76,Very walkable,Severe,NA,Minor,Minimal,"Places4 groceries, 18 restaurants, 10 parksTransit251, 256, 54, 57, FCC Shuttle, FCX, LC Shuttle, M, MAR Shuttle, NFC Shuttle",,,,https://www.redfin.com/CA/Foster-City/Laguna-Vista/Plan-6/home/178522431,,,3.0,,,,,,,,,,,,,,,,
New Construction Plan,,Single Family Residential,Plan 5,Foster City,CA,94404,1388000,1,3.5,Laguna Vista,1436,,,,967,,Active,,,https://www.redfin.com/CA/Foster-City/Laguna-Vista/Plan-5/home/178779917,NewHomeSource.com,Plan-241962000,N,Y,37.5638548,-122.268522,,,,,,,,,,8,8,7,,967.0,,9814.0,55,Bikeable,76,Very walkable,Severe,NA,Minor,Minimal,"Places4 groceries, 18 restaurants, 10 parksTransit251, 256, 54, 57, FCC Shuttle, FCX, LC Shuttle, M, MAR Shuttle, NFC Shuttle",,,,https://www.redfin.com/CA/Foster-City/Laguna-Vista/Plan-5/home/178779917,,,3.0,,,,,,,,,,,,,,,,
New Construction Plan,,Single Family Residential,Plan 4,Foster City,CA,94404,1998000,4,3.5,Laguna Vista,2194,,,,911,,Active,,,https://www.redfin.com/CA/Foster-City/Laguna-Vista/Plan-4/home/178522432,NewHomeSource.com,Plan-241961997,N,Y,37.563856,-122.268528,,,,,,,,,,8,8,7,,911.0,,14127.0,55,Bikeable,76,Very walkable,Severe,NA,Minor,Minimal,"Places4 groceries, 18 restaurants, 10 parksTransit251, 256, 54, 57, FCC Shuttle, FCX, LC Shuttle, M, MAR Shuttle, NFC Shuttle",,,,https://www.redfin.com/CA/Foster-City/Laguna-Vista/Plan-4/home/178522432,,,3.0,,,,,,,,,,,,,,,,
New Construction Plan,,Single Family Residential,Plan 3,Foster City,CA,94404,1898000,4,3.5,Laguna Vista,2081,,,,912,,Active,,,https://www.redfin.com/CA/Foster-City/Laguna-Vista/Plan-3/home/178522433,NewHomeSource.com,Plan-241961995,N,Y,37.563856,-122.268528,,,,,,,,,,8,8,7,,912.0,,13420.0,55,Bikeable,76,Very walkable,Severe,NA,Minor,Minimal,"Places4 groceries, 18 restaurants, 10 parksTransit251, 256, 54, 57, FCC Shuttle, FCX, LC Shuttle, M, MAR Shuttle, NFC Shuttle",,,,https://www.redfin.com/CA/Foster-City/Laguna-Vista/Plan-3/home/178522433,,,3.0,,,,,,,,,,,,,,,,
New Construction Plan,,Single Family Residential,Plan 2,Foster City,CA,94404,1888000,3,2.5,Laguna Vista,1866,,,,1012,,Active,,,https://www.redfin.com/CA/Foster-City/Laguna-Vista/Plan-2/home/180327739,NewHomeSource.com,Plan-241961993,N,Y,37.563856,-122.268528,,,,,,,,,,8,8,7,,1012.0,,13349.0,55,Bikeable,76,Very walkable,Severe,NA,Minor,Minimal,"Places4 groceries, 18 restaurants, 10 parksTransit251, 256, 54, 57, FCC Shuttle, FCX, LC Shuttle, M, MAR Shuttle, NFC Shuttle",,,,https://www.redfin.com/CA/Foster-City/Laguna-Vista/Plan-2/home/180327739,,,3.0,,,,,,,,,,,,,,,,
New Construction Plan,,Single Family Residential,Plan 1,Foster City,CA,94404,1598000,2,2.5,Laguna Vista,1570,,,,1018,,Active,,,https://www.redfin.com/CA/Foster-City/Laguna-Vista/Plan-1/home/180327740,NewHomeSource.com,Plan-241961991,N,Y,37.563856,-122.268528,,,,,,,,,,8,8,7,,1018.0,,11299.0,55,Bikeable,76,Very walkable,Severe,NA,Minor,Minimal,"Places4 groceries, 18 restaurants, 10 parksTransit251, 256, 54, 57, FCC Shuttle, FCX, LC Shuttle, M, MAR Shuttle, NFC Shuttle",,,,https://www.redfin.com/CA/Foster-City/Laguna-Vista/Plan-1/home/180327740,,,3.0,,,,,,,,,,,,,,,,
