SALE TYPE,SOLD DATE,PROPERTY TYPE,ADDRESS,CITY,STATE OR PROVINCE,ZIP OR POSTAL CODE,PRICE,BEDS,BATHS,LOCATION,SQUARE FEET,LOT SIZE,YEAR BUILT,DAYS ON MARKET,$/SQUARE FEET,HOA/MONTH,STATUS,NEXT OPEN HOUSE START TIME,NEXT OPEN HOUSE END TIME,URL,SOURCE,MLS#,FAVORITE,INTERESTED,LATITUDE,LONGITUDE,PARK_DESCRIPTION,HAS_GARAGE,BATH_DESCRIPTION,DINNING_DESC,LAUNDARY_FEATURES,FLOORING_FEATURES,COOLING_FEATURES,HEATING_FEATURES,UTILITIES,NUM_STORIES,ELEMENTARY_SCHOOL_RATING,MIDDLE_SCHOOL_RATING,HIGH_SCHOOL_RATING,BUYER_AGENCY_COMPENSATION,PRICE_PR_SQFT,REDFIN_ESTIMATE,EST_MONTHLY_PAY,Bike Score,Bike Score_type,Walk Score,Walk Score_type,Transit Score,Transit Score_type,Flood Factor,Fire Factor,Heat Factor,Wind Factor,OVERALL_NEARBY_PLACES,PRICE_HISTORY1_EVENT_DATE,PRICE_HISTORY1_EVENT_TYPE,PRICE_HISTORY1_PRICE,url,PRICE_HISTORY2_EVENT_DATE,PRICE_HISTORY2_EVENT_TYPE,PRICE_HISTORY2_PRICE,PRICE_HISTORY3_EVENT_DATE,PRICE_HISTORY3_EVENT_TYPE,PRICE_HISTORY3_PRICE,PRICE_HISTORY4_EVENT_DATE,PRICE_HISTORY4_EVENT_TYPE,PRICE_HISTORY4_PRICE,PRICE_HISTORY5_EVENT_DATE,PRICE_HISTORY5_EVENT_TYPE,PRICE_HISTORY5_PRICE,FEES_INCLUDE,HOA_NAME,HOA_FEE_FREQ,PRICE_HISTORY6_EVENT_DATE,PRICE_HISTORY6_EVENT_TYPE,PRICE_HISTORY6_PRICE,PRICE_HISTORY7_EVENT_DATE,PRICE_HISTORY7_EVENT_TYPE,PRICE_HISTORY7_PRICE,PRICE_HISTORY8_EVENT_DATE,PRICE_HISTORY8_EVENT_TYPE,PRICE_HISTORY8_PRICE,PRICE_HISTORY9_EVENT_DATE,PRICE_HISTORY9_EVENT_TYPE,PRICE_HISTORY9_PRICE,PRICE_HISTORY10_EVENT_DATE,PRICE_HISTORY10_EVENT_TYPE,PRICE_HISTORY10_PRICE,PRICE_HISTORY11_EVENT_DATE,PRICE_HISTORY11_EVENT_TYPE,PRICE_HISTORY11_PRICE,PRICE_HISTORY12_EVENT_DATE,PRICE_HISTORY12_EVENT_TYPE,PRICE_HISTORY12_PRICE
MLS Listing,,Single Family Residential,107 Durham St,Menlo Park,CA,94025,1998000,3,2.0,MENLO PARK,1600,5300.0,1953,1,1249,,Active,October-1-2023 02:00 PM,October-1-2023 04:00 PM,https://www.redfin.com/CA/Menlo-Park/107-Durham-St-94025/home/855092,MLSListings,ML81943563,N,Y,37.4638204,-122.1520518,"Attached Garage, Parking Area",2.0,"Shower Over Tub, Stall Shower, Steam Shower, Tile",Dining Area in Living Room,"Electricity Hookup (220V), Washer/Dryer","Laminate, Tile",Central Forced Air,Central Forced Air (Gas),"Individual Electric Meters, Individual Gas Meters, Public Utilities",1.0,8,8,6,2.5,1249.0,1993228.0,14127.0,81,Very bikeable,73,Very walkable,36,Some transit,Moderate,Minimal,Moderate,Minimal,"Places11 groceries, 23 restaurants, 4 parksTransit280, 281, 296, 397, 81, 82, 83, 84, 88, M1 Shuttle, M1 Shuttle (City of Menlo Park), M4 Shuttle, M4 Shuttle (City of Menlo Park)","Sep 29, 2023",Listed (Active)MLSListings #ML81943563,1998000.0,https://www.redfin.com/CA/Menlo-Park/107-Durham-St-94025/home/855092,,,,,,,,,,,,,,,,,,,,,,,,,,,,,,,,,,,,
MLS Listing,,Single Family Residential,1 Douglass Way,Atherton,CA,94027,7295000,5,4.0,ATHERTON,3825,29008.0,1948,1,1907,,Active,October-1-2023 02:00 PM,October-1-2023 04:00 PM,https://www.redfin.com/CA/Atherton/1-Douglass-Way-94027/home/885550,MLSListings,ML81943543,N,Y,37.4553872,-122.1890167,"Attached Garage, Parking Area",2.0,"Double Sinks, Half on Ground Floor, Primary (Stall Shower(s)), Primary (Sunken Tub), Shower Over Tub, 2+ Stall Shower, Tile, Updated Bath(s)","Dining Area, Eat in Kitchen","Dryer, Inside, Washer","Carpet, Hardwood",Central Forced Air,Central Forced Air,Public Utilities,1.0,8,8,6,2.5,1907.0,7306507.0,51580.0,94,Biker's paradise,86,Very walkable,,,Minimal,Minimal,Moderate,Minimal,"Places2 groceries, 24 restaurants, 0 parksTransit286, 296, 397, 80, 81, 82, 83, 84, 88, Bus Bridge, ECR, L1, L2, L3, L5, L6, M1 Shuttle, M1 Shuttle (City of Menlo Park), M3 Shuttle, M3 Shuttle (City of Menlo Park), M4 Shuttle, M4 Shuttle (City of Menlo Park)","Sep 29, 2023",Listed (Active)MLSListings #ML81943543,7295000.0,https://www.redfin.com/CA/Atherton/1-Douglass-Way-94027/home/885550,"Nov 1, 2012",Pending (Pending Without Release)MLSListings #ML81238294,NA,"Oct 19, 2012",Listed (Active)MLSListings #ML81238294,2759000.0,,,,,,,,,,,,,,,,,,,,,,,,,,,,,,
MLS Listing,,Single Family Residential,905 Monte Rosa Dr,Menlo Park,CA,94025,6545000,4,4.5,MENLO PARK,3737,11627.0,2023,2,1751,,Active,,,https://www.redfin.com/CA/Menlo-Park/905-Monte-Rosa-Dr-94025/home/899453,MLSListings,ML81943425,N,Y,37.4272569,-122.2053551,Attached Garage,2.0,"Double Sinks, Full on Ground Floor, Primary - Oversized Tub, Primary (Stall Shower(s)), Shower Over Tub, Stall Shower","Breakfast Bar, Eat in Kitchen, No Formal Dining Room",Inside,"Hardwood, Tile",Multi-Zone,Central Forced Air,Individual Electric Meters,2.0,NA,NA,6,2.5,1751.0,6566996.0,46277.0,60,Bikeable,61,Somewhat walkable,19,Minimal transit,Minimal,Major,Moderate,Minimal,"Places4 groceries, 21 restaurants, 8 parksTransit275, 286, 72, 80, 82, 83, 84, 87, ECR, M1 Shuttle, M1 Shuttle (City of Menlo Park), U","Sep 28, 2023",Listed (Active)MLSListings #ML81943425,6545000.0,https://www.redfin.com/CA/Menlo-Park/905-Monte-Rosa-Dr-94025/home/899453,,,,,,,,,,,,,,,,,,,,,,,,,,,,,,,,,,,,
MLS Listing,,Single Family Residential,531 Grace Dr,Menlo Park,CA,94025,6795000,5,4.5,MENLO PARK,4190,10476.0,2002,2,1622,,Active,October-1-2023 01:00 PM,October-1-2023 04:00 PM,https://www.redfin.com/CA/Menlo-Park/531-Grace-Dr-94025/home/1809606,MLSListings,ML81943418,N,Y,37.4343947,-122.1909899,"Attached Garage, Gate/Door Opener, Guest/Visitor Parking, Off-Street Parking, Room for Oversized Vehicle",2.0,"Double Sinks, Full on Ground Floor, Half on Ground Floor, Primary - Oversized Tub, Primary (Stall Shower(s)), 2+ Showers Over Tubs, Tile, Updated Bath(s)","Breakfast Bar, Eat in Kitchen, Formal Dining Room","In Utility Room, Inside, Tub/Sink","Hardwood, Marble, Stone",Central Forced Air,Central Forced Air (Gas),Public Utilities,3.0,9,8,6,2.5,1622.0,6863892.0,48045.0,80,Very bikeable,29,Car-dependent,19,Minimal transit,Minimal,Minor,Moderate,Minimal,"Places4 groceries, 20 restaurants, 6 parksTransit21, 280, 281, 286, 80, 82, 83, 84, 87, Bus Bridge, ECR, M1 Shuttle, M1 Shuttle (City of Menlo Park), U","Sep 28, 2023",Listed (Active)MLSListings #ML81943418,6795000.0,https://www.redfin.com/CA/Menlo-Park/531-Grace-Dr-94025/home/1809606,,,,,,,,,,,,,,,,,,,,,,,,,,,,,,,,,,,,
MLS Listing,,Townhouse,140 Buckthorn Way,Menlo Park,CA,94025,2140000,3,2.5,Not Listed,2030,1965.0,1997,3,1054,400.0,Active,October-1-2023 01:00 PM,October-1-2023 04:00 PM,https://www.redfin.com/CA/Menlo-Park/140-Buckthorn-Way-94025/home/2055607,"bridgeMLS, Bay East AOR, or Contra Costa AOR",41040306,N,Y,37.4596986,-122.1928315,,2.0,,,,"Hardwood, Hardwood Flrs Throughout",Central Air,Forced Air,All Public Utilities,,8,8,6,2.5,1054.0,2172360.0,15531.0,80,Very bikeable,69,Somewhat walkable,42,Some transit,Minimal,Minimal,Moderate,Minimal,"Places0 groceries, 18 restaurants, 3 parksTransit286, 296, 397, 80, 81, 82, 83, 84, 88, Bus Bridge, ECR, L1, L2, L3, L5, L6, M1 Shuttle, M1 Shuttle (City of Menlo Park), M3 Shuttle, M3 Shuttle (City of Menlo Park), M4 Shuttle, M4 Shuttle (City of Menlo Park)","Sep 27, 2023","Listed (Active)bridgeMLS, Bay East AOR, or Contra Costa AOR #41040306",2140000.0,https://www.redfin.com/CA/Menlo-Park/140-Buckthorn-Way-94025/home/2055607,"Nov 1, 2012",Pending (Pending Without Release)MLSListings #ML81233058,NA,"Oct 26, 2012",Price ChangedMLSListings #ML81233058,1099000.0,"Sep 6, 2012",Listed (Active)MLSListings #ML81233058,1125000.0,,,,,,,,,,,,,,,,,,,,,,,,,,,
MLS Listing,,Single Family Residential,508 Laurel Ave,Menlo Park,CA,94025,3795000,4,3.0,MENLO PARK,2360,7000.0,2009,4,1608,,Active,October-1-2023 01:00 PM,October-1-2023 04:00 PM,https://www.redfin.com/CA/Menlo-Park/508-Laurel-Ave-94025/home/1351258,MLSListings,ML81929853,N,Y,37.4607359,-122.1544475,Detached,2.0,Full on Ground Floor,"Dining Area, Dining Area in Living Room","Inside, Washer/Dryer","Carpet, Hardwood, Tile",Central Forced Air,Central Forced Air (Gas),Public Utilities,2.0,8,8,6,2.5,1608.0,3823414.0,26833.0,82,Very bikeable,77,Very walkable,37,Some transit,Moderate,Minimal,Moderate,Minimal,"Places7 groceries, 24 restaurants, 3 parksTransit21, 280, 281, 296, 397, 81, 82, 83, 84, 88, M1 Shuttle, M1 Shuttle (City of Menlo Park), M4 Shuttle, M4 Shuttle (City of Menlo Park)","Sep 26, 2023",Listed (Active)MLSListings #ML81929853,3795000.0,https://www.redfin.com/CA/Menlo-Park/508-Laurel-Ave-94025/home/1351258,"Jul 6, 2018",Pending (Pending (Do Not Show))MLSListings #ML81712268,NA,"Jun 28, 2018",Listed (Active)MLSListings #ML81712268,3250000.0,,,,,,,,,,,,,,,,,,,,,,,,,,,,,,
MLS Listing,,Single Family Residential,624 Harvard Ave,Menlo Park,CA,94025,2449900,3,2.0,,1450,1676.0,1925,5,1690,,Active,October-1-2023 01:00 PM,October-1-2023 04:00 PM,https://www.redfin.com/CA/Menlo-Park/624-Harvard-Ave-94025/home/1738961,"bridgeMLS, Bay East AOR, or Contra Costa AOR",41040114,N,Y,37.4473984,-122.1739725,,1.0,,,,"Hardwood, Laminate, Tile, Carpet",Central Air,Gravity,All Public Utilities,,9,8,6,2.5,1690.0,2457254.0,17322.0,100,/100Biker's paradise,85,Very walkable,54,Good transit,NA,NA,NA,NA,"Places2 groceries, 28 restaurants, 4 parksTransit21, 22, 280, 281, 286, 296, 397, 80, 81, 82, 83, 84, 88, B7, Bus Bridge, ECR, L1, L2, L3, L4, L5, L6, M1 Shuttle, M1 Shuttle (City of Menlo Park), M3 Shuttle, M3 Shuttle (City of Menlo Park), M4 Shuttle, M4 Shuttle (City of Menlo Park), Rapid 522, U","Sep 25, 2023","Listed (New)bridgeMLS, Bay East AOR, or Contra Costa AOR #41040114",2449900.0,https://www.redfin.com/CA/Menlo-Park/624-Harvard-Ave-94025/home/1738961,"Jul 16, 2018",Pending (Pending (Do Not Show))MLSListings #ML81711768,NA,"Jun 25, 2018",Listed (Active)MLSListings #ML81711768,2295000.0,,,,,,,,,,,,,,,,,,,,,,,,,,,,,,
MLS Listing,,Single Family Residential,1312 Hill Ave,Menlo Park,CA,94025,999000,2,1.0,MENLO PARK,880,4800.0,1951,5,1135,,Active,October-1-2023 01:30 PM,October-1-2023 04:00 PM,https://www.redfin.com/CA/Menlo-Park/1312-Hill-Ave-94025/home/1574731,MLSListings,ML81943042,N,Y,37.4764137,-122.1636142,Attached Garage,1.0,"Shower Over Tub, Tile","Dining ""L""",Inside,,Ceiling Fan,Wall Furnace,Public Utilities,1.0,NA,NA,6,3.0,1135.0,1068963.0,7064.0,84,Very bikeable,58,Somewhat walkable,35,Some transit,Minimal,Minor,Moderate,Minimal,"Places8 groceries, 20 restaurants, 8 parksTransit281, 296, 397, 81, 82, 83, 88, M1 Shuttle, M1 Shuttle (City of Menlo Park), M3 Shuttle, M3 Shuttle (City of Menlo Park), M4 Shuttle, M4 Shuttle (City of Menlo Park)","Sep 25, 2023",Listed (Active)MLSListings #ML81943042,999000.0,https://www.redfin.com/CA/Menlo-Park/1312-Hill-Ave-94025/home/1574731,"Apr 28, 2012",Pending (Pending Without Release)MLSListings #ML81210497,NA,"Apr 24, 2012",Price ChangedMLSListings #ML81210497,359500.0,"Mar 21, 2012",Listed (Active)MLSListings #ML81210497,379500.0,,,,,,,,,,,,,,,,,,,,,,,,,,,
MLS Listing,,Single Family Residential,2169 Gordon Ave,Menlo Park,CA,94025,4750000,5,4.5,MENLO PARK,2930,5982.0,2018,5,1621,,Active,,,https://www.redfin.com/CA/Menlo-Park/2169-Gordon-Ave-94025/home/145959096,MLSListings,ML81943036,N,Y,37.4309182,-122.2031119,"On Street, Parking Area",2.0,"Double Sinks, Full on Ground Floor, Half on Ground Floor, Primary (Stall Shower(s)), Primary (Tub w/ Jets), 2+ Showers Over Tubs, Stall Shower, Tile, Updated Bath(s)",Dining Area in Living Room,"Dryer, Inside, Washer","Carpet, Hardwood, Tile",Central Forced Air,Central Forced Air,Public Utilities,2.0,NA,NA,6,2.5,1621.0,4794444.0,33585.0,70,Very bikeable,67,Somewhat walkable,,,Minimal,Major,Moderate,Minimal,"Places5 groceries, 19 restaurants, 7 parksTransit286, 80, 82, 83, 84, 87, ECR, M1 Shuttle, M1 Shuttle (City of Menlo Park)","Sep 25, 2023",Listed (Active)MLSListings #ML81943036,4750000.0,https://www.redfin.com/CA/Menlo-Park/2169-Gordon-Ave-94025/home/145959096,"Oct 23, 2019",Pending (Pending (Do Not Show))MLSListings #ML81769667,NA,"Sep 22, 2019",Listed (Active)MLSListings #ML81769667,4350000.0,,,,,,,,,,,,,,,,,,,,,,,,,,,,,,
MLS Listing,,Single Family Residential,2067 Ashton Ave,Menlo Park,CA,94025,2000000,3,1.0,MENLO PARK,1190,6000.0,1950,5,1681,,Active,October-1-2023 01:00 PM,October-1-2023 04:00 PM,https://www.redfin.com/CA/Menlo-Park/2067-Ashton-Ave-94025/home/1898756,MLSListings,ML81943034,N,Y,37.4330365,-122.2025852,"Attached Garage, Electric Gate, Guest/Visitor Parking",2.0,"Full on Ground Floor, Marble, Stall Shower, Updated Bath(s)",Dining Area in Living Room,"In Garage, Washer/Dryer",Wood,Central Forced Air,"Central Forced Air, Electric",Public Utilities,1.0,NA,NA,6,2.5,1681.0,2006936.0,14141.0,72,Very bikeable,65,Somewhat walkable,,,Minimal,Major,Moderate,Minimal,"Places5 groceries, 20 restaurants, 7 parksTransit286, 80, 82, 83, 84, 87, Bus Bridge, ECR, M1 Shuttle, M1 Shuttle (City of Menlo Park)","Sep 25, 2023",Listed (Active)MLSListings #ML81943034,2000000.0,https://www.redfin.com/CA/Menlo-Park/2067-Ashton-Ave-94025/home/1898756,"Oct 25, 2021",Pending (Pending (Do Not Show))MLSListings #ML81848755,NA,"Jul 19, 2021",Price ChangedMLSListings #ML81848755,1900000.0,"Jun 14, 2021",Listed (Active)MLSListings #ML81848755,1998000.0,,,,,,,,,,,,,,,,,,,,,,,,,,,
MLS Listing,,Single Family Residential,972 OLIVE St,Menlo Park,CA,94025,7270000,4,4.5,MENLO PARK,3997,10856.0,2023,8,1819,,Active,,,https://www.redfin.com/CA/Menlo-Park/972-Olive-St-94025/home/887250,MLSListings,ML81942933,N,Y,37.4401139,-122.1926304,"Attached Garage, Gate/Door Opener",2.0,"Double Sinks, Full on Ground Floor, Primary (Stall Shower(s)), 2+ Stall Shower, Stone, Tile, Tub in Master Bedroom, 2+ Tubs","Breakfast Bar, Eat in Kitchen, Formal Dining Room","Inside, Tub/Sink","Hardwood, Tile",Multi-Zone,Central Forced Air (Gas),Public Utilities,1.0,9,8,6,2.5,1819.0,7271730.0,51403.0,73,Very bikeable,31,Car-dependent,19,Minimal transit,Minimal,Minimal,Moderate,Minimal,"Places6 groceries, 17 restaurants, 5 parksTransit286, 296, 80, 82, 83, 84, 87, Bus Bridge, ECR, M1 Shuttle, M1 Shuttle (City of Menlo Park), M3 Shuttle, M3 Shuttle (City of Menlo Park)","Sep 22, 2023",Listed (Active)MLSListings #ML81942933,7270000.0,https://www.redfin.com/CA/Menlo-Park/972-Olive-St-94025/home/887250,"Mar 13, 2022",Pending (Pending (Do Not Show))MLSListings #ML81879899,NA,"Feb 25, 2022",Listed (Active)MLSListings #ML81879899,3898880.0,,,,,,,,,,,,,,,,,,,,,,,,,,,,,,
MLS Listing,,Single Family Residential,1074 Del Norte Ave,Menlo Park,CA,94025,3598000,4,4.0,MENLO PARK,3192,8760.0,1954,8,1127,,Active,October-1-2023 02:00 PM,October-1-2023 04:00 PM,https://www.redfin.com/CA/Menlo-Park/1074-Del-Norte-Ave-94025/home/1988439,MLSListings,ML81942932,N,Y,37.4752055,-122.168481,"Attached Garage, Off-Street Parking",2.0,"Full on Ground Floor, Primary - Oversized Tub, Primary (Stall Shower(s))","Breakfast Bar, Dining Area in Living Room","Inside, Washer/Dryer","Hardwood, Tile",Central Forced Air,Central Forced Air,Public Utilities,2.0,8,8,6,2.5,1127.0,3669922.0,25440.0,73,Very bikeable,24,Car-dependent,31,Some transit,Minimal,Minor,Moderate,Minimal,"Places5 groceries, 19 restaurants, 6 parksTransit270, 281, 286, 296, 397, 81, 82, 83, 84, 88, M1 Shuttle, M1 Shuttle (City of Menlo Park), M3 Shuttle, M3 Shuttle (City of Menlo Park), M4 Shuttle, M4 Shuttle (City of Menlo Park)","Sep 22, 2023",Listed (Active)MLSListings #ML81942932,3598000.0,https://www.redfin.com/CA/Menlo-Park/1074-Del-Norte-Ave-94025/home/1988439,"Apr 24, 2009",Listing RemovedMLSListings #ML80908086,NA,"Apr 12, 2009",ContingentMLSListings #ML80908086,NA,"Mar 19, 2009",Price ChangedMLSListings #ML80908086,945000.0,"Feb 16, 2009",ListedMLSListings #ML80908086,965000.0,,,,,,,,,,,,,,,,,,,,,,,,
MLS Listing,,Single Family Residential,1223 Hollyburne Ave,Menlo Park,CA,94025,1388000,4,3.5,MENLO PARK,1225,5750.0,1952,8,1133,,Active,October-1-2023 01:30 PM,October-1-2023 04:00 PM,https://www.redfin.com/CA/Menlo-Park/1223-Hollyburne-Ave-94025/home/1775866,MLSListings,ML81942847,N,Y,37.4749848,-122.1583481,Attached Garage,2.0,,Dining Area in Living Room,,"Hardwood, Tile",Central Forced Air,Central Forced Air (Gas),"Public Utilities, Solar Panels - Owned",1.0,NA,2,6,2.5,1133.0,1394769.0,9814.0,77,Very bikeable,73,Very walkable,37,Some transit,Minimal,Minimal,Moderate,Minimal,"Places8 groceries, 21 restaurants, 9 parksTransit281, 296, 397, 81, 82, 83, 88, M1 Shuttle, M1 Shuttle (City of Menlo Park), M3 Shuttle, M3 Shuttle (City of Menlo Park), M4 Shuttle, M4 Shuttle (City of Menlo Park)","Sep 22, 2023",Listed (Active)MLSListings #ML81942847,1388000.0,https://www.redfin.com/CA/Menlo-Park/1223-Hollyburne-Ave-94025/home/1775866,"Jun 29, 2018","PendingbridgeMLS, Bay East AOR, or Contra Costa AOR #40826473",NA,"Jun 15, 2018","Listed (New)bridgeMLS, Bay East AOR, or Contra Costa AOR #40826473",1189000.0,,,,,,,,,,,,,,,,,,,,,,,,,,,,,,
MLS Listing,,Multi-Family (2-4 Unit),1139-41 Marsh Rd,Redwood City,CA,94063,1349000,3,3.0,REDWOOD CITY,2569,11200.0,1940,8,525,,Active,,,https://www.redfin.com/CA/Redwood-City/1139-Marsh-Rd-94063/home/2011678,MLSListings,ML81941788,N,Y,37.4816813,-122.1843735,"Attached Garage, Off-Site Parking, On Street",3.0,,,,,,"Gas, Wall Furnace","Individual Electric Meters, Individual Gas Meters, Public Utilities",1.0,3,NA,6,2.5,525.0,1347654.0,9538.0,61,Bikeable,57,Somewhat walkable,,,Minimal,Minor,Moderate,Minimal,"Places4 groceries, 9 restaurants, 10 parksTransit270, 281, 286, 296, 397, 79, 81, 82, 83, 84, 88, M1 Shuttle, M1 Shuttle (City of Menlo Park), M3 Shuttle, M3 Shuttle (City of Menlo Park), MPT Shuttle","Sep 22, 2023",Listed (Active)MLSListings #ML81941788,1349000.0,https://www.redfin.com/CA/Redwood-City/1139-Marsh-Rd-94063/home/2011678,,,,,,,,,,,,,,,,,,,,,,,,,,,,,,,,,,,,
MLS Listing,,Single Family Residential,1815 Altschul Ave,Menlo Park,CA,94025,3100000,3,3.0,MENLO PARK,1910,10000.0,1954,9,1623,,Active,October-1-2023 01:00 PM,October-1-2023 04:00 PM,https://www.redfin.com/CA/Menlo-Park/1815-Altschul-Ave-94025/home/2039492,MLSListings,ML81942793,N,Y,37.4341269,-122.21134,"Detached, Drive Through, On Street, Parking Area",2.0,"Double Sinks, Primary (Stall Shower(s)), Shower Over Tub, Stall Shower, Tile","Dining Area in Living Room, Eat in Kitchen",Washer/Dryer,"Hardwood, Laminate, Tile",,"Central Forced Air (Gas), Wall Furnace",Public Utilities,,NA,NA,6,2.5,1623.0,3170685.0,21919.0,45,Somewhat bikeable,47,Car-dependent,,,Minimal,Moderate,Moderate,Minimal,"Places3 groceries, 19 restaurants, 5 parksTransit275, 278, 286, 72, 80, 82, 83, 84, 87, ECR, M1 Shuttle, M1 Shuttle (City of Menlo Park)","Sep 21, 2023",Listed (Active)MLSListings #ML81942793,3100000.0,https://www.redfin.com/CA/Menlo-Park/1815-Altschul-Ave-94025/home/2039492,,,,,,,,,,,,,,,,,,,,,,,,,,,,,,,,,,,,
MLS Listing,,Single Family Residential,28 Athlone Way,Menlo Park,CA,94025,1595000,3,1.5,MENLO PARK,1191,7500.0,1950,9,1339,,Active,,,https://www.redfin.com/CA/Menlo-Park/28-Athlone-Way-94025/home/1360362,MLSListings,ML81942774,N,Y,37.4772863,-122.193096,Attached Garage,1.0,Tile,Dining Area in Living Room,"Dryer, Inside, Tub/Sink, Washer","Carpet, Laminate, Tile",Whole House Fan,Central Forced Air (Gas),Public Utilities,1.0,NA,NA,6,2.5,1339.0,1671735.0,11278.0,58,Bikeable,46,Car-dependent,,,Major,Minimal,Moderate,Minimal,"Places5 groceries, 21 restaurants, 4 parksTransit270, 286, 296, 397, 72, 79, 81, 82, 83, 84, 88, ECR, M1 Shuttle, M1 Shuttle (City of Menlo Park), M3 Shuttle, M3 Shuttle (City of Menlo Park), MPT Shuttle","Sep 21, 2023",Listed (Active)MLSListings #ML81942774,1595000.0,https://www.redfin.com/CA/Menlo-Park/28-Athlone-Way-94025/home/1360362,,,,,,,,,,,,,,,,,,,,,,,,,,,,,,,,,,,,
MLS Listing,,Townhouse,739 Fremont St,Menlo Park,CA,94025,2995000,3,3.5,MENLO PARK,2215,17660.0,2005,9,1352,,Active,October-1-2023 01:30 PM,October-1-2023 04:30 PM,https://www.redfin.com/CA/Menlo-Park/739-Fremont-St-94025/home/44621128,MLSListings,ML81942765,N,Y,37.4456092,-122.1849522,Attached Garage,2.0,"Double Sinks, Half on Ground Floor, Primary - Oversized Tub, Primary (Stall Shower(s)), Sauna",Dining Area in Family Room,"Upper Floor, Washer/Dryer","Carpet, Hardwood",Central Forced Air,Central Forced Air,"Individual Electric Meters, Individual Gas Meters, Public Utilities",2.0,9,8,6,2.5,1352.0,2983487.0,21177.0,87,Very bikeable,84,Very walkable,37,Some transit,Minimal,NA,Moderate,Minimal,"Places6 groceries, 16 restaurants, 3 parksTransit21, 280, 281, 286, 296, 80, 82, 83, 84, 88, Bus Bridge, ECR, L1, L2, L3, L5, L6, M1 Shuttle, M1 Shuttle (City of Menlo Park), M3 Shuttle, M3 Shuttle (City of Menlo Park), M4 Shuttle, M4 Shuttle (City of Menlo Park)","Sep 21, 2023",Listed (Active)MLSListings #ML81942765,2995000.0,https://www.redfin.com/CA/Menlo-Park/739-Fremont-St-94025/home/44621128,,,,,,,,,,,,,,,,,,,,,,,,,,,,,,,,,,,,
MLS Listing,,Single Family Residential,51 Watkins Ave,Atherton,CA,94027,3999888,4,2.0,ATHERTON,2400,13100.0,1946,11,1667,,Active,October-1-2023 01:30 PM,October-1-2023 04:30 PM,https://www.redfin.com/CA/Atherton/51-Watkins-Ave-94027/home/2048813,MLSListings,ML81942488,N,Y,37.4610552,-122.1950715,"Covered Parking, Detached, Electric Gate, Guest/Visitor Parking",3.0,"Full on Ground Floor, Granite, Primary (Stall Shower(s)), Shower Over Tub","Breakfast Bar, Formal Dining Room","Inside, Washer/Dryer","Carpet, Concrete, Hardwood, Laminate, Tile",Central Forced Air,Central Forced Air (Gas),Public Utilities,,8,8,6,2.5,1667.0,4010480.0,28282.0,73,Very bikeable,57,Somewhat walkable,,,Moderate,Minimal,Moderate,Minimal,"Places1 grocery, 20 restaurants, 3 parksTransit270, 286, 296, 397, 79, 80, 81, 82, 83, 84, 88, Bus Bridge, ECR, L1, L2, L3, L5, L6, M1 Shuttle, M1 Shuttle (City of Menlo Park), M3 Shuttle, M3 Shuttle (City of Menlo Park), M4 Shuttle, M4 Shuttle (City of Menlo Park)","Sep 19, 2023",Listed (Active)MLSListings #ML81942488,3999888.0,https://www.redfin.com/CA/Atherton/51-Watkins-Ave-94027/home/2048813,"Jul 26, 2021",Pending (Pending (Do Not Show))MLSListings #ML81853458,NA,"Jul 14, 2021",Listed (Active)MLSListings #ML81853458,2998000.0,,,,,,,,,,,,,,,,,,,,,,,,,,,,,,
MLS Listing,,Single Family Residential,2887 Fordham St,East Palo Alto,CA,94303,2000000,7,4.0,EAST PALO ALTO,2016,8160.0,1953,12,992,,Active,,,https://www.redfin.com/CA/East-Palo-Alto/2887-Fordham-St-94303/home/1316125,MLSListings,ML81942355,N,Y,37.4826444,-122.13402,Off-Street Parking,2.0,,Eat in Kitchen,,,,"Floor Furnace, Forced Air",Public Utilities,1.0,NA,2,6,2.5,992.0,2010655.0,14141.0,47,Somewhat bikeable,23,Car-dependent,,,Major,Minimal,Moderate,Minimal,"Places10 groceries, 24 restaurants, 5 parksTransit280, 281, 296, 397, 81, 83, M1 Shuttle, M1 Shuttle (City of Menlo Park), M4 Shuttle, M4 Shuttle (City of Menlo Park)","Sep 18, 2023",Listed (Active)MLSListings #ML81942355,2000000.0,https://www.redfin.com/CA/East-Palo-Alto/2887-Fordham-St-94303/home/1316125,,,,,,,,,,,,,,,,,,,,,,,,,,,,,,,,,,,,
MLS Listing,,Condo/Co-op,675 Sharon Park Dr #135,Menlo Park,CA,94025,899000,2,2.0,MENLO PARK,1020,,1968,12,881,611.0,Active,October-1-2023 12:00 PM,October-1-2023 05:00 PM,https://www.redfin.com/CA/Menlo-Park/675-Sharon-Park-Dr-94025/unit-135/home/2056749,MLSListings,ML81942271,N,Y,37.4231612,-122.201082,"Assigned Spaces, Common Parking Area, Covered Parking",,,Dining Area,,,Central Forced Air,Central Forced Air,Public Utilities,1.0,NA,NA,6,2.5,881.0,908883.0,6967.0,74,Very bikeable,64,Somewhat walkable,18,Minimal transit,Minimal,Major,Moderate,Minimal,"Places4 groceries, 22 restaurants, 6 parksTransit21, 286, 80, 82, 83, 84, 87, M1 Shuttle, M1 Shuttle (City of Menlo Park), U","Sep 18, 2023",Listed (Active)MLSListings #ML81942271,899000.0,https://www.redfin.com/CA/Menlo-Park/675-Sharon-Park-Dr-94025/unit-135/home/2056749,,,,,,,,,,,,,"Common Area Electricity, Garbage, Maintenance (Common Area), Maintenance (Exterior), Pools, Spa, or Tennis",Lincoln Green Homeowners Association,,,,,,,,,,,,,,,,,,,,,,
MLS Listing,,Single Family Residential,262 Oconnor St,Menlo Park,CA,94025,3750000,4,2.5,MENLO PARK,2514,15768.0,1924,12,1492,,Active,,,https://www.redfin.com/CA/Menlo-Park/262-Oconnor-St-94025/home/1552128,MLSListings,ML81942265,N,Y,37.4607377,-122.1492578,Covered Parking,,,Formal Dining Room,Washer/Dryer,,,Central Forced Air,"Public Utilities, Other (See Remarks)",2.0,8,8,6,2.5,1492.0,,26515.0,76,Very bikeable,70,Very walkable,36,Some transit,Minimal,Minimal,Moderate,Minimal,"Places9 groceries, 26 restaurants, 4 parksTransit21, 280, 281, 296, 397, 81, 82, 83, M1 Shuttle, M1 Shuttle (City of Menlo Park), M4 Shuttle, M4 Shuttle (City of Menlo Park)","Sep 18, 2023",Listed (Active)MLSListings #ML81942265,3750000.0,https://www.redfin.com/CA/Menlo-Park/262-Oconnor-St-94025/home/1552128,,,,,,,,,,,,,,,,,,,,,,,,,,,,,,,,,,,,
MLS Listing,,Single Family Residential,960 Lucky Ave,Menlo Park,CA,94025,4500000,6,6.5,MENLO PARK,4035,8320.0,2023,13,1115,,Active,October-1-2023 01:00 PM,October-1-2023 04:00 PM,https://www.redfin.com/CA/Menlo-Park/960-Lucky-Ave-94025/home/185268133,MLSListings,ML81942228,N,Y,37.4317767,-122.199092,"Attached Garage, Off-Street Parking, On Street, Parking Area",2.0,"Double Sinks, Full on Ground Floor, Half on Ground Floor","Dining Area in Family Room, Dining Area in Living Room",In Utility Room,,Central Forced Air,"Central Forced Air (Gas), Solar",Public Utilities,2.0,NA,NA,6,2.5,1115.0,4793128.0,31818.0,72,Very bikeable,62,Somewhat walkable,,,Minimal,Major,Moderate,Minimal,"Places5 groceries, 19 restaurants, 7 parksTransit21, 286, 80, 82, 83, 84, 87, Bus Bridge, ECR, M1 Shuttle, M1 Shuttle (City of Menlo Park), U","Sep 17, 2023",Listed (Active)MLSListings #ML81942228,4500000.0,https://www.redfin.com/CA/Menlo-Park/960-Lucky-Ave-94025/home/185268133,,,,,,,,,,,,,,,,,,,,,,,,,,,,,,,,,,,,
MLS Listing,,Single Family Residential,595 Morey Dr,Menlo Park,CA,94025,3650000,3,2.0,MENLO PARK,1240,8000.0,1944,17,2944,,Active,,,https://www.redfin.com/CA/Menlo-Park/595-Morey-Dr-94025/home/1091594,MLSListings,ML81941171,N,Y,37.4492719,-122.1804747,Attached Garage,1.0,,"Breakfast Bar, Breakfast Nook, Eat in Kitchen, No Formal Dining Room",Inside,"Hardwood, Tile",Central Forced Air,"Central Forced Air, Fireplace","Individual Electric Meters, Individual Gas Meters, Natural Gas, Public Utilities",1.0,9,8,6,2.5,2944.0,3610103.0,25808.0,95,Biker's paradise,89,Very walkable,48,Some transit,Moderate,Minimal,Moderate,Minimal,"Places7 groceries, 23 restaurants, 1 parkTransit21, 280, 281, 286, 296, 397, 80, 81, 82, 83, 84, 88, Bus Bridge, ECR, L1, L2, L3, L5, L6, M1 Shuttle, M1 Shuttle (City of Menlo Park), M3 Shuttle, M3 Shuttle (City of Menlo Park), M4 Shuttle, M4 Shuttle (City of Menlo Park)","Sep 13, 2023",Listed (Active)MLSListings #ML81941171,3650000.0,https://www.redfin.com/CA/Menlo-Park/595-Morey-Dr-94025/home/1091594,,,,,,,,,,,,,,,,,,,,,,,,,,,,,,,,,,,,
MLS Listing,,Single Family Residential,881 Lytton Ave,Palo Alto,CA,94301,2988000,3,2.5,PALO ALTO,1676,3789.0,1926,17,1783,,Active,October-1-2023 01:30 PM,October-1-2023 04:30 PM,https://www.redfin.com/CA/Palo-Alto/881-Lytton-Ave-94301/home/542884,MLSListings,ML81941702,N,Y,37.453768,-122.1559849,"No Garage, On Street",,"Half on Ground Floor, Marble, Primary (Stall Shower(s)), Shower Over Tub, Stall Shower, Tile","Dining Area in Living Room, Dining Bar, Eat in Kitchen","Dryer, Electricity Hookup (110V), Hookup (Gas Dryer), Inside, Tub/Sink, Washer","Marble, Tile, Wood",Central Forced Air,Central Forced Air,"Individual Electric Meters, Individual Gas Meters, Public Utilities",2.0,8,7,9,2.5,1783.0,,21127.0,87,Very bikeable,75,Very walkable,44,Some transit,Minimal,Minimal,Moderate,Minimal,"Places3 groceries, 25 restaurants, 2 parksTransit21, 22, 280, 281, 296, 397, 81, 82, 83, 84, 88, B7, Bus Bridge, ECR, L1, L2, L3, L4, L5, L6, M1 Shuttle, M1 Shuttle (City of Menlo Park), M4 Shuttle, M4 Shuttle (City of Menlo Park), Rapid 522","Sep 13, 2023",Listed (Active)MLSListings #ML81941702,2988000.0,https://www.redfin.com/CA/Palo-Alto/881-Lytton-Ave-94301/home/542884,"Jun 1, 2009",Listing RemovedMLSListings #ML80923142,NA,"May 26, 2009",ContingentMLSListings #ML80923142,NA,"May 12, 2009",ListedMLSListings #ML80923142,1099000.0,,,,,,,,,,,,,,,,,,,,,,,,,,,
MLS Listing,,Condo/Co-op,300 Sand Hill Cir #306,Menlo Park,CA,94025,1658000,2,2.0,MENLO PARK,1956,,1974,19,848,1040.0,Active,October-1-2023 02:00 PM,October-1-2023 04:00 PM,https://www.redfin.com/CA/Menlo-Park/300-Sand-Hill-Cir-94025/unit-306/home/988321,MLSListings,ML81941493,N,Y,37.4256956,-122.2215136,"Assigned Spaces, Common Parking Area, Covered Parking, Electric Gate, Gate/Door Opener, Guest/Visitor Parking, Underground Parking",2.0,"Double Sinks, Primary (Stall Shower(s)), Shower Over Tub, Stone, Tile, Updated Bath(s)","Dining Area, Dining Area in Living Room, Eat in Kitchen",Inside,"Carpet, Laminate, Tile",Central Forced Air,Central Forced Air,Public Utilities,1.0,NA,NA,6,2.5,848.0,1648385.0,12763.0,48,Somewhat bikeable,15,Car-dependent,10,Minimal transit,Minimal,Moderate,Moderate,Minimal,"Places3 groceries, 22 restaurants, 5 parksTransit275, 278, 286, 72, 79, 80, 82, 83, 84, 85, 87, M1 Shuttle, M1 Shuttle (City of Menlo Park)","Sep 11, 2023",Listed (Active)MLSListings #ML81941493,1658000.0,https://www.redfin.com/CA/Menlo-Park/300-Sand-Hill-Cir-94025/unit-306/home/988321,,,,,,,,,,,,,"Common Area Electricity, Common Area Gas, Decks, Exterior Painting, Garbage, Insurance (Common Area), Insurance (Earthquake), Landscaping/Gardening, Maintenance (Common Area), Maintenance (Exterior), Maintenance (Road), Management Fee, Pools, Spa, or Tennis, Reserves, Roof, Sewer, Water/Sewer",Sandhill Circle HOA,Monthly,,,,,,,,,,,,,,,,,,,,,
MLS Listing,,Single Family Residential,15 San Juan Ave,Menlo Park,CA,94025,2950000,3,2.0,MENLO PARK,1690,9850.0,1959,19,1746,,Active,October-1-2023 01:30 PM,October-1-2023 04:30 PM,https://www.redfin.com/CA/Menlo-Park/15-San-Juan-Ave-94025/home/1454863,MLSListings,ML81941487,N,Y,37.4394867,-122.2074268,"Detached, Off-Street Parking",2.0,"Shower and Tub, Stall Shower","Dining Area in Living Room, Eat in Kitchen","Inside, Tub/Sink, Washer/Dryer","Hardwood, Tile, Vinyl/Linoleum",Whole House Fan,Central Forced Air (Gas),Public Utilities,1.0,NA,NA,6,2.5,1746.0,2959324.0,20858.0,67,Bikeable,27,Car-dependent,,,Major,Minimal,Moderate,Minimal,"Places5 groceries, 18 restaurants, 8 parksTransit275, 278, 286, 72, 80, 82, 83, 84, 87, ECR, M1 Shuttle, M1 Shuttle (City of Menlo Park)","Sep 26, 2023",Price ChangedMLSListings #ML81941487,2950000.0,https://www.redfin.com/CA/Menlo-Park/15-San-Juan-Ave-94025/home/1454863,"Sep 11, 2023",Listed (Active)MLSListings #ML81941487,3500000.0,,,,,,,,,,,,,,,,,,,,,,,,,,,,,,,,,
MLS Listing,,Condo/Co-op,150 Alma St #309,Menlo Park,CA,94025,1999000,2,2.0,MENLO PARK,1872,,1975,19,1068,1534.0,Active,,,https://www.redfin.com/CA/Menlo-Park/150-Alma-St-94025/unit-309/home/187419950,MLSListings,ML81936890,N,Y,37.4487463,-122.1714579,Underground Parking,2.0,"Shower Over Tub, Stall Shower, Tub w/Jets",Dining Area in Living Room,"In Utility Room, Washer/Dryer","Carpet, Tile, Wood",Central Forced Air,Central Forced Air,Public Utilities,1.0,8,8,6,2.5,1068.0,1988905.0,15668.0,97,Biker's paradise,75,Very walkable,54,Good transit,NA,NA,NA,NA,"Places1 grocery, 30 restaurants, 5 parksTransit21, 22, 280, 281, 286, 296, 397, 80, 81, 82, 83, 84, 88, B7, Bus Bridge, ECR, L1, L2, L3, L4, L5, L6, M1 Shuttle, M1 Shuttle (City of Menlo Park), M3 Shuttle, M3 Shuttle (City of Menlo Park), M4 Shuttle, M4 Shuttle (City of Menlo Park), Rapid 522, U","Sep 11, 2023",Listed (Active)MLSListings #ML81936890,1999000.0,https://www.redfin.com/CA/Menlo-Park/150-Alma-St-94025/unit-309/home/187419950,"Apr 24, 2002",Listing RemovedMLSListings #ML80209849,NA,"Mar 2, 2002",ListedMLSListings #ML80209849,750000.0,,,,,,,"Common Area Electricity, Common Area Gas, Landscaping/Gardening, Maintenance (Common Area), Pools, Spa, or Tennis",Menlo Alma Homeowners Association,Monthly,,,,,,,,,,,,,,,,,,,,,
MLS Listing,,Townhouse,644 Sand Hill Cir,Menlo Park,CA,94025,2077000,3,2.5,MENLO PARK,2280,1950.0,1976,19,911,630.0,Active,,,https://www.redfin.com/CA/Menlo-Park/644-Sand-Hill-Cir-94025/home/1727457,MLSListings,ML81941481,N,Y,37.421658,-122.220917,"Attached Garage, Common Parking Area",2.0,"Double Sinks, Half on Ground Floor, Primary (Stall Shower(s)), Shower Over Tub, Tile","Eat in Kitchen, Formal Dining Room","Inside, Upper Floor, Washer/Dryer",,"Ceiling Fan, Central Forced Air",Central Forced Air (Gas),"Individual Electric Meters, Individual Gas Meters",2.0,NA,NA,6,2.5,911.0,2068017.0,15316.0,53,Bikeable,17,Car-dependent,7,Minimal transit,Minimal,Moderate,Moderate,Minimal,"Places5 groceries, 22 restaurants, 6 parksTransit275, 278, 286, 72, 79, 80, 82, 83, 84, 85, 87, M1 Shuttle, M1 Shuttle (City of Menlo Park)","Sep 11, 2023",Listed (Active)MLSListings #ML81941481,2077000.0,https://www.redfin.com/CA/Menlo-Park/644-Sand-Hill-Cir-94025/home/1727457,"May 7, 2010",Pending (Pending (Do Not Show))MLSListings #ML81003412,NA,"Apr 16, 2010",Pending (Contingent)MLSListings #ML81003412,NA,"Feb 28, 2010",Price ChangedMLSListings #ML81003412,1100000.0,"Jan 25, 2010",Listed (Active)MLSListings #ML81003412,1149000.0,"Common Area Electricity, Common Area Gas, Insurance (Common Area), Maintenance (Common Area), Maintenance (Road), Pools, Spa, or Tennis, Recreation Facility, Water/Sewer",Sand Hill Townhouse Association,Monthly,,,,,,,,,,,,,,,,,,,,,
MLS Listing,,Single Family Residential,165 Pineview Ln,Menlo Park,CA,94025,4175000,4,2.0,MENLO PARK,2090,10000.0,1956,19,1998,,Active,October-1-2023 02:30 PM,October-1-2023 04:00 PM,https://www.redfin.com/CA/Menlo-Park/165-Pineview-Ln-94025/home/1644295,MLSListings,ML81941474,N,Y,37.4390573,-122.1998075,Detached,2.0,,Dining Area in Living Room,Washer/Dryer,,,Forced Air,Public Utilities,1.0,9,8,6,2.5,1998.0,,29520.0,76,Very bikeable,44,Car-dependent,19,Minimal transit,Minimal,Minor,Moderate,Minimal,"Places6 groceries, 17 restaurants, 7 parksTransit286, 80, 82, 83, 84, 87, Bus Bridge, ECR, M1 Shuttle, M1 Shuttle (City of Menlo Park)","Sep 11, 2023",Listed (Active)MLSListings #ML81941474,4175000.0,https://www.redfin.com/CA/Menlo-Park/165-Pineview-Ln-94025/home/1644295,"Apr 12, 2005",Listing RemovedMLSListings #ML80513144,NA,"Mar 17, 2005",ListedMLSListings #ML80513144,1635000.0,,,,,,,,,,,,,,,,,,,,,,,,,,,,,,
MLS Listing,,Single Family Residential,644 Creek Dr,Menlo Park,CA,94025,2895000,3,3.5,MENLO PARK,2230,1850.0,1998,19,1298,,Active,October-1-2023 01:30 PM,October-1-2023 04:30 PM,https://www.redfin.com/CA/Menlo-Park/644-Creek-Dr-94025/home/1243497,MLSListings,ML81939894,N,Y,37.4465533,-122.1727449,"Assigned Spaces, Attached Garage",1.0,,"Dining Area, Eat in Kitchen",,Hardwood,Central Forced Air,Central Forced Air,Public Utilities,3.0,9,8,6,2.5,1298.0,2913977.0,20469.0,100,/100Biker's paradise,88,Very walkable,56,Good transit,Minimal,Minor,Moderate,Minimal,"Places2 groceries, 30 restaurants, 6 parksTransit21, 22, 280, 281, 286, 296, 397, 80, 81, 82, 83, 84, 88, B7, Bus Bridge, ECR, L1, L2, L3, L4, L5, L6, M1 Shuttle, M1 Shuttle (City of Menlo Park), M3 Shuttle, M3 Shuttle (City of Menlo Park), M4 Shuttle, M4 Shuttle (City of Menlo Park), Rapid 522, U","Sep 11, 2023",Listed (Active)MLSListings #ML81939894,2895000.0,https://www.redfin.com/CA/Menlo-Park/644-Creek-Dr-94025/home/1243497,,,,,,,,,,,,,,,,,,,,,,,,,,,,,,,,,,,,
MLS Listing,,Single Family Residential,224 Haight St,Menlo Park,CA,94025,1650000,2,1.0,MENLO PARK,1020,6500.0,1948,22,1618,,Active,October-1-2023 02:00 PM,October-1-2023 04:00 PM,https://www.redfin.com/CA/Menlo-Park/224-Haight-St-94025/home/1600686,MLSListings,ML81939862,N,Y,37.4668038,-122.1530775,Off-Street Parking,1.0,"Stall Shower, Tile, Updated Bath(s)","Breakfast Nook, Dining Area",In Garage,"Hardwood, Tile, Other (See Remarks)",,Floor Furnace,Public Utilities,1.0,8,8,6,2.5,1618.0,1655414.0,11667.0,80,Very bikeable,57,Somewhat walkable,37,Some transit,Major,Minimal,Moderate,Minimal,"Places9 groceries, 25 restaurants, 3 parksTransit280, 281, 296, 397, 81, 82, 83, M1 Shuttle, M1 Shuttle (City of Menlo Park), M4 Shuttle, M4 Shuttle (City of Menlo Park)","Sep 8, 2023",Listed (Active)MLSListings #ML81939862,1650000.0,https://www.redfin.com/CA/Menlo-Park/224-Haight-St-94025/home/1600686,"Dec 16, 2019",Pending (Pending (Do Not Show))MLSListings #ML81768495,NA,"Dec 5, 2019",ContingentMLSListings #ML81768495,NA,"Nov 13, 2019",Price ChangedMLSListings #ML81768495,1399000.0,"Sep 13, 2019",Listed (Active)MLSListings #ML81768495,1425000.0,,,,,,,,,,,,,,,,,,,,,,,,
MLS Listing,,Single Family Residential,310 Terminal Ave,Menlo Park,CA,94025,1188888,4,2.0,MENLO PARK,1335,5000.0,1952,22,891,,Active,,,https://www.redfin.com/CA/Menlo-Park/310-Terminal-Ave-94025/home/1983985,MLSListings,ML81941330,N,Y,37.4784231,-122.1625685,"On Street, Parking Area, Uncovered Parking",,"Shower and Tub, Shower Over Tub, Stall Shower, Tile, Tub in Master Bedroom, Updated Bath(s)",Dining Area,"Electricity Hookup (110V), Electricity Hookup (220V), Inside",Vinyl/Linoleum,,"Gas, Wall Furnace",Public Utilities,,NA,NA,6,2.5,891.0,1210857.0,8406.0,79,Very bikeable,52,Somewhat walkable,33,Some transit,Major,Minor,Moderate,Minimal,"Places8 groceries, 19 restaurants, 8 parksTransit281, 296, 397, 81, 82, 83, 88, M1 Shuttle, M1 Shuttle (City of Menlo Park), M3 Shuttle, M3 Shuttle (City of Menlo Park), M4 Shuttle, M4 Shuttle (City of Menlo Park)","Sep 8, 2023",Listed (Active)MLSListings #ML81941330,1188888.0,https://www.redfin.com/CA/Menlo-Park/310-Terminal-Ave-94025/home/1983985,"Sep 8, 2023",Pending (Pending (Do Not Show))MLSListings #ML81914194,NA,"Sep 8, 2023",Relisted (Active)MLSListings #ML81914194,NA,"Dec 28, 2022",Listing RemovedMLSListings #ML81914194,NA,"Dec 2, 2022",Listed (Active)MLSListings #ML81914194,800000.0,,,,,,,,,,,,,,,,,,,,,,,,
MLS Listing,,Single Family Residential,2060 Gordon Ave,Menlo Park,CA,94025,2998000,3,3.0,MENLO PARK,2770,6000.0,1994,23,1082,,Active,October-1-2023 01:30 PM,October-1-2023 04:30 PM,https://www.redfin.com/CA/Menlo-Park/2060-Gordon-Ave-94025/home/1584646,MLSListings,ML81941169,N,Y,37.4329603,-122.2021186,Attached Garage,2.0,"Full on Ground Floor, Marble, Primary (Stall Shower(s)), Skylight, Split Bath, 2+ Stall Shower, Updated Bath(s)",Formal Dining Room,"In Utility Room, Inside, Tub/Sink","Carpet, Tile","Ceiling Fan, Central Forced Air",Central Forced Air,Public Utilities,2.0,NA,NA,6,2.5,1082.0,3008361.0,21198.0,72,Very bikeable,65,Somewhat walkable,,,Minimal,Major,Moderate,Minimal,"Places5 groceries, 20 restaurants, 7 parksTransit286, 80, 82, 83, 84, 87, Bus Bridge, ECR, M1 Shuttle, M1 Shuttle (City of Menlo Park)","Sep 7, 2023",Listed (Active)MLSListings #ML81941169,2998000.0,https://www.redfin.com/CA/Menlo-Park/2060-Gordon-Ave-94025/home/1584646,"Oct 24, 2003",Listing RemovedMLSListings #ML80356207,NA,"Oct 6, 2003",ListedMLSListings #ML80356207,1100000.0,,,,,,,,,,,,,,,,,,,,,,,,,,,,,,
MLS Listing,,Condo/Co-op,1100 Sharon Park Dr #32,Menlo Park,CA,94025,1375000,3,2.0,MENLO PARK,1470,,1965,23,935,582.0,Active,October-1-2023 01:30 PM,October-1-2023 04:30 PM,https://www.redfin.com/CA/Menlo-Park/1100-Sharon-Park-Dr-94025/unit-32/home/2010218,MLSListings,ML81941156,N,Y,37.4247727,-122.2181447,"Assigned Spaces, Guest/Visitor Parking, Underground Parking",2.0,"Primary (Stall Shower(s)), Shower Over Tub, Stall Shower, Tile, Updated Bath(s)","Dining ""L"", Dining Area in Living Room",Community Facility,"Carpet, Tile, Vinyl/Linoleum",Central Forced Air,Central Forced Air (Gas),"Individual Electric Meters, Individual Gas Meters, Public Utilities",1.0,NA,NA,6,2.5,935.0,1366149.0,10304.0,43,Somewhat bikeable,10,Car-dependent,13,Minimal transit,Minimal,Moderate,Moderate,Minimal,"Places3 groceries, 20 restaurants, 6 parksTransit275, 278, 286, 72, 79, 80, 82, 83, 84, 85, 87, M1 Shuttle, M1 Shuttle (City of Menlo Park)","Sep 7, 2023",Listed (Active)MLSListings #ML81941156,1375000.0,https://www.redfin.com/CA/Menlo-Park/1100-Sharon-Park-Dr-94025/unit-32/home/2010218,"Jul 22, 2021",Pending (Pending (Do Not Show))MLSListings #ML81824304,NA,"Dec 31, 2020",Listed (Active)MLSListings #ML81824304,1499000.0,,,,,,,"Common Area Electricity, Common Area Gas, Exterior Painting, Garbage, Insurance (Common Area), Landscaping/Gardening, Maintenance (Common Area), Maintenance (Exterior), Pools, Spa, or Tennis, Reserves, Roof",Country Club Fairways HOA,Monthly,,,,,,,,,,,,,,,,,,,,,
MLS Listing,,Multi-Family (2-4 Unit),624 University Dr,Menlo Park,CA,94025,2850000,4,4.0,MENLO PARK,2700,8712.0,1948,24,1056,,Active,,,https://www.redfin.com/CA/Menlo-Park/624-University-Dr-94025/home/1634217,MLSListings,ML81940907,N,Y,37.4471323,-122.1816594,"Assigned Spaces, Carport, Tandem Parking",,,,,,Window/Wall Unit,Wall Furnace,"Individual Electric Meters, Individual Gas Meters",2.0,8,8,6,2.5,1056.0,2767309.0,20151.0,87,Very bikeable,85,Very walkable,47,Some transit,Moderate,Minimal,Moderate,Minimal,"Places7 groceries, 20 restaurants, 3 parksTransit21, 280, 281, 286, 296, 80, 82, 83, 84, 88, Bus Bridge, ECR, L1, L2, L3, L5, L6, M1 Shuttle, M1 Shuttle (City of Menlo Park), M3 Shuttle, M3 Shuttle (City of Menlo Park), M4 Shuttle, M4 Shuttle (City of Menlo Park)","Sep 6, 2023",Listed (Active)MLSListings #ML81940907,2850000.0,https://www.redfin.com/CA/Menlo-Park/624-University-Dr-94025/home/1634217,,,,,,,,,,,,,,,,,,,,,,,,,,,,,,,,,,,,
MLS Listing,,Multi-Family (2-4 Unit),632 University Dr,Menlo Park,CA,94025,2850000,4,4.0,MENLO PARK,2700,8712.0,1948,24,1056,,Active,,,https://www.redfin.com/CA/Menlo-Park/632-University-Dr-94025/home/1445648,MLSListings,ML81940902,N,Y,37.4473607,-122.1817224,"Assigned Spaces, Carport, Tandem Parking",,,,,,,Wall Furnace,"Individual Electric Meters, Individual Gas Meters",2.0,8,8,6,2.5,1056.0,2774238.0,20151.0,87,Very bikeable,85,Very walkable,47,Some transit,Moderate,Minimal,Moderate,Minimal,"Places7 groceries, 20 restaurants, 3 parksTransit21, 280, 281, 286, 296, 80, 82, 83, 84, 88, Bus Bridge, ECR, L1, L2, L3, L5, L6, M1 Shuttle, M1 Shuttle (City of Menlo Park), M3 Shuttle, M3 Shuttle (City of Menlo Park), M4 Shuttle, M4 Shuttle (City of Menlo Park)","Sep 6, 2023",Listed (Active)MLSListings #ML81940902,2850000.0,https://www.redfin.com/CA/Menlo-Park/632-University-Dr-94025/home/1445648,,,,,,,,,,,,,,,,,,,,,,,,,,,,,,,,,,,,
MLS Listing,,Condo/Co-op,2140 Santa Cruz Ave Unit A302,Menlo Park,CA,94025,1149000,2,2.0,MENLO PARK,1000,,1978,25,1149,865.0,Active,,,https://www.redfin.com/CA/Menlo-Park/2140-Santa-Cruz-Ave-94025/unit-A302/home/1103312,MLSListings,ML81940824,N,Y,37.426111,-122.1940271,Assigned Spaces,1.0,,Dining Area,Washer/Dryer,Hardwood,"Ceiling Fan, Window/Wall Unit",Central Forced Air,"Individual Gas Meters, Public Utilities",1.0,NA,NA,6,2.5,1149.0,1130217.0,8989.0,91,Biker's paradise,46,Car-dependent,19,Minimal transit,Minimal,Major,Moderate,Minimal,"Places3 groceries, 20 restaurants, 8 parksTransit21, 280, 281, 286, 80, 82, 83, 84, 87, M1 Shuttle, M1 Shuttle (City of Menlo Park), U","Sep 5, 2023",Listed (Active)MLSListings #ML81940824,1149000.0,https://www.redfin.com/CA/Menlo-Park/2140-Santa-Cruz-Ave-94025/unit-A302/home/1103312,"Aug 11, 2021",Pending (Pending (Do Not Show))MLSListings #ML81855293,NA,"Aug 7, 2021",ContingentMLSListings #ML81855293,NA,"Jul 29, 2021",Listed (Active)MLSListings #ML81855293,995000.0,,,,"Basic Telephone, Cable/Dish, Common Area Electricity, Exterior Painting, Garbage, Insurance, Landscaping/Gardening, Maintenance (Common Area), Pools, Spa, or Tennis, Recreation Facility, Sewer, Water/Sewer",Menlo Commons,Monthly,,,,,,,,,,,,,,,,,,,,,
MLS Listing,,Single Family Residential,49 Lorelei Ln,Menlo Park,CA,94025,1950000,3,2.0,MENLO PARK,1370,5000.0,1956,25,1423,,Active,October-1-2023 02:00 PM,October-1-2023 04:00 PM,https://www.redfin.com/CA/Menlo-Park/49-Lorelei-Ln-94025/home/1816490,MLSListings,ML81940755,N,Y,37.4779301,-122.1833409,Attached Garage,2.0,,Dining Area in Family Room,,,Other (See Remarks),Forced Air,Public Utilities,1.0,8,8,6,2.0,1423.0,1997583.0,13788.0,53,Bikeable,52,Somewhat walkable,26,Some transit,Minimal,Minor,Moderate,Minimal,"Places3 groceries, 10 restaurants, 10 parksTransit270, 281, 286, 296, 397, 79, 81, 82, 83, 84, 88, ECR, M1 Shuttle, M1 Shuttle (City of Menlo Park), M3 Shuttle, M3 Shuttle (City of Menlo Park), MPT Shuttle","Sep 27, 2023",Price ChangedMLSListings #ML81940755,1950000.0,https://www.redfin.com/CA/Menlo-Park/49-Lorelei-Ln-94025/home/1816490,"Sep 19, 2023",Price ChangedMLSListings #ML81940755,2098000.0,"Sep 5, 2023",Listed (Active)MLSListings #ML81940755,2185000.0,,,,,,,,,,,,,,,,,,,,,,,,,,,,,,
MLS Listing,,Single Family Residential,2315 Crest Ln,Menlo Park,CA,94025,9288000,7,7.5,MENLO PARK,5819,13018.0,2018,25,1596,,Active,October-1-2023 02:00 PM,October-1-2023 04:00 PM,https://www.redfin.com/CA/Menlo-Park/2315-Crest-Ln-94025/home/1984583,MLSListings,ML81940689,N,Y,37.4260718,-122.2058649,Attached Garage,2.0,"Double Sinks, Half on Ground Floor, Primary - Oversized Tub, Primary (Stall Shower(s)), Shower Over Tub, 2+ Stall Shower","Breakfast Bar, Breakfast Nook, Eat in Kitchen, Formal Dining Room","In Utility Room, Other (See Remarks)","Hardwood, Tile","Central Forced Air, Multi-Zone","Central Forced Air (Gas), Heating (2+ Zones)",Public Utilities,3.0,NA,NA,6,2.5,1596.0,9081164.0,65672.0,56,Bikeable,53,Somewhat walkable,18,Minimal transit,Minimal,Major,Moderate,Minimal,"Places4 groceries, 21 restaurants, 8 parksTransit275, 278, 286, 72, 80, 82, 83, 84, 87, M1 Shuttle, M1 Shuttle (City of Menlo Park), U","Sep 5, 2023",Listed (Active)MLSListings #ML81940689,9288000.0,https://www.redfin.com/CA/Menlo-Park/2315-Crest-Ln-94025/home/1984583,"Jul 23, 2018",Pending (Pending (Do Not Show))MLSListings #ML81704257,NA,"Jun 18, 2018",ContingentMLSListings #ML81704257,NA,"May 7, 2018",Listed (Active)MLSListings #ML81704257,7995000.0,,,,,,,,,,,,,,,,,,,,,,,,,,,
MLS Listing,,Condo/Co-op,975 Florence Ln #1,Menlo Park,CA,94025,1695000,2,2.5,MENLO PARK,1248,,2021,29,1358,450.0,Active,October-1-2023 01:30 PM,October-1-2023 04:00 PM,https://www.redfin.com/CA/Menlo-Park/975-Florence-Ln-94025/unit-1/home/1232958,MLSListings,ML81940533,N,Y,37.4462279,-122.1832888,Assigned Spaces,2.0,,Dining Area,,,Other (See Remarks),Central Forced Air (Gas),Public Utilities,2.0,9,8,6,2.5,1358.0,1695485.0,12435.0,86,Very bikeable,83,Very walkable,38,Some transit,NA,NA,NA,NA,"Places7 groceries, 18 restaurants, 3 parksTransit21, 280, 281, 286, 296, 80, 82, 83, 84, 88, Bus Bridge, ECR, L1, L2, L3, L5, L6, M1 Shuttle, M1 Shuttle (City of Menlo Park), M3 Shuttle, M3 Shuttle (City of Menlo Park), M4 Shuttle, M4 Shuttle (City of Menlo Park)","Sep 1, 2023",Listed (Active)MLSListings #ML81940533,1695000.0,https://www.redfin.com/CA/Menlo-Park/975-Florence-Ln-94025/unit-1/home/1232958,,,,,,,,,,,,,"Common Area Electricity, Common Area Gas, Insurance, Landscaping/Gardening, Sewer",Florence Lane Condominiums,Monthly,,,,,,,,,,,,,,,,,,,,,
MLS Listing,,Townhouse,323 6th Ave,Menlo Park,CA,94025,1050000,3,2.5,MENLO PARK,1583,624.0,2009,32,663,450.0,Active,,,https://www.redfin.com/CA/Menlo-Park/323-6th-Ave-94025/home/21967919,MLSListings,ML81940172,N,Y,37.4707865,-122.2043871,Attached Garage,2.0,"Primary (Stall Shower(s)), Shower and Tub, Tile",Dining Area,"Inside, Washer/Dryer","Carpet, Hardwood, Tile",,Central Forced Air (Gas),Public Utilities,3.0,NA,NA,6,2.5,663.0,1070099.0,7874.0,77,Very bikeable,84,Very walkable,,,NA,NA,NA,NA,"Places3 groceries, 31 restaurants, 1 parkTransit270, 275, 278, 296, 397, 72, 79, 82, 83, 84, 88, ECR, M1 Shuttle, M1 Shuttle (City of Menlo Park), M3 Shuttle, M3 Shuttle (City of Menlo Park), MPT Shuttle","Sep 27, 2023",Price ChangedMLSListings #ML81940172,1050000.0,https://www.redfin.com/CA/Menlo-Park/323-6th-Ave-94025/home/21967919,"Aug 29, 2023",Listed (Active)MLSListings #ML81940172,1099000.0,,,,,,,,,,"Exterior Painting, Fencing, Insurance (Common Area), Maintenance (Exterior), Reserves, Roof",The Townhomes at Sixth Ave HOA,Monthly,,,,,,,,,,,,,,,,,,,,,
MLS Listing,,Single Family Residential,300 Ringwood Ave,Menlo Park,CA,94025,3980000,4,3.0,MENLO PARK,2400,13000.0,1940,33,1658,,Active,October-1-2023 01:00 PM,October-1-2023 04:00 PM,https://www.redfin.com/CA/Menlo-Park/300-Ringwood-Ave-94025/home/1556438,MLSListings,ML81940045,N,Y,37.4627063,-122.1720109,"Detached, Parking Area",2.0,,Formal Dining Room,Inside,,"Central Forced Air, Multi-Zone",Central Forced Air,Public Utilities,1.0,8,8,6,2.5,1658.0,3981220.0,28141.0,74,Very bikeable,29,Car-dependent,,,Minimal,Minimal,Moderate,Minimal,"Places3 groceries, 21 restaurants, 6 parksTransit286, 296, 397, 81, 82, 83, 84, 88, Bus Bridge, ECR, L1, L2, L3, L5, L6, M1 Shuttle, M1 Shuttle (City of Menlo Park), M3 Shuttle, M3 Shuttle (City of Menlo Park), M4 Shuttle, M4 Shuttle (City of Menlo Park)","Sep 27, 2023",Price ChangedMLSListings #ML81940045,3980000.0,https://www.redfin.com/CA/Menlo-Park/300-Ringwood-Ave-94025/home/1556438,"Aug 28, 2023",Listed (Active)MLSListings #ML81940045,4100000.0,"Mar 12, 2012",Pending (Pending (Do Not Show))MLSListings #ML81207259,NA,"Feb 27, 2012",Listed (Active)MLSListings #ML81207259,1849000.0,,,,,,,,,,,,,,,,,,,,,,,,,,,
MLS Listing,,Condo/Co-op,675 Sharon Park Dr #209,Menlo Park,CA,94025,799000,1,1.0,MENLO PARK,739,,1968,33,1081,457.0,Active,,,https://www.redfin.com/CA/Menlo-Park/675-Sharon-Park-Dr-94025/unit-209/home/983114,MLSListings,ML81939444,N,Y,37.4231612,-122.201082,"Assigned Spaces, Covered Parking, Guest/Visitor Parking",1.0,"Granite, Shower Over Tub, Tile",Dining Area,Community Facility,"Carpet, Laminate, Tile",Central Forced Air,Forced Air,Public Utilities,1.0,NA,NA,6,2.5,1081.0,,6106.0,74,Very bikeable,64,Somewhat walkable,18,Minimal transit,Minimal,Major,Moderate,Minimal,"Places4 groceries, 22 restaurants, 6 parksTransit21, 286, 80, 82, 83, 84, 87, M1 Shuttle, M1 Shuttle (City of Menlo Park), U","Aug 28, 2023",Listed (Active)MLSListings #ML81939444,799000.0,https://www.redfin.com/CA/Menlo-Park/675-Sharon-Park-Dr-94025/unit-209/home/983114,"May 5, 2011",Pending (Pending (Do Not Show))MLSListings #ML81107797,NA,"Apr 18, 2011",Pending (Pending Without Release)MLSListings #ML81107797,NA,"Apr 13, 2011",Price ChangedMLSListings #ML81107797,349000.0,"Mar 8, 2011",Price ChangedMLSListings #ML81107797,395000.0,"Common Area Electricity, Insurance, Landscaping/Gardening, Pools, Spa, or Tennis",Lincoln Green HOA,,"Feb 21, 2011",Listed (Active)MLSListings #ML81107797,425000.0,,,,,,,,,,,,,,,,,,
MLS Listing,,Single Family Residential,723 College Ave,Menlo Park,CA,94025,4650000,4,2.5,MENLO PARK,2680,8000.0,1991,34,1735,,Active,,,https://www.redfin.com/CA/Menlo-Park/723-College-Ave-94025/home/2041357,MLSListings,ML81939817,N,Y,37.4479087,-122.177333,Attached Garage,2.0,,Formal Dining Room,Washer/Dryer,,Central Forced Air,Forced Air,Public Utilities,2.0,9,8,6,2.5,1735.0,,32878.0,91,Biker's paradise,85,Very walkable,51,Good transit,Moderate,Minimal,Moderate,Minimal,"Places3 groceries, 20 restaurants, 4 parksTransit21, 22, 280, 281, 286, 296, 397, 80, 81, 82, 83, 84, 88, Bus Bridge, ECR, L1, L2, L3, L5, L6, M1 Shuttle, M1 Shuttle (City of Menlo Park), M3 Shuttle, M3 Shuttle (City of Menlo Park), M4 Shuttle, M4 Shuttle (City of Menlo Park), Rapid 522, U","Sep 27, 2023",Price ChangedMLSListings #ML81939817,4650000.0,https://www.redfin.com/CA/Menlo-Park/723-College-Ave-94025/home/2041357,"Aug 27, 2023",Listed (Active)MLSListings #ML81939817,4750000.0,"Nov 21, 2019",Pending (Pending (Do Not Show))MLSListings #ML81773564,NA,"Oct 24, 2019",Listed (Active)MLSListings #ML81773564,3749000.0,,,,,,,,,,,,,,,,,,,,,,,,,,,
MLS Listing,,Single Family Residential,840 San Mateo Dr,Menlo Park,CA,94025,5450000,4,3.5,MENLO PARK,3031,10438.0,1951,36,1798,,Active,October-1-2023 01:30 PM,October-1-2023 04:30 PM,https://www.redfin.com/CA/Menlo-Park/840-San-Mateo-Dr-94025/home/890334,MLSListings,ML81939891,N,Y,37.4425773,-122.1879747,Attached Garage,2.0,"Double Sinks, Full on Ground Floor, Half on Ground Floor, Primary - Oversized Tub, Primary (Stall Shower(s)), Primary (Tub w/ Jets), Steam Shower","Dining Bar, Formal Dining Room","Inside, Washer/Dryer",Hardwood,Central Forced Air,Central Forced Air (Gas),Public Utilities,1.0,9,8,6,2.5,1798.0,5378225.0,38535.0,76,Very bikeable,52,Somewhat walkable,30,Some transit,Minimal,Minimal,Moderate,Minimal,"Places5 groceries, 15 restaurants, 4 parksTransit21, 280, 281, 286, 296, 80, 82, 83, 84, 88, Bus Bridge, ECR, L1, L2, L3, L5, L6, M1 Shuttle, M1 Shuttle (City of Menlo Park), M3 Shuttle, M3 Shuttle (City of Menlo Park), M4 Shuttle, M4 Shuttle (City of Menlo Park)","Sep 28, 2023",Price ChangedMLSListings #ML81939891,5450000.0,https://www.redfin.com/CA/Menlo-Park/840-San-Mateo-Dr-94025/home/890334,"Aug 25, 2023",Listed (Active)MLSListings #ML81939891,5895000.0,"Jun 11, 2008",Listing RemovedMLSListings #ML80810735,NA,"May 23, 2008",Price ChangedMLSListings #ML80810735,3695000.0,"May 23, 2008",ListedMLSListings #ML80810735,3750000.0,,,,,,,,,,,,,,,,,,,,,,,,
MLS Listing,,Single Family Residential,101 Garden St,East Palo Alto,CA,94303,1100000,3,1.0,EAST PALO ALTO,1570,5000.0,1963,39,701,,Active,October-1-2023 01:30 PM,October-1-2023 04:30 PM,https://www.redfin.com/CA/East-Palo-Alto/101-Garden-St-94303/home/1285998,MLSListings,ML81939497,N,Y,37.4677795,-122.1503667,"No Garage, Parking Area",,Double Sinks,Dining Area,"In Utility Room, Washer/Dryer","Carpet, Laminate, Vinyl/Linoleum",Multi-Zone,"Heat Pump, Heating (2+ Zones)","Public Utilities, Solar Panels - Owned",1.0,NA,2,6,2.5,701.0,1125970.0,7778.0,74,Very bikeable,61,Somewhat walkable,,,Minor,Minimal,Moderate,Minimal,"Places10 groceries, 27 restaurants, 3 parksTransit280, 281, 296, 397, 81, 82, 83, M1 Shuttle, M1 Shuttle (City of Menlo Park), M4 Shuttle, M4 Shuttle (City of Menlo Park)","Sep 8, 2023",Price ChangedMLSListings #ML81939497,1100000.0,https://www.redfin.com/CA/East-Palo-Alto/101-Garden-St-94303/home/1285998,"Aug 22, 2023",Listed (Active)MLSListings #ML81939497,899888.0,"Jul 7, 2023",Listed (Active)Fizber.com #11496702,1298000.0,,,,,,,,,,,,,,,,,,,,,,,,,,,,,,
MLS Listing,,Single Family Residential,894 Ringwood Ave,Menlo Park,CA,94025,3750000,3,2.0,MENLO PARK,1530,24335.0,1954,40,2451,,Active,,,https://www.redfin.com/CA/Menlo-Park/894-Ringwood-Ave-94025/home/854460,MLSListings,ML81937642,N,Y,37.4696153,-122.1678197,Attached Garage,2.0,"Shower Over Tub, Stall Shower",Dining Area,,"Carpet, Tile",,Other (See Remarks),Public Utilities,1.0,8,8,6,2.5,2451.0,3819374.0,26515.0,67,Bikeable,22,Car-dependent,,,Minimal,Minor,Moderate,Minimal,"Places7 groceries, 15 restaurants, 7 parksTransit281, 286, 296, 397, 81, 82, 83, 84, 88, M1 Shuttle, M1 Shuttle (City of Menlo Park), M3 Shuttle, M3 Shuttle (City of Menlo Park), M4 Shuttle, M4 Shuttle (City of Menlo Park)","Sep 22, 2023",Price ChangedMLSListings #ML81937642,3750000.0,https://www.redfin.com/CA/Menlo-Park/894-Ringwood-Ave-94025/home/854460,"Aug 21, 2023",Listed (Active)MLSListings #ML81937642,3998000.0,,,,,,,,,,,,,,,,,,,,,,,,,,,,,,,,,
MLS Listing,,Single Family Residential,2059 Palo Alto Way,Menlo Park,CA,94025,3788000,4,2.5,MENLO PARK,2513,5650.0,2007,40,1507,,Active,,,https://www.redfin.com/CA/Menlo-Park/2059-Palo-Alto-Way-94025/home/1194856,MLSListings,ML81939271,N,Y,37.4278481,-122.1931886,Attached Garage,2.0,"Half on Ground Floor, Primary - Oversized Tub, Primary (Stall Shower(s)), Shower Over Tub","Breakfast Room, Eat in Kitchen, Formal Dining Room","Dryer, In Utility Room, Inside, Washer","Carpet, Hardwood",Central Forced Air,Central Forced Air,Public Utilities,2.0,NA,NA,6,2.5,1507.0,3708878.0,26784.0,90,Biker's paradise,54,Somewhat walkable,,,Minimal,Moderate,Moderate,Minimal,"Places3 groceries, 20 restaurants, 8 parksTransit21, 280, 281, 286, 80, 82, 83, 84, 87, M1 Shuttle, M1 Shuttle (City of Menlo Park), U","Sep 14, 2023",Price ChangedMLSListings #ML81939271,3788000.0,https://www.redfin.com/CA/Menlo-Park/2059-Palo-Alto-Way-94025/home/1194856,"Aug 21, 2023",Listed (Active)MLSListings #ML81939271,3850000.0,,,,,,,,,,,,,,,,,,,,,,,,,,,,,,,,,
MLS Listing,,Townhouse,33 Biltmore Ln,Menlo Park,CA,94025,2880000,3,2.5,MENLO PARK,2700,2848.0,1986,42,1067,650.0,Active,October-1-2023 02:00 PM,October-1-2023 04:00 PM,https://www.redfin.com/CA/Menlo-Park/33-Biltmore-Ln-94025/home/1617916,MLSListings,ML81939179,N,Y,37.4317046,-122.2135895,Common Parking Area,2.0,"Double Sinks, Primary - Oversized Tub, Primary (Stall Shower(s)), Stall Shower, Tub in Master Bedroom, Updated Bath(s)",Formal Dining Room,Washer/Dryer,"Carpet, Hardwood, Stone, Tile",Central Forced Air,Heating (2+ Zones),"Individual Electric Meters, Individual Gas Meters",2.0,NA,NA,6,2.5,1067.0,2804309.0,21013.0,34,Somewhat bikeable,34,Car-dependent,16,Minimal transit,Minimal,Moderate,Moderate,Minimal,"Places3 groceries, 19 restaurants, 5 parksTransit275, 278, 286, 72, 80, 82, 83, 84, 87, ECR, M1 Shuttle, M1 Shuttle (City of Menlo Park)","Aug 19, 2023",Listed (Active)MLSListings #ML81939179,2880000.0,https://www.redfin.com/CA/Menlo-Park/33-Biltmore-Ln-94025/home/1617916,"May 30, 2017",Pending (Pending (Do Not Show))MLSListings #ML81651494,NA,"May 15, 2017",Listed (Active)MLSListings #ML81651494,2249000.0,,,,,,,"Exterior Painting, Pools, Spa, or Tennis, Roof",Sharon Hills,Monthly,,,,,,,,,,,,,,,,,,,,,
MLS Listing,,Single Family Residential,751 17th Ave,Menlo Park,CA,94025,3315000,4,3.5,MENLO PARK,2867,5350.0,2023,43,1156,,Active,,,https://www.redfin.com/CA/Menlo-Park/751-17th-Ave-94025/home/2054378,MLSListings,ML81939131,N,Y,37.4749683,-122.1901917,Attached Garage,2.0,"Double Sinks, Full on Ground Floor, Primary (Stall Shower(s)), Shower Over Tub, 2+ Stall Shower, Tub","Breakfast Bar, Eat in Kitchen, No Formal Dining Room","Inside, Upper Floor","Hardwood, Tile",Multi-Zone,Forced Air,Public Utilities,2.0,NA,NA,6,2.5,1156.0,3271454.0,23439.0,61,Bikeable,50,Somewhat walkable,,,Minimal,Minimal,Moderate,Minimal,"Places5 groceries, 19 restaurants, 5 parksTransit270, 286, 296, 397, 79, 81, 82, 83, 84, 88, ECR, M1 Shuttle, M1 Shuttle (City of Menlo Park), M3 Shuttle, M3 Shuttle (City of Menlo Park), M4 Shuttle, M4 Shuttle (City of Menlo Park), MPT Shuttle","Aug 18, 2023",Listed (Active)MLSListings #ML81939131,3315000.0,https://www.redfin.com/CA/Menlo-Park/751-17th-Ave-94025/home/2054378,,,,,,,,,,,,,,,,,,,,,,,,,,,,,,,,,,,,
MLS Listing,,Single Family Residential,824 Partridge Ave,Menlo Park,CA,94025,3298000,4,3.0,MENLO PARK,1638,3489.0,2023,43,2013,,Active,October-1-2023 02:00 PM,October-1-2023 04:00 PM,https://www.redfin.com/CA/Menlo-Park/824-Partridge-Ave-94025/home/2049695,MLSListings,ML81938691,N,Y,37.4467649,-122.1773742,"Detached, On Street",1.0,Full on Ground Floor,Dining Area,Inside,Hardwood,Central Forced Air,Central Forced Air,Public Utilities,2.0,9,8,6,2.5,2013.0,3245276.0,23319.0,91,Biker's paradise,85,Very walkable,51,Good transit,Moderate,Minimal,Moderate,Minimal,"Places4 groceries, 20 restaurants, 4 parksTransit21, 22, 280, 281, 286, 296, 397, 80, 82, 83, 84, 88, Bus Bridge, ECR, L1, L2, L3, L5, L6, M1 Shuttle, M1 Shuttle (City of Menlo Park), M3 Shuttle, M3 Shuttle (City of Menlo Park), M4 Shuttle, M4 Shuttle (City of Menlo Park), Rapid 522, U","Aug 18, 2023",Listed (Active)MLSListings #ML81938691,3298000.0,https://www.redfin.com/CA/Menlo-Park/824-Partridge-Ave-94025/home/2049695,"Nov 1, 2020",ListedMLSListings #ML81817986,3000000.0,"Nov 1, 2020",Listing RemovedMLSListings #ML81817986,NA,,,,,,,,,,,,,,,,,,,,,,,,,,,,,,
MLS Listing,,Single Family Residential,3853 Alameda De Las Pulgas,Menlo Park,CA,94025,4998000,4,4.5,MENLO PARK,3518,8645.0,2023,47,1421,,Active,,,https://www.redfin.com/CA/Menlo-Park/3853-Alameda-de-las-Pulgas-94025/home/1091659,MLSListings,ML81937016,N,Y,37.4297605,-122.1972416,Attached Garage,2.0,"Double Sinks, Full on Ground Floor, Half on Ground Floor, Primary - Oversized Tub, Primary (Stall Shower(s)), Shower Over Tub, 2+ Stall Shower","Breakfast Bar, Dining Area","Dryer, In Utility Room, Inside, Washer",Hardwood,"Central Forced Air, Multi-Zone","Central Forced Air, Heating (2+ Zones)",Public Utilities,2.0,NA,NA,6,2.5,1421.0,4863318.0,35339.0,78,Very bikeable,61,Somewhat walkable,19,Minimal transit,Minimal,Major,Moderate,Minimal,"Places3 groceries, 18 restaurants, 8 parksTransit21, 280, 281, 286, 80, 82, 83, 84, 87, M1 Shuttle, M1 Shuttle (City of Menlo Park), U","Aug 14, 2023",Listed (Active)MLSListings #ML81937016,4998000.0,https://www.redfin.com/CA/Menlo-Park/3853-Alameda-de-las-Pulgas-94025/home/1091659,"Jul 22, 2019",ListedSDMLS #301882481,1195000.0,,,,,,,,,,,,,,,,,,,,,,,,,,,,,,,,,
MLS Listing,,Single Family Residential,1185 Woodland Ave,Menlo Park,CA,94025,3880000,4,3.5,MENLO PARK,3140,5750.0,2005,50,1236,,Active,,,https://www.redfin.com/CA/Menlo-Park/1185-Woodland-Ave-94025/home/1644043,MLSListings,ML81937850,N,Y,37.4578279,-122.1515644,"Detached, Electric Gate, Gate/Door Opener",2.0,"Double Sinks, Half on Ground Floor, Marble, Primary (Stall Shower(s)), 2+ Stall Shower, Tub in Master Bedroom","Breakfast Nook, Formal Dining Room",,"Carpet, Hardwood, Tile",Central Forced Air,Central Forced Air (Gas),Public Utilities,3.0,8,8,6,2.5,1236.0,3811316.0,27434.0,80,Very bikeable,72,Very walkable,38,Some transit,Minimal,Minimal,Moderate,Minimal,"Places6 groceries, 24 restaurants, 3 parksTransit21, 280, 281, 296, 397, 81, 82, 83, 84, 88, M1 Shuttle, M1 Shuttle (City of Menlo Park), M4 Shuttle, M4 Shuttle (City of Menlo Park)","Aug 11, 2023",Listed (Active)MLSListings #ML81937850,3880000.0,https://www.redfin.com/CA/Menlo-Park/1185-Woodland-Ave-94025/home/1644043,"Jul 8, 2009",Pending (Pending (Do Not Show))MLSListings #ML80901554,NA,"Jun 19, 2009",ContingentMLSListings #ML80901554,NA,"Jun 12, 2009",Price ChangedMLSListings #ML80901554,1699000.0,"Jun 3, 2009",Price ChangedMLSListings #ML80901554,1725000.0,,,,"May 19, 2009",Price ChangedMLSListings #ML80901554,1750000.0,"Apr 22, 2009",Price ChangedMLSListings #ML80901554,1800000.0,"Apr 21, 2009",Price ChangedMLSListings #ML80901554,1825000.0,"Mar 3, 2009",Price ChangedMLSListings #ML80901554,1850000.0,"Feb 27, 2009",Price ChangedMLSListings #ML80901554,1888000.0,"Feb 14, 2009",Price ChangedMLSListings #ML80901554,1899000.0,"Jan 12, 2009",ListedMLSListings #ML80901554,1975000.0
MLS Listing,,Single Family Residential,1925 Euclid Ave,Menlo Park,CA,94025,1549000,2,1.0,MENLO PARK,940,5640.0,1936,52,1648,,Active,October-1-2023 12:00 PM,October-1-2023 04:00 PM,https://www.redfin.com/CA/East-Palo-Alto/1925-Euclid-Ave-94303/home/1695247,MLSListings,ML81937826,N,Y,37.458943,-122.145237,"Attached Garage, Gate/Door Opener, Off-Street Parking",1.0,"Full on Ground Floor, Shower Over Tub",Formal Dining Room,"In Garage, Washer/Dryer",Hardwood,,Gas,Public Utilities,1.0,8,8,6,2.5,1648.0,1529547.0,10952.0,81,Very bikeable,64,Somewhat walkable,38,Some transit,Moderate,Minimal,Moderate,Minimal,"Places10 groceries, 28 restaurants, 4 parksTransit21, 280, 281, 296, 397, 81, 83, M1 Shuttle, M1 Shuttle (City of Menlo Park), M4 Shuttle, M4 Shuttle (City of Menlo Park)","Sep 14, 2023",Price ChangedMLSListings #ML81937826,1549000.0,https://www.redfin.com/CA/East-Palo-Alto/1925-Euclid-Ave-94303/home/1695247,"Aug 9, 2023",Listed (Active)MLSListings #ML81937826,1650000.0,,,,,,,,,,,,,,,,,,,,,,,,,,,,,,,,,
MLS Listing,,Single Family Residential,1201 N Lemon Ave,Menlo Park,CA,94025,3998000,5,4.5,MENLO PARK,3360,10250.0,1922,55,1190,,Active,,,https://www.redfin.com/CA/Menlo-Park/1201-N-Lemon-Ave-94025/home/884091,MLSListings,ML81916915,N,Y,37.4372331,-122.1988632,"Attached Garage, Room for Oversized Vehicle",2.0,,Formal Dining Room,Inside,"Carpet, Hardwood, Other (See Remarks)",,Central Forced Air,Public Utilities,1.0,9,8,6,2.5,1190.0,3962927.0,28268.0,81,Very bikeable,49,Car-dependent,19,Minimal transit,Minimal,Minimal,Moderate,Minimal,"Places5 groceries, 18 restaurants, 7 parksTransit286, 80, 82, 83, 84, 87, Bus Bridge, ECR, M1 Shuttle, M1 Shuttle (City of Menlo Park)","Sep 16, 2023",Price ChangedMLSListings #ML81916915,3998000.0,https://www.redfin.com/CA/Menlo-Park/1201-N-Lemon-Ave-94025/home/884091,"Aug 6, 2023",Listed (Active)MLSListings #ML81916915,4500000.0,,,,,,,,,,,,,,,,,,,,,,,,,,,,,,,,,
MLS Listing,,Condo/Co-op,675 Sharon Park Dr #245,Menlo Park,CA,94025,925000,2,2.0,MENLO PARK,1098,,1968,57,842,670.0,Active,October-1-2023 02:00 PM,October-1-2023 04:00 PM,https://www.redfin.com/CA/Menlo-Park/675-Sharon-Park-Dr-94025/unit-245/home/986148,MLSListings,ML81937302,N,Y,37.4231612,-122.201082,"Assigned Spaces, Covered Parking",,"Primary (Stall Shower(s)), Tile, Tub",Dining Area,"Community Facility, Other (See Remarks)","Carpet, Tile",Central Forced Air,Central Forced Air,Public Utilities,1.0,NA,NA,6,2.5,842.0,915719.0,7210.0,74,Very bikeable,64,Somewhat walkable,18,Minimal transit,Minimal,Major,Moderate,Minimal,"Places4 groceries, 22 restaurants, 6 parksTransit21, 286, 80, 82, 83, 84, 87, M1 Shuttle, M1 Shuttle (City of Menlo Park), U","Sep 29, 2023",Price ChangedMLSListings #ML81937302,925000.0,https://www.redfin.com/CA/Menlo-Park/675-Sharon-Park-Dr-94025/unit-245/home/986148,"Aug 4, 2023",Listed (Active)MLSListings #ML81937302,959000.0,,,,,,,,,,"Common Area Electricity, Exterior Painting, Gas, Insurance (Earthquake), Landscaping/Gardening, Maintenance (Common Area), Pools, Spa, or Tennis, Sewer",Lincoln Green,,,,,,,,,,,,,,,,,,,,,,
MLS Listing,,Townhouse,3 Oliver Ct,Menlo Park,CA,94025,2798000,3,2.5,MENLO PARK,2680,,1985,61,1044,650.0,Active,,,https://www.redfin.com/CA/Menlo-Park/3-Oliver-Ct-94025/home/1893018,MLSListings,ML81933257,N,Y,37.4319691,-122.2130354,"Attached Garage, Off-Street Parking",2.0,"Double Sinks, Half on Ground Floor, Marble, Shower and Tub, Shower Over Tub, Tile, Tub in Master Bedroom, 2+ Tubs, Updated Bath(s), Other (See Remarks)","Breakfast Bar, Eat in Kitchen","Dryer, Electricity Hookup (110V), Electricity Hookup (220V), Inside, Tub/Sink, Washer","Carpet, Marble, Tile, Vinyl/Linoleum",Central Forced Air,"Central Forced Air, Fireplace","Individual Electric Meters, Individual Gas Meters, Public Utilities",2.0,NA,NA,6,2.5,1044.0,,20434.0,39,Somewhat bikeable,40,Car-dependent,17,Minimal transit,Minimal,Moderate,Moderate,Minimal,"Places3 groceries, 19 restaurants, 5 parksTransit275, 278, 286, 72, 80, 82, 83, 84, 87, ECR, M1 Shuttle, M1 Shuttle (City of Menlo Park)","Aug 10, 2023",Price ChangedMLSListings #ML81933257,2798000.0,https://www.redfin.com/CA/Menlo-Park/3-Oliver-Ct-94025/home/1893018,"Jul 31, 2023",Listed (Active)MLSListings #ML81933257,2488000.0,"Jul 5, 2015",Pending (Pending (Do Not Show))MLSListings #ML81461531,NA,"Jun 15, 2015",ContingentMLSListings #ML81461531,NA,"Apr 23, 2015",Listed (Active)MLSListings #ML81461531,1788000.0,"Exterior Painting, Maintenance (Common Area), Management Fee, Pools, Spa, or Tennis",Sharon Hills Community Association,Monthly,,,,,,,,,,,,,,,,,,,,,
MLS Listing,,Single Family Residential,8 Cardinal Ct,Menlo Park,CA,94025,3999999,5,4.5,MENLO PARK,3104,7910.0,2023,67,1289,,Active,October-1-2023 12:00 PM,October-1-2023 03:00 PM,https://www.redfin.com/CA/Menlo-Park/8-Cardinal-Ct-94025/home/184992266,MLSListings,ML81936080,N,Y,37.4304482,-122.1971973,"Attached Garage, Electric Car Hookup, On Street",2.0,"Double Sinks, Full on Ground Floor, Half on Ground Floor, Stall Shower, Tile, Other (See Remarks)",Dining Area,Inside,"Hardwood, Laminate, Tile",Central Forced Air,Central Forced Air (Gas),Public Utilities,2.0,NA,NA,6,2.5,1289.0,3926445.0,28282.0,76,Very bikeable,58,Somewhat walkable,,,Minimal,Major,Moderate,Minimal,"Places3 groceries, 18 restaurants, 8 parksTransit21, 280, 281, 286, 80, 82, 83, 84, 87, Bus Bridge, ECR, M1 Shuttle, M1 Shuttle (City of Menlo Park), U","Jul 25, 2023",Listed (Active)MLSListings #ML81936080,3999999.0,https://www.redfin.com/CA/Menlo-Park/8-Cardinal-Ct-94025/home/184992266,,,,,,,,,,,,,,,,,,,,,,,,,,,,,,,,,,,,
MLS Listing,,Single Family Residential,10 Cardinal Ct,Menlo Park,CA,94025,3888000,5,4.5,MENLO PARK,2837,7865.0,2023,68,1370,,Active,October-1-2023 12:00 PM,October-1-2023 03:00 PM,https://www.redfin.com/CA/Menlo-Park/10-Cardinal-Ct-94025/home/172809630,MLSListings,ML81936039,N,Y,37.430535584,-122.1970078,"Attached Garage, Electric Car Hookup, On Street",2.0,"Double Sinks, Full on Ground Floor, Half on Ground Floor, Stall Shower, Tile, Other (See Remarks)",Dining Area,"Inside, Washer/Dryer","Hardwood, Tile","Central Forced Air, Multi-Zone",Central Forced Air (Gas),Public Utilities,2.0,NA,NA,6,2.5,1370.0,3787761.0,27491.0,76,Very bikeable,58,Somewhat walkable,,,Minimal,Major,Moderate,Minimal,"Places3 groceries, 18 restaurants, 8 parksTransit21, 280, 281, 286, 80, 82, 83, 84, 87, Bus Bridge, ECR, M1 Shuttle, M1 Shuttle (City of Menlo Park), U","Jul 24, 2023",Listed (Active)MLSListings #ML81936039,3888000.0,https://www.redfin.com/CA/Menlo-Park/10-Cardinal-Ct-94025/home/172809630,,,,,,,,,,,,,,,,,,,,,,,,,,,,,,,,,,,,
MLS Listing,,Single Family Residential,12 Cardinal Ct,Menlo Park,CA,94025,3588888,5,4.5,MENLO PARK,2819,7837.0,2022,68,1273,,Active,October-1-2023 12:00 PM,October-1-2023 03:00 PM,https://www.redfin.com/CA/Menlo-Park/12-Cardinal-Ct-94025/home/172809631,MLSListings,ML81936031,N,Y,37.430563825,-122.1967823,"Attached Garage, Electric Car Hookup, On Street",2.0,"Double Sinks, Full on Ground Floor, Half on Ground Floor, Stall Shower, Tile, Other (See Remarks)",Dining Area,Inside,"Hardwood, Laminate, Tile",Central Forced Air,Central Forced Air (Gas),Public Utilities,2.0,NA,NA,6,2.5,1273.0,3509682.0,25376.0,76,Very bikeable,58,Somewhat walkable,,,Minimal,Major,Moderate,Minimal,"Places3 groceries, 19 restaurants, 8 parksTransit21, 280, 281, 286, 80, 82, 83, 84, 87, Bus Bridge, ECR, M1 Shuttle, M1 Shuttle (City of Menlo Park), U","Jul 24, 2023",Listed (Active)MLSListings #ML81936031,3588888.0,https://www.redfin.com/CA/Menlo-Park/12-Cardinal-Ct-94025/home/172809631,,,,,,,,,,,,,,,,,,,,,,,,,,,,,,,,,,,,
MLS Listing,,Single Family Residential,544 Encina Ave,Menlo Park,CA,94025,2295000,3,2.0,MENLO PARK,1960,15200.0,1984,70,1171,,Active,,,https://www.redfin.com/CA/Menlo-Park/544-Encina-Ave-94025/home/1488600,MLSListings,ML81935895,N,Y,37.4737767,-122.1965549,On Street,2.0,,Other (See Remarks),,,Other (See Remarks),Other (See Remarks),Public Utilities,,NA,NA,6,2.5,1171.0,2195744.0,16227.0,65,Bikeable,58,Somewhat walkable,,,Minimal,Minimal,Moderate,Minimal,"Places4 groceries, 27 restaurants, 3 parksTransit270, 286, 296, 397, 72, 79, 82, 83, 84, 88, ECR, M1 Shuttle, M1 Shuttle (City of Menlo Park), M3 Shuttle, M3 Shuttle (City of Menlo Park), MPT Shuttle","Jul 22, 2023",Listed (Active)MLSListings #ML81935895,2295000.0,https://www.redfin.com/CA/Menlo-Park/544-Encina-Ave-94025/home/1488600,,,,,,,,,,,,,,,,,,,,,,,,,,,,,,,,,,,,
MLS Listing,,Single Family Residential,,Menlo Park,CA,94025,1800000,3,1.0,MENLO PARK,1220,10625.0,1924,70,1475,,Active,,,https://www.redfin.com/CA/Menlo-Park/Encina-Ave-94025/home/1333483,MLSListings,ML81935894,N,Y,37.4738689,-122.1968869,On Street,,,Other (See Remarks),,,Other (See Remarks),Other (See Remarks),Public Utilities,,NA,NA,6,2.5,1475.0,1724305.0,12727.0,67,Bikeable,54,Somewhat walkable,,,Minimal,Minor,Moderate,Minimal,"Places4 groceries, 27 restaurants, 3 parksTransit270, 296, 397, 72, 79, 82, 83, 84, 88, ECR, M1 Shuttle, M1 Shuttle (City of Menlo Park), M3 Shuttle, M3 Shuttle (City of Menlo Park), MPT Shuttle","Jul 22, 2023",Listed (Active)MLSListings #ML81935894,1800000.0,https://www.redfin.com/CA/Menlo-Park/Encina-Ave-94025/home/1333483,,,,,,,,,,,,,,,,,,,,,,,,,,,,,,,,,,,,
MLS Listing,,Single Family Residential,847 Woodland Ave,Menlo Park,CA,94025,5188888,6,6.0,MENLO PARK,4138,5200.0,2023,70,1254,,Active,October-1-2023 01:00 PM,October-1-2023 04:00 PM,https://www.redfin.com/CA/Menlo-Park/847-Woodland-Ave-94025/home/1710017,MLSListings,ML81935884,N,Y,37.4550889,-122.156887,Attached Garage,2.0,,Dining Area in Family Room,,,Central Forced Air,Central Forced Air,Public Utilities,,8,8,6,2.5,1254.0,5324063.0,36689.0,84,Very bikeable,66,Somewhat walkable,43,Some transit,Minimal,Minimal,Moderate,Minimal,"Places2 groceries, 25 restaurants, 3 parksTransit21, 22, 280, 281, 296, 397, 81, 82, 83, 84, 88, B7, Bus Bridge, ECR, L1, L2, L3, L4, L5, L6, M1 Shuttle, M1 Shuttle (City of Menlo Park), M4 Shuttle, M4 Shuttle (City of Menlo Park), Rapid 522","Sep 30, 2023",Price ChangedMLSListings #ML81935884,5188888.0,https://www.redfin.com/CA/Menlo-Park/847-Woodland-Ave-94025/home/1710017,"Sep 16, 2023",Price ChangedMLSListings #ML81935884,5388888.0,"Sep 3, 2023",Price ChangedMLSListings #ML81935884,4988888.0,"Jul 22, 2023",Listed (Active)MLSListings #ML81935884,5588888.0,,,,,,,,,,,,,,,,,,,,,,,,,,,
MLS Listing,,Condo/Co-op,1202 Sharon Park Dr #71,Menlo Park,CA,94025,1540000,2,2.0,MENLO PARK,1860,,1978,80,828,1225.0,Active,,,https://www.redfin.com/CA/Menlo-Park/1202-Sharon-Park-Dr-94025/unit-71/home/1299371,MLSListings,ML81934783,N,Y,37.4263487,-122.2169035,Covered Parking,2.0,,Formal Dining Room,,,,Central Forced Air (Gas),Public Utilities,1.0,NA,NA,6,2.5,828.0,1507628.0,12114.0,34,Somewhat bikeable,4,Car-dependent,15,Minimal transit,Minimal,Moderate,Moderate,Minimal,"Places3 groceries, 19 restaurants, 6 parksTransit275, 278, 286, 72, 79, 80, 82, 83, 84, 85, 87, ECR, M1 Shuttle, M1 Shuttle (City of Menlo Park)","Jul 12, 2023",Listed (Active)MLSListings #ML81934783,1540000.0,https://www.redfin.com/CA/Menlo-Park/1202-Sharon-Park-Dr-94025/unit-71/home/1299371,,,,,,,,,,,,,"Common Area Electricity, Common Area Gas, Exterior Painting, Garbage, Insurance (Common Area), Landscaping/Gardening, Maintenance (Common Area), Maintenance (Road), Pools, Spa, or Tennis, Reserves, Roof, Water",Sharon Park Homeowners Association,,,,,,,,,,,,,,,,,,,,,,
MLS Listing,,Condo/Co-op,1100 Sharon Park Dr #15,Menlo Park,CA,94025,1470000,3,2.0,SHARON HEIGHTS,1710,2018.0,1965,84,860,582.0,Active,,,https://www.redfin.com/CA/Menlo-Park/1100-Sharon-Park-Dr-94025/unit-15/home/1721356,"bridgeMLS, Bay East AOR, or Contra Costa AOR",41032212,N,Y,37.4247727,-122.2181447,,2.0,,,,"Laminate, Tile, Carpet",Central Air,Forced Air,All Public Utilities,,NA,NA,6,2.25,860.0,1430099.0,10976.0,43,Somewhat bikeable,10,Car-dependent,13,Minimal transit,Minimal,Moderate,Moderate,Minimal,"Places3 groceries, 20 restaurants, 6 parksTransit275, 278, 286, 72, 79, 80, 82, 83, 84, 85, 87, M1 Shuttle, M1 Shuttle (City of Menlo Park)","Sep 19, 2023","Relisted (Back On Market)bridgeMLS, Bay East AOR, or Contra Costa AOR #41032212",NA,https://www.redfin.com/CA/Menlo-Park/1100-Sharon-Park-Dr-94025/unit-15/home/1721356,"Sep 17, 2023","PendingbridgeMLS, Bay East AOR, or Contra Costa AOR #41032212",NA,"Aug 21, 2023","Price ChangedbridgeMLS, Bay East AOR, or Contra Costa AOR #41032212",1470000.0,"Jul 6, 2023","Listed (New)bridgeMLS, Bay East AOR, or Contra Costa AOR #41032212",1499999.0,"Aug 9, 2019",ContingentMLSListings #ML81760046,NA,,,,"Jul 21, 2019",Price ChangedMLSListings #ML81760046,1338000.0,"Jul 11, 2019",Listed (Active)MLSListings #ML81760046,1399000.0,"Jul 11, 2019",Listed (Active)MLSListings #ML81760046,1399000.0,,,,,,,,,,,,
MLS Listing,,Single Family Residential,1295 Woodland Ave,Menlo Park,CA,94025,3980000,4,4.5,MENLO PARK,3062,15420.0,1946,85,1300,,Active,,,https://www.redfin.com/CA/Menlo-Park/1295-Woodland-Ave-94025/home/1936752,MLSListings,ML81934309,N,Y,37.4579557,-122.1497236,Detached,2.0,,Dining Area in Family Room,,,Other (See Remarks),Central Forced Air (Gas),Public Utilities,2.0,8,8,6,2.5,1300.0,4087186.0,28141.0,77,Very bikeable,63,Somewhat walkable,38,Some transit,Minimal,Minimal,Moderate,Minimal,"Places7 groceries, 25 restaurants, 4 parksTransit21, 280, 281, 296, 397, 81, 82, 83, 84, 88, M1 Shuttle, M1 Shuttle (City of Menlo Park), M4 Shuttle, M4 Shuttle (City of Menlo Park)","Sep 13, 2023",Price ChangedMLSListings #ML81934309,3980000.0,https://www.redfin.com/CA/Menlo-Park/1295-Woodland-Ave-94025/home/1936752,"Jul 7, 2023",Listed (Active)MLSListings #ML81934309,4480000.0,"Oct 29, 2021",Pending (Pending (Do Not Show))MLSListings #ML81862434,NA,"Sep 13, 2021",Listed (Active)MLSListings #ML81862434,3595000.0,,,,,,,,,,,,,,,,,,,,,,,,,,,
MLS Listing,,Townhouse,2242 Eastridge Ave,Menlo Park,CA,94025,1900000,3,2.0,MENLO PARK,1408,60952.0,1967,87,1349,450.0,Active,October-1-2023 02:00 PM,October-1-2023 04:00 PM,https://www.redfin.com/CA/Menlo-Park/2242-Eastridge-Ave-94025/home/1888733,MLSListings,ML81932102,N,Y,37.4268283,-122.2004109,Attached Garage,2.0,"Double Sinks, Full on Ground Floor, Primary (Sunken Tub), Shower and Tub, Stall Shower, Updated Bath(s)",Formal Dining Room,"Electricity Hookup (220V), In Garage","Carpet, Hardwood, Tile",Central Forced Air,Central Forced Air (Gas),"Individual Electric Meters, Individual Gas Meters, Public Utilities",1.0,NA,NA,6,2.5,1349.0,,13884.0,79,Very bikeable,65,Somewhat walkable,19,Minimal transit,NA,NA,NA,NA,"Places3 groceries, 19 restaurants, 7 parksTransit21, 286, 80, 82, 83, 84, 87, M1 Shuttle, M1 Shuttle (City of Menlo Park), U","Sep 19, 2023",Relisted (Active)MLSListings #ML81932102,NA,https://www.redfin.com/CA/Menlo-Park/2242-Eastridge-Ave-94025/home/1888733,"Sep 15, 2023",Listing RemovedMLSListings #ML81932102,NA,"Jul 1, 2023",Listed (Active)MLSListings #ML81932102,1900000.0,,,,,,,"Exterior Painting, Insurance (Common Area), Insurance (Earthquake), Roof, Water",Sharon Court Association,Monthly,,,,,,,,,,,,,,,,,,,,,
MLS Listing,,Single Family Residential,1000 Middle Ave,Menlo Park,CA,94025,2898000,3,2.5,MENLO PARK,1610,3595.0,2019,96,1800,,Active,,,https://www.redfin.com/CA/Menlo-Park/1000-Middle-Ave-94025/home/1892891,MLSListings,ML81927672,N,Y,37.4454479,-122.1818276,"Attached Garage, Other",1.0,"Double Sinks, Jack & Jill, Primary (Stall Shower(s)), Shower Over Tub, Split Bath",Dining Area in Living Room,Washer/Dryer,Hardwood,Central Forced Air,Forced Air,Public Utilities,2.0,9,8,6,2.5,1800.0,2830958.0,20491.0,85,Very bikeable,82,Very walkable,39,Some transit,NA,NA,NA,NA,"Places7 groceries, 18 restaurants, 3 parksTransit21, 280, 281, 286, 296, 80, 82, 83, 84, 88, Bus Bridge, ECR, L1, L2, L3, L5, L6, M1 Shuttle, M1 Shuttle (City of Menlo Park), M3 Shuttle, M3 Shuttle (City of Menlo Park), M4 Shuttle, M4 Shuttle (City of Menlo Park), U","Sep 2, 2023",Relisted (Active)MLSListings #ML81927672,NA,https://www.redfin.com/CA/Menlo-Park/1000-Middle-Ave-94025/home/1892891,"Sep 2, 2023",Listing RemovedMLSListings #ML81927672,NA,"Jun 26, 2023",Listed (Active)MLSListings #ML81927672,2898000.0,"Aug 8, 2019",Listing RemovedSDMLS #301457745,NA,"Apr 28, 2019",,NA,,,,,,,,,,,,,,,,,,,,,,,,
MLS Listing,,Condo/Co-op,1290 Sharon Park Dr #49,Menlo Park,CA,94025,1695000,2,2.0,MENLO PARK,2040,,1978,106,831,1225.0,Active,,,https://www.redfin.com/CA/Menlo-Park/1290-Sharon-Park-Dr-94025/unit-49/home/987088,MLSListings,ML81932039,N,Y,37.4261391,-122.218455,"Assigned Spaces, Covered Parking, Guest/Visitor Parking",2.0,"Double Sinks, Stall Shower, Tub, Updated Bath(s)","Eat in Kitchen, Formal Dining Room","Inside, Washer/Dryer","Carpet, Hardwood",Central Forced Air,Forced Air,Public Utilities,1.0,NA,NA,6,2.5,831.0,1635670.0,13210.0,34,Somewhat bikeable,7,Car-dependent,14,Minimal transit,Minimal,Moderate,Moderate,Minimal,"Places3 groceries, 20 restaurants, 6 parksTransit275, 278, 286, 72, 79, 80, 82, 83, 84, 85, 87, ECR, M1 Shuttle, M1 Shuttle (City of Menlo Park)","Jun 16, 2023",Listed (Active)MLSListings #ML81932039,1695000.0,https://www.redfin.com/CA/Menlo-Park/1290-Sharon-Park-Dr-94025/unit-49/home/987088,,,,,,,,,,,,,"Common Area Gas, Exterior Painting, Garbage, Hot Water, Insurance (Common Area), Insurance (Earthquake), Insurance (Hazard), Insurance (Structure), Landscaping/Gardening, Maintenance (Common Area), Maintenance (Exterior), Maintenance (Road), Pools, Spa, or Tennis, Roof, Water",Manor Associates,Monthly,,,,,,,,,,,,,,,,,,,,,
MLS Listing,,Single Family Residential,470 Ruthven Ave,Palo Alto,CA,94301,4600000,4,3.5,PALO ALTO,2617,6999.0,2013,108,1758,,Active,,,https://www.redfin.com/CA/Palo-Alto/470-Ruthven-Ave-94301/home/867973,MLSListings,ML81931736,N,Y,37.4509584,-122.1639719,Detached,1.0,,Formal Dining Room,,,Central Forced Air,Forced Air,Public Utilities,2.0,8,7,9,2.5,1758.0,,32525.0,100,/100Biker's paradise,84,Very walkable,54,Good transit,Minimal,Minimal,Moderate,Minimal,"Places1 grocery, 37 restaurants, 3 parksTransit21, 22, 280, 281, 286, 296, 397, 81, 82, 83, 84, 88, B7, Bus Bridge, ECR, L1, L2, L3, L4, L5, L6, M1 Shuttle, M1 Shuttle (City of Menlo Park), M4 Shuttle, M4 Shuttle (City of Menlo Park), Rapid 522","Jun 14, 2023",Listed (Active)MLSListings #ML81931736,4600000.0,https://www.redfin.com/CA/Palo-Alto/470-Ruthven-Ave-94301/home/867973,"Jul 8, 2014",Pending (Pending (Do Not Show))MLSListings #ML81423890,NA,"Jul 5, 2014",Listed (Active)MLSListings #ML81423890,3380000.0,,,,,,,,,,,,,,,,,,,,,,,,,,,,,,
MLS Listing,,Condo/Co-op,1275 El Camino Real Ph B,Menlo Park,CA,94025,3380000,3,2.5,MENLO PARK,1917,,2020,127,1763,1000.0,Active,,,https://www.redfin.com/CA/Menlo-Park/1275-El-Camino-Real-94025/unit-B/home/175892812,MLSListings,ML81929785,N,Y,37.4546078,-122.1859128,"Assigned Spaces, Electric Car Hookup",2.0,,Dining Area in Living Room,"In Utility Room, Washer/Dryer",,Central Forced Air,Central Forced Air,Public Utilities,,8,8,6,2.5,1763.0,3298371.0,24899.0,99,Biker's paradise,91,Walker's paradise,47,Some transit,Minimal,NA,Moderate,Minimal,"Places2 groceries, 28 restaurants, 0 parksTransit286, 296, 397, 80, 81, 82, 83, 84, 88, Bus Bridge, ECR, L1, L2, L3, L5, L6, M1 Shuttle, M1 Shuttle (City of Menlo Park), M3 Shuttle, M3 Shuttle (City of Menlo Park), M4 Shuttle, M4 Shuttle (City of Menlo Park)","May 26, 2023",Listed (Active)MLSListings #ML81929785,3380000.0,https://www.redfin.com/CA/Menlo-Park/1275-El-Camino-Real-94025/unit-B/home/175892812,,,,,,,,,,,,,Other (See Remarks),1275 El Camino Owners Association,,,,,,,,,,,,,,,,,,,,,,
MLS Listing,,Single Family Residential,127 Donohoe St,East Palo Alto,CA,94303,1349000,2,1.0,EAST PALO ALTO,810,6450.0,1946,127,1665,,Active,,,https://www.redfin.com/CA/East-Palo-Alto/127-Donohoe-St-94303/home/1584183,MLSListings,ML81929694,N,Y,37.4638411,-122.1506329,Attached Garage,1.0,,Dining Area,,,,Other (See Remarks),Public Utilities,1.0,NA,NA,6,2.5,1665.0,1311659.0,9538.0,79,Very bikeable,70,Very walkable,36,Some transit,Moderate,Minimal,Moderate,Minimal,"Places12 groceries, 26 restaurants, 3 parksTransit280, 281, 296, 397, 81, 82, 83, M1 Shuttle, M1 Shuttle (City of Menlo Park), M4 Shuttle, M4 Shuttle (City of Menlo Park)","May 26, 2023",Listed (Active)MLSListings #ML81929694,1349000.0,https://www.redfin.com/CA/East-Palo-Alto/127-Donohoe-St-94303/home/1584183,"Jul 9, 2020",Pending (Pending (Do Not Show))MLSListings #ML81798736,NA,"Jun 29, 2020",Listed (Active)MLSListings #ML81798736,995000.0,,,,,,,,,,,,,,,,,,,,,,,,,,,,,,
MLS Listing,,Single Family Residential,543 Encina Ave,Menlo Park,CA,94025,3475000,3,2.0,MENLO PARK,2280,20100.0,1921,127,1524,,Active,,,https://www.redfin.com/CA/Menlo-Park/543-Encina-Ave-94025/home/1999512,MLSListings,ML81929685,N,Y,37.4740516,-122.1976407,Attached Garage,1.0,,No Formal Dining Room,,,,Other (See Remarks),Public Utilities,,NA,NA,6,2.0,1524.0,3419048.0,24570.0,67,Bikeable,54,Somewhat walkable,,,Minimal,Minimal,Moderate,Minimal,"Places5 groceries, 28 restaurants, 2 parksTransit270, 296, 397, 72, 79, 82, 83, 84, 88, ECR, M1 Shuttle, M1 Shuttle (City of Menlo Park), M3 Shuttle, M3 Shuttle (City of Menlo Park), MPT Shuttle","Jul 31, 2023",Price ChangedMLSListings #ML81929685,3475000.0,https://www.redfin.com/CA/Menlo-Park/543-Encina-Ave-94025/home/1999512,"May 26, 2023",Listed (Active)MLSListings #ML81929685,3499000.0,,,,,,,,,,,,,,,,,,,,,,,,,,,,,,,,,
MLS Listing,,Single Family Residential,563 Encina Ave,Menlo Park,CA,94025,3295000,2,2.0,MENLO PARK,1750,18912.0,1920,133,1883,,Active,,,https://www.redfin.com/CA/Menlo-Park/563-Encina-Ave-94025/home/1240214,MLSListings,ML81929085,N,Y,37.4746498,-122.1974156,Attached Garage,2.0,,Other (See Remarks),,,,Forced Air,Public Utilities,1.0,NA,NA,6,2.0,1883.0,5835970.0,23298.0,67,Bikeable,54,Somewhat walkable,,,Minimal,Minimal,Moderate,Minimal,"Places4 groceries, 28 restaurants, 2 parksTransit270, 296, 397, 72, 79, 82, 83, 84, 88, ECR, M1 Shuttle, M1 Shuttle (City of Menlo Park), M3 Shuttle, M3 Shuttle (City of Menlo Park), MPT Shuttle","Jul 31, 2023",Price ChangedMLSListings #ML81929085,3295000.0,https://www.redfin.com/CA/Menlo-Park/563-Encina-Ave-94025/home/1240214,"May 20, 2023",Listed (Active)MLSListings #ML81929085,10499000.0,,,,,,,,,,,,,,,,,,,,,,,,,,,,,,,,,
MLS Listing,,Single Family Residential,1177 Johnson St,Menlo Park,CA,94025,12950000,5,6.0,MENLO PARK,6611,29520.0,2009,133,1959,,Active,,,https://www.redfin.com/CA/Menlo-Park/1177-Johnson-St-94025/home/2041344,MLSListings,ML81929082,N,Y,37.4491707,-122.1890167,Underground Parking,4.0,,"Eat in Kitchen, Formal Dining Room",,Hardwood,Central Forced Air,Central Forced Air (Gas),"Generator, Public Utilities",1.0,9,8,6,2.0,1959.0,12408825.0,91565.0,91,Biker's paradise,90,Walker's paradise,43,Some transit,Minimal,Minimal,Moderate,Minimal,"Places5 groceries, 18 restaurants, 1 parkTransit21, 286, 296, 397, 80, 81, 82, 83, 84, 88, Bus Bridge, ECR, L1, L2, L3, L5, L6, M1 Shuttle, M1 Shuttle (City of Menlo Park), M3 Shuttle, M3 Shuttle (City of Menlo Park), M4 Shuttle, M4 Shuttle (City of Menlo Park)","Jul 28, 2023",Price ChangedMLSListings #ML81929082,12950000.0,https://www.redfin.com/CA/Menlo-Park/1177-Johnson-St-94025/home/2041344,"May 20, 2023",Listed (Active)MLSListings #ML81929082,13950000.0,"Nov 4, 2019",Pending (Pending (Do Not Show))MLSListings #ML81770568,NA,"Oct 25, 2019",ContingentMLSListings #ML81770568,NA,"Sep 29, 2019",Listed (Active)MLSListings #ML81770568,10850000.0,,,,,,,,,,,,,,,,,,,,,,,,
MLS Listing,,Single Family Residential,1379 Carlton Ave,Menlo Park,CA,94025,2499880,4,3.0,MENLO PARK,2794,6000.0,2021,135,895,,Active,,,https://www.redfin.com/CA/Menlo-Park/1379-Carlton-Ave-94025/home/1071214,MLSListings,ML81928765,N,Y,37.4788723,-122.1531904,"Attached Garage, Gate/Door Opener",2.0,,"Breakfast Room, Formal Dining Room","In Utility Room, Inside","Hardwood, Tile",Central Forced Air,Central Forced Air,"Individual Electric Meters, Individual Gas Meters, Public Utilities",1.0,NA,2,6,2.5,895.0,2437860.0,17676.0,81,Very bikeable,67,Somewhat walkable,35,Some transit,Severe,Minor,Moderate,Minimal,"Places9 groceries, 24 restaurants, 6 parksTransit280, 281, 296, 397, 81, 82, 83, 88, M1 Shuttle, M1 Shuttle (City of Menlo Park), M3 Shuttle, M3 Shuttle (City of Menlo Park), M4 Shuttle, M4 Shuttle (City of Menlo Park)","Aug 9, 2023",Price ChangedMLSListings #ML81928765,2499880.0,https://www.redfin.com/CA/Menlo-Park/1379-Carlton-Ave-94025/home/1071214,"May 18, 2023",Listed (Active)MLSListings #ML81928765,2699880.0,,,,,,,,,,,,,,,,,,,,,,,,,,,,,,,,,
MLS Listing,,Single Family Residential,139 Oak Ct,Menlo Park,CA,94025,2450000,5,2.0,MENLO PARK,1995,7250.0,1955,142,1228,,Active,,,https://www.redfin.com/CA/Menlo-Park/139-Oak-Ct-94025/home/1932037,MLSListings,ML81927935,N,Y,37.4593913,-122.1518147,"Detached, Gate/Door Opener",2.0,,No Formal Dining Room,Washer/Dryer,Hardwood,,Central Forced Air (Gas),"Individual Electric Meters, Individual Gas Meters",1.0,8,8,6,2.0,1228.0,2379291.0,17323.0,81,Very bikeable,76,Very walkable,38,Some transit,Minimal,Minimal,Moderate,Minimal,"Places6 groceries, 23 restaurants, 5 parksTransit21, 280, 281, 296, 397, 81, 82, 83, 84, 88, M1 Shuttle, M1 Shuttle (City of Menlo Park), M4 Shuttle, M4 Shuttle (City of Menlo Park)","May 11, 2023",Listed (Active)MLSListings #ML81927935,2450000.0,https://www.redfin.com/CA/Menlo-Park/139-Oak-Ct-94025/home/1932037,,,,,,,,,,,,,,,,,,,,,,,,,,,,,,,,,,,,
MLS Listing,,Multi-Family (2-4 Unit),1952 Menalto Ave,Menlo Park,CA,94025,3195000,7,4.0,MENLO PARK,5045,18445.0,1948,255,633,,Active,,,https://www.redfin.com/CA/Menlo-Park/1952-Menalto-Ave-94025/home/868493,MLSListings,ML81916464,N,Y,37.4599763,-122.15152,Attached Garage,8.0,,,Washer/Dryer,"Carpet, Hardwood, Tile, Vinyl/Linoleum",Ceiling Fan,"Gas, Wall Furnace",Public Utilities,1.0,8,8,6,2.5,633.0,,22591.0,80,Very bikeable,62,Somewhat walkable,38,Some transit,Minimal,Minimal,Moderate,Minimal,"Places9 groceries, 22 restaurants, 5 parksTransit21, 280, 281, 296, 397, 81, 82, 83, 84, 88, M1 Shuttle, M1 Shuttle (City of Menlo Park), M4 Shuttle, M4 Shuttle (City of Menlo Park)","Aug 29, 2023",Listed (Active)MLSListings #ML81940245,3195000.0,https://www.redfin.com/CA/Menlo-Park/1952-Menalto-Ave-94025/home/868493,"Jun 27, 2023",Price ChangedMLSListings #ML81916464,3195000.0,"Jan 18, 2023",Listed (Active)MLSListings #ML81916464,3495000.0,,,,,,,,,,,,,,,,,,,,,,,,,,,,,,
MLS Listing,,Multi-Family (2-4 Unit),1950 Menalto Ave,Menlo Park,CA,94025,2095000,3,2.0,MENLO PARK,1340,10270.0,1921,255,1563,,Active,,,https://www.redfin.com/CA/Menlo-Park/1950-Menalto-Ave-94025/home/866297,MLSListings,ML81916462,N,Y,37.4598939,-122.1520373,Detached,2.0,,,Washer/Dryer,"Carpet, Laminate, Tile, Vinyl/Linoleum",Ceiling Fan,"Gas, Wall Furnace","Individual Electric Meters, Individual Gas Meters, Public Utilities",1.0,8,8,6,2.5,1563.0,,14813.0,81,Very bikeable,76,Very walkable,38,Some transit,Minimal,Minimal,Moderate,Minimal,"Places7 groceries, 23 restaurants, 4 parksTransit21, 280, 281, 296, 397, 81, 82, 83, 84, 88, M1 Shuttle, M1 Shuttle (City of Menlo Park), M4 Shuttle, M4 Shuttle (City of Menlo Park)","Aug 29, 2023",Listed (Active)MLSListings #ML81940237,2095000.0,https://www.redfin.com/CA/Menlo-Park/1950-Menalto-Ave-94025/home/866297,"Jun 27, 2023",Price ChangedMLSListings #ML81916462,2095000.0,"Jan 18, 2023",Listed (Active)MLSListings #ML81916462,2495000.0,,,,,,,,,,,,,,,,,,,,,,,,,,,,,,
MLS Listing,,Single Family Residential,1108 Henderson Ave,Menlo Park,CA,94025,1149000,3,1.0,MENLO PARK,1310,4720.0,1954,385,877,,Active,,,https://www.redfin.com/CA/Menlo-Park/1108-Henderson-Ave-94025/home/1324276,MLSListings,ML81906860,N,Y,37.4729811,-122.160871,,,,,,,,,,1.0,NA,NA,6,,846.0,1108529.0,,74,Very bikeable,62,Somewhat walkable,36,Some transit,Minimal,Minimal,Moderate,Minimal,"Places8 groceries, 21 restaurants, 8 parksTransit281, 296, 397, 81, 82, 83, 88, M1 Shuttle, M1 Shuttle (City of Menlo Park), M3 Shuttle, M3 Shuttle (City of Menlo Park), M4 Shuttle, M4 Shuttle (City of Menlo Park)","Jan 27, 2020",Listing RemovedSDMLS #302398404,NA,https://www.redfin.com/CA/Menlo-Park/1108-Henderson-Ave-94025/home/1324276,,,,,,,,,,,,,,,,,,,,,,,,,,,,,,,,,,,,
