SALE TYPE,SOLD DATE,PROPERTY TYPE,ADDRESS,CITY,STATE OR PROVINCE,ZIP OR POSTAL CODE,PRICE,BEDS,BATHS,LOCATION,SQUARE FEET,LOT SIZE,YEAR BUILT,DAYS ON MARKET,$/SQUARE FEET,HOA/MONTH,STATUS,NEXT OPEN HOUSE START TIME,NEXT OPEN HOUSE END TIME,URL,SOURCE,MLS#,FAVORITE,INTERESTED,LATITUDE,LONGITUDE,HAS_GARAGE,FLOORING_FEATURES,HEATING_FEATURES,COOLING_FEATURES,ELEMENTARY_SCHOOL_RATING,MIDDLE_SCHOOL_RATING,HIGH_SCHOOL_RATING,BUYER_AGENCY_COMPENSATION,PRICE_PR_SQFT,REDFIN_ESTIMATE,EST_MONTHLY_PAY,Bike Score,Bike Score_type,Walk Score,Walk Score_type,Flood Factor,Fire Factor,Heat Factor,Wind Factor,OVERALL_NEARBY_PLACES,PRICE_HISTORY1_EVENT_DATE,PRICE_HISTORY1_EVENT_TYPE,PRICE_HISTORY1_PRICE,url,UTILITIES,PRICE_HISTORY2_EVENT_DATE,PRICE_HISTORY2_EVENT_TYPE,PRICE_HISTORY2_PRICE,PRICE_HISTORY3_EVENT_DATE,PRICE_HISTORY3_EVENT_TYPE,PRICE_HISTORY3_PRICE,PRICE_HISTORY4_EVENT_DATE,PRICE_HISTORY4_EVENT_TYPE,PRICE_HISTORY4_PRICE,PARK_DESCRIPTION,DINNING_DESC,NUM_STORIES,FEES_INCLUDE,HOA_FEE_FREQ,HOA_NAME,PRICE_HISTORY5_EVENT_DATE,PRICE_HISTORY5_EVENT_TYPE,PRICE_HISTORY5_PRICE,LAUNDARY_FEATURES,BATH_DESCRIPTION,PRICE_HISTORY6_EVENT_DATE,PRICE_HISTORY6_EVENT_TYPE,PRICE_HISTORY6_PRICE,PRICE_HISTORY7_EVENT_DATE,PRICE_HISTORY7_EVENT_TYPE,PRICE_HISTORY7_PRICE,Transit Score,Transit Score_type,PRICE_HISTORY8_EVENT_DATE,PRICE_HISTORY8_PRICE
MLS Listing,,Condo/Co-op,6946 Geyserville St,Dublin,CA,94568,945000,2,2.5,WALLISRANCH,1514,,2018.0,1.0,624,387.0,Active,October-1-2023 01:00 PM,October-1-2023 04:00 PM,https://www.redfin.com/CA/Dublin/6946-Geyserville-St-94568/home/144897133,"bridgeMLS, Bay East AOR, or Contra Costa AOR",41040537,N,Y,37.7344078,-121.8724996,2.0,"Tile, Vinyl, Carpet",Zoned,Zoned,10,9,8,2.5,624.0,958472.0,7069.0,22,Somewhat bikeable,3,Car-dependent,Minimal,Extreme,Moderate,Minimal,"Places3 groceries, 26 restaurants, 13 parksTransit1, 10R, 150, 2, 3, 30R, 35, 501, 502, 503, 504, 54, 604, 605, 610, Route 6","Sep 29, 2023","Listed (Active)bridgeMLS, Bay East AOR, or Contra Costa AOR #41040537",945000.0,https://www.redfin.com/CA/Dublin/6946-Geyserville-St-94568/home/144897133,,,,,,,,,,,,,,,,,,,,,,,,,,,,,,,
MLS Listing,,Single Family Residential,5972 Lombard St,Dublin,CA,94568,1699888,5,4.0,BOULEVARD,2828,2295.0,2019.0,18.0,601,175.0,Active,September-30-2023 01:00 PM,September-30-2023 04:00 PM,https://www.redfin.com/CA/Dublin/5972-Lombard-St-94568/home/161062873,"bridgeMLS, Bay East AOR, or Contra Costa AOR",41038851,N,Y,37.7100685,-121.8992835,2.0,"Hardwood, Tile, Carpet",Zoned,Zoned,7,7,8,2.5,601.0,,12194.0,79,Very bikeable,28,Car-dependent,Moderate,Major,Moderate,Minimal,"Places7 groceries, 25 restaurants, 0 parksTransit1, 100, 10R, 14, 150, 2, 20X, 3, 30R, 335, 35, 501, 502, 503, 504, 54, 580X, 636, 703, 70X, 8, 90, 97X, Bart, Blue-N, Blue-S, C - Bart, Route 6","Sep 27, 2023","Price ChangedbridgeMLS, Bay East AOR, or Contra Costa AOR #41038851",1699888.0,https://www.redfin.com/CA/Dublin/5972-Lombard-St-94568/home/161062873,"All Public Utilities, Cable Available, Cable Connected, Natural Gas Available, Natural Gas Connected","Sep 12, 2023","Listed (New)bridgeMLS, Bay East AOR, or Contra Costa AOR #41038851",1748888.0,"Feb 3, 2020","PendingbridgeMLS, Bay East AOR, or Contra Costa AOR #40890505",NA,"Dec 10, 2019","Listed (New)bridgeMLS, Bay East AOR, or Contra Costa AOR #40890505",1155880.0,,,,,,,,,,,,,,,,,,,,,
MLS Listing,,Townhouse,5484 Melissa Ln,Dublin,CA,94568,1300000,4,3.0,BOULEVARD,2745,,2022.0,30.0,474,365.0,Active,,,https://www.redfin.com/CA/Dublin/5484-Melissa-Ln-94568/home/180411750,"bridgeMLS, Bay East AOR, or Contra Costa AOR",41037696,N,Y,37.707687,-121.894188,2.0,"Carpet, Wood",Zoned,Zoned,7,7,8,2.5,474.0,,9557.0,92,Biker's paradise,60,Somewhat walkable,Minimal,Moderate,Moderate,Minimal,"Places4 groceries, 30 restaurants, 0 parksTransit1, 100, 10R, 14, 150, 2, 20X, 3, 30R, 335, 35, 501, 502, 503, 504, 54, 580X, 636, 703, 70X, 8, 90, 97X, Bart, Blue-N, Blue-S, C - Bart, Route 6","Aug 31, 2023","Listed (New)bridgeMLS, Bay East AOR, or Contra Costa AOR #41037696",1300000.0,https://www.redfin.com/CA/Dublin/5484-Melissa-Ln-94568/home/180411750,"All Public Utilities, Cable Connected",,,,,,,,,,,,,,,,,,,,,,,,,,,,,,
MLS Listing,,Condo/Co-op,5698 El Dorado Ln,Dublin,CA,94568,1350000,4,3.5,BOULEVARD,2128,,2017.0,31.0,634,380.0,Active,September-30-2023 01:00 PM,September-30-2023 04:00 PM,https://www.redfin.com/CA/Dublin/5698-El-Dorado-Ln-94568/home/167331648,"bridgeMLS, Bay East AOR, or Contra Costa AOR",41037377,N,Y,37.706638,-121.8988167,2.0,"Hardwood, Tile, Carpet",Zoned,"Ceiling Fan(s), Zoned",7,7,8,2.5,634.0,1344445.0,9925.0,91,Biker's paradise,40,Car-dependent,Minimal,Moderate,Moderate,Minimal,"Places6 groceries, 28 restaurants, 0 parksTransit1, 100, 10R, 14, 150, 2, 20X, 3, 30R, 335, 35, 501, 502, 503, 504, 54, 580X, 636, 703, 70X, 8, 90, 97X, Bart, Blue-N, Blue-S, C - Bart, Route 6","Aug 30, 2023","Listed (New)bridgeMLS, Bay East AOR, or Contra Costa AOR #41037377",1350000.0,https://www.redfin.com/CA/Dublin/5698-El-Dorado-Ln-94568/home/167331648,"All Public Utilities, Internet Available, Individual Electric Meter, Individual Gas Meter",,,,,,,,,,,,,,,,,,,,,,,,,,,,,,
MLS Listing,,Single Family Residential,8046 Peppertree Rd,Dublin,CA,94568,1400000,4,2.0,WEST SIDE DUBLIN,1936,8396.0,1968.0,1.0,723,,Active,September-30-2023 01:00 PM,September-30-2023 04:00 PM,https://www.redfin.com/CA/Dublin/8046-Peppertree-Rd-94568/home/1163248,"bridgeMLS, Bay East AOR, or Contra Costa AOR",41040653,N,Y,37.7140645,-121.9432003,2.0,"Laminate, Linoleum, Carpet",Forced Air,"Ceiling Fan(s), Central Air, Whole House Fan",8,7,8,2.5,723.0,1641122.0,9899.0,60,Bikeable,32,Car-dependent,Minimal,Severe,Moderate,Minimal,"Places1 grocery, 22 restaurants, 6 parksTransit3, 30R, 335, 35, 501, 502, 503, 504, 53, 603, 604, 622, 636, 70X, Blue-N, Blue-S","Sep 29, 2023","Price ChangedbridgeMLS, Bay East AOR, or Contra Costa AOR #41040653",1400000.0,https://www.redfin.com/CA/Dublin/8046-Peppertree-Rd-94568/home/1163248,,"Sep 29, 2023","Listed (Active)bridgeMLS, Bay East AOR, or Contra Costa AOR #41040653",14000000.0,,,,,,,,,,,,,,,,,,,,,,,,,,,
MLS Listing,,Single Family Residential,11268 Champagne Ct,Dublin,CA,94568,2098000,4,3.0,BORDEAUX ESTATES,2820,9525.0,1990.0,2.0,744,23.0,Active,September-30-2023 01:00 PM,September-30-2023 04:00 PM,https://www.redfin.com/CA/Dublin/11268-Champagne-Ct-94568/home/1659511,"bridgeMLS, Bay East AOR, or Contra Costa AOR",41040092,N,Y,37.7113181,-121.9519491,3.0,"Hardwood, Laminate, Tile, Carpet",Zoned,Zoned,8,7,8,2.5,744.0,2097341.0,14857.0,4,Somewhat bikeable,7,Car-dependent,Minimal,Severe,Moderate,Minimal,"Places2 groceries, 19 restaurants, 6 parksTransit3, 30R, 501, 502, 503, 504, 53, 603, 604, 622, 636, 70X, Blue-N, Blue-S","Sep 28, 2023","Listed (Active)bridgeMLS, Bay East AOR, or Contra Costa AOR #41040092",2098000.0,https://www.redfin.com/CA/Dublin/11268-Champagne-Ct-94568/home/1659511,"All Public Utilities, Natural Gas Connected",,,,,,,,,,,,,,,,,,,,,,,,,,,,,,
MLS Listing,,Townhouse,5223 S Esprit Loop,Dublin,CA,94568,1250000,4,3.5,DUBLIN,1848,1848.0,2014.0,2.0,676,189.0,Active,September-30-2023 01:00 PM,September-30-2023 04:00 PM,https://www.redfin.com/CA/Dublin/5223-S-Esprit-Loop-94568/home/95474484,"bridgeMLS, Bay East AOR, or Contra Costa AOR",41040321,N,Y,37.7046741,-121.8964973,2.0,Engineered Wood,Zoned,Zoned,7,7,8,2.5,676.0,1258540.0,9027.0,84,Very bikeable,55,Somewhat walkable,Minimal,Moderate,Moderate,Minimal,"Places6 groceries, 30 restaurants, 0 parksTransit1, 100, 10R, 14, 150, 2, 20X, 3, 30R, 335, 35, 501, 502, 503, 504, 54, 580X, 636, 703, 70X, 8, 90, 97X, Bart, Blue-N, Blue-S, C - Bart, Route 6","Sep 28, 2023","Listed (Active)bridgeMLS, Bay East AOR, or Contra Costa AOR #41040321",1250000.0,https://www.redfin.com/CA/Dublin/5223-S-Esprit-Loop-94568/home/95474484,All Public Utilities,,,,,,,,,,,,,,,,,,,,,,,,,,,,,,
MLS Listing,,Condo/Co-op,3923 Meridian St,Dublin,CA,94568,1198000,4,3.5,DUBLIN,1879,,2019.0,2.0,638,245.0,Active,September-30-2023 01:00 PM,September-30-2023 04:00 PM,https://www.redfin.com/CA/Dublin/3923-Meridian-St-94568/home/168833541,"bridgeMLS, Bay East AOR, or Contra Costa AOR",41039643,N,Y,37.7037586,-121.8637871,2.0,"Laminate, Tile, Carpet","Forced Air, Zoned","Central Air, Zoned",9,9,8,2.5,638.0,1203843.0,8716.0,54,Bikeable,55,Somewhat walkable,Severe,Severe,Moderate,Minimal,"Places7 groceries, 32 restaurants, 6 parksTransit1, 10R, 14, 2, 30R, 501, 502, 504, 54, 604, 605, 608, 610","Sep 28, 2023","Listed (Active)bridgeMLS, Bay East AOR, or Contra Costa AOR #41039643",1198000.0,https://www.redfin.com/CA/Dublin/3923-Meridian-St-94568/home/168833541,All Public Utilities,,,,,,,,,,,,,,,,,,,,,,,,,,,,,,
MLS Listing,,Condo/Co-op,10773 Ruthven Ln,Dublin,CA,94568,930000,3,2.5,CA HIGHLANDS,1387,,1997.0,2.0,671,350.0,Active,September-30-2023 11:00 AM,September-30-2023 02:00 PM,https://www.redfin.com/CA/Dublin/10773-Ruthven-Ln-94568/home/1985658,"bridgeMLS, Bay East AOR, or Contra Costa AOR",41039918,N,Y,37.70116,-121.958841,2.0,"Tile, Vinyl, Carpet",Forced Air,"Ceiling Fan(s), Central Air",8,7,8,2.5,671.0,946820.0,6926.0,13,Somewhat bikeable,6,Car-dependent,Minimal,Severe,Moderate,Minimal,"Places1 grocery, 17 restaurants, 12 parksTransit3, 30R, 501, 502, 503, 504, 53, 602, 603, 604, 622, 636, 70X, Blue-N, Blue-S","Sep 28, 2023","Listed (Active)bridgeMLS, Bay East AOR, or Contra Costa AOR #41039918",930000.0,https://www.redfin.com/CA/Dublin/10773-Ruthven-Ln-94568/home/1985658,,"Mar 7, 2019","PendingbridgeMLS, Bay East AOR, or Contra Costa AOR #40855047",NA,"Mar 1, 2019","Listed (New)bridgeMLS, Bay East AOR, or Contra Costa AOR #40855047",725000.0,,,,,,,,,,,,,,,,,,,,,,,,
MLS Listing,,Condo/Co-op,4837 Perugia St,Dublin,CA,94568,898000,2,2.5,DUBLIN RANCH,1493,,2011.0,3.0,601,509.0,Active,September-30-2023 02:00 PM,September-30-2023 04:00 PM,https://www.redfin.com/CA/Dublin/4837-Perugia-St-94568/home/40087507,"bridgeMLS, Bay East AOR, or Contra Costa AOR",41040366,N,Y,37.7115842,-121.8643167,2.0,"Hardwood, Tile, Carpet","Zoned, Natural Gas",Zoned,9,9,8,2.5,601.0,903868.0,6858.0,53,Bikeable,48,Car-dependent,Minimal,Severe,Moderate,Minimal,"Places6 groceries, 33 restaurants, 9 parksTransit1, 10R, 14, 2, 30R, 501, 502, 504, 54, 604, 605, 608, 610","Sep 27, 2023","Listed (Active)bridgeMLS, Bay East AOR, or Contra Costa AOR #41040366",898000.0,https://www.redfin.com/CA/Dublin/4837-Perugia-St-94568/home/40087507,,,,,,,,,,,,,,,,,,,,,,,,,,,,,,,
MLS Listing,,Townhouse,3784 Dunmore Ln,Dublin,CA,94568,898900,2,2.5,DUBLIN,1634,13428.0,2004.0,4.0,550,250.0,Active,September-30-2023 01:30 PM,September-30-2023 04:30 PM,https://www.redfin.com/CA/Dublin/3784-Dunmore-Ln-94568/home/1237010,MLSListings,ML81941651,N,Y,37.7081221,-121.8669205,2.0,,Central Forced Air,Central Forced Air,9,9,8,2.5,550.0,951900.0,6606.0,73,Very bikeable,61,Somewhat walkable,Minimal,Severe,Moderate,Minimal,"Places7 groceries, 34 restaurants, 8 parksTransit1, 10R, 14, 2, 30R, 501, 502, 504, 54, 604, 605, 608, 610","Sep 26, 2023",Listed (Active)MLSListings #ML81941651,898900.0,https://www.redfin.com/CA/Dublin/3784-Dunmore-Ln-94568/home/1237010,Public Utilities,"May 20, 2021","PendingbridgeMLS, Bay East AOR, or Contra Costa AOR #40949743",NA,"May 13, 2021","Listed (New)bridgeMLS, Bay East AOR, or Contra Costa AOR #40949743",799000.0,,,,"Attached Garage, Off-Street Parking",Dining Area,3.0,"Common Area Electricity, Exterior Painting, Insurance (Common Area), Maintenance (Common Area), Pools, Spa, or Tennis, Roof",Monthly,Common Interest,,,,,,,,,,,,,,,
MLS Listing,,Condo/Co-op,3360 Maguire Way #437,Dublin,CA,94568,390457,1,1.0,DUBLIN,840,,2007.0,7.0,465,383.0,Active,,,https://www.redfin.com/CA/Dublin/3360-Maguire-Way-94568/unit-437/home/12118031,"bridgeMLS, Bay East AOR, or Contra Costa AOR",41040072,N,Y,37.7060709,-121.8622068,1.0,"Concrete, Tile, Carpet",Forced Air,Central Air,9,9,8,1.75,465.0,396428.0,3144.0,60,Bikeable,57,Somewhat walkable,Minimal,Severe,Moderate,Minimal,"Places6 groceries, 36 restaurants, 7 parksTransit1, 10R, 14, 2, 30R, 501, 502, 504, 54, 604, 605, 608, 610","Sep 23, 2023","Listed (New)bridgeMLS, Bay East AOR, or Contra Costa AOR #41040072",390457.0,https://www.redfin.com/CA/Dublin/3360-Maguire-Way-94568/unit-437/home/12118031,,"Jul 16, 2014","PendingbridgeMLS, Bay East AOR, or Contra Costa AOR #40640542",NA,"Jan 3, 2014","Listed (Active)bridgeMLS, Bay East AOR, or Contra Costa AOR #40640542",245000.0,"Dec 11, 2013","Price Changed (Price Change)bridgeMLS, Bay East AOR, or Contra Costa AOR #40640542",245000.0,,,,,,,"Dec 11, 2013","Listed (New)bridgeMLS, Bay East AOR, or Contra Costa AOR #40640542",455000.0,,,,,,,,,,,,
MLS Listing,,Condo/Co-op,5501 Demarcus Blvd #677,Dublin,CA,94568,679000,1,1.0,DUBLIN,950,,2007.0,9.0,715,394.0,Active,,,https://www.redfin.com/CA/Dublin/5501-De-Marcus-Blvd-94568/unit-677/home/12119341,"bridgeMLS, Bay East AOR, or Contra Costa AOR",41039782,N,Y,37.705241,-121.8987885,2.0,"Hardwood, Tile, Carpet",Forced Air,"Ceiling Fan(s), Central Air",7,7,8,2.5,715.0,699954.0,5195.0,90,Biker's paradise,49,Car-dependent,Minimal,Moderate,Moderate,Minimal,"Places7 groceries, 27 restaurants, 0 parksTransit1, 100, 10R, 14, 150, 2, 20X, 3, 30R, 335, 35, 501, 502, 503, 504, 54, 580X, 636, 703, 70X, 8, 90, 97X, Bart, Blue-N, Blue-S, C - Bart, Route 6","Oct 1, 2023","PendingbridgeMLS, Bay East AOR, or Contra Costa AOR #41039782",NA,https://www.redfin.com/CA/Dublin/5501-De-Marcus-Blvd-94568/unit-677/home/12119341,,"Sep 21, 2023","Listed (New)bridgeMLS, Bay East AOR, or Contra Costa AOR #41039782",679000.0,,,,,,,,,,,,,,,,,,,,,,,,,,,
MLS Listing,,Single Family Residential,7646 Quail Creek Cir,Dublin,CA,94568,1739000,4,3.0,DUBLIN,2250,5690.0,1988.0,11.0,773,,Active,September-30-2023 01:00 PM,September-30-2023 04:00 PM,https://www.redfin.com/CA/Dublin/7646-Quail-Creek-Cir-94568/home/1888635,MLSListings,ML81942405,N,Y,37.7252559,-121.9129606,2.0,Laminate,Central Forced Air,Central Forced Air,8,7,8,2.5,773.0,1782501.0,12296.0,62,Bikeable,13,Car-dependent,Minimal,Severe,Moderate,Minimal,"Places3 groceries, 13 restaurants, 7 parksTransit1, 100, 10R, 14, 150, 2, 20X, 3, 30R, 335, 35, 501, 502, 503, 504, 580X, 635, 636, 703, 70X, 8, 90, 97X, Bart, Blue-N, Blue-S, C - Bart, Route 6","Sep 19, 2023",Listed (Active)MLSListings #ML81942405,1739000.0,https://www.redfin.com/CA/Dublin/7646-Quail-Creek-Cir-94568/home/1888635,Public Utilities,"Mar 14, 2007","DelistedbridgeMLS, Bay East AOR, or Contra Costa AOR #40248122",NA,"Mar 10, 2007","ListedbridgeMLS, Bay East AOR, or Contra Costa AOR #40248122",795000.0,,,,Attached Garage,Dining Area,,,,,,,,In Garage,,,,,,,,,,,
MLS Listing,,Single Family Residential,6976 Allegheny Dr,Dublin,CA,94568,1269000,3,2.0,ECHO PARK,1268,6461.0,1966.0,14.0,1001,,Active,September-30-2023 01:00 PM,September-30-2023 04:00 PM,https://www.redfin.com/CA/Dublin/6976-Allegheny-Dr-94568/home/1167209,"bridgeMLS, Bay East AOR, or Contra Costa AOR",41039066,N,Y,37.709156,-121.9237777,2.0,Engineered Wood,"Forced Air, Fireplace(s)",Central Air,8,7,8,2.5,1001.0,1325831.0,8973.0,73,Very bikeable,79,Very walkable,Minimal,Major,Moderate,Minimal,"Places3 groceries, 23 restaurants, 0 parksTransit3, 30R, 335, 35, 501, 502, 503, 504, 53, 603, 604, 636, 70X, Blue-N, Blue-S","Sep 16, 2023","Listed (New)bridgeMLS, Bay East AOR, or Contra Costa AOR #41039066",1269000.0,https://www.redfin.com/CA/Dublin/6976-Allegheny-Dr-94568/home/1167209,All Public Utilities,,,,,,,,,,,,,,,,,,,,,,,,,,,,,,
MLS Listing,,Condo/Co-op,8627 Beverly Ln,Dublin,CA,94568,999999,3,2.5,DUBLIN,1240,4065.0,1967.0,15.0,806,,Active,September-30-2023 01:00 PM,September-30-2023 04:00 PM,https://www.redfin.com/CA/Dublin/8627-Beverly-Ln-94568/home/143115698,MLSListings,ML81941408,N,Y,37.7257537,-121.9296595,1.0,,Central Forced Air (Gas),"Ceiling Fan, Central Forced Air",7,7,8,2.5,806.0,1003954.0,7071.0,70,Very bikeable,62,Somewhat walkable,Minimal,Extreme,Moderate,Minimal,"Places2 groceries, 20 restaurants, 5 parksTransit3, 30R, 335, 35, 501, 502, 503, 504, 53, 622, 636, 70X, Blue-N, Blue-S","Sep 18, 2023",Relisted (Active)MLSListings #ML81941408,NA,https://www.redfin.com/CA/Dublin/8627-Beverly-Ln-94568/home/143115698,Public Utilities,"Sep 12, 2023",Pending (Pending (Do Not Show))MLSListings #ML81941408,NA,"Sep 10, 2023",ContingentMLSListings #ML81941408,NA,"Sep 9, 2023",Listed (Active)MLSListings #ML81941408,999999.0,"Attached Garage, Off-Street Parking",No Formal Dining Room,1.0,,,,,,,"Electricity Hookup (220V), Inside","Primary (Stall Shower(s)), Shower and Tub",,,,,,,,,,
MLS Listing,,Single Family Residential,3184 Vittoria Loop,Dublin,CA,94568,1499999,3,3.0,DUBLIN RANCH,2368,2287.0,2015.0,17.0,633,208.0,Active,September-30-2023 01:00 PM,September-30-2023 04:00 PM,https://www.redfin.com/CA/Dublin/3184-Vittoria-Loop-94568/home/57180846,"bridgeMLS, Bay East AOR, or Contra Costa AOR",41039056,N,Y,37.7130923,-121.8596634,2.0,"Hardwood, Tile",Zoned,Zoned,9,9,8,2.5,633.0,1518557.0,10814.0,54,Bikeable,39,Car-dependent,Minimal,Severe,Moderate,Minimal,"Places3 groceries, 27 restaurants, 10 parksTransit1, 10R, 14, 2, 30R, 501, 502, 504, 54, 604, 605, 608, 610","Sep 13, 2023","Listed (New)bridgeMLS, Bay East AOR, or Contra Costa AOR #41039056",1499999.0,https://www.redfin.com/CA/Dublin/3184-Vittoria-Loop-94568/home/57180846,,,,,,,,,,,,,,,,,,,,,,,,,,,,,,,
MLS Listing,,Single Family Residential,7612 Red Hills Ct,Dublin,CA,94568,2118000,4,3.5,SCHAEFER RANCH,3604,6030.0,2010.0,18.0,588,122.0,Active,September-30-2023 01:00 PM,September-30-2023 04:00 PM,https://www.redfin.com/CA/Dublin/7612-Red-Hills-Ct-94568/home/17185415,"bridgeMLS, Bay East AOR, or Contra Costa AOR",41038192,N,Y,37.7041135,-121.9777702,3.0,"Hardwood, Tile, Carpet",Heat Pump,"Ceiling Fan(s), Central Air",8,7,8,2.5,588.0,2101566.0,15098.0,4,Somewhat bikeable,0,Car-dependent,Minimal,Severe,Moderate,Minimal,"Places2 groceries, 14 restaurants, 10 parksTransit3, 30R, 35, 501, 502, 503, 504, 53, 603, 604, 622, 636, Blue-N, Blue-S","Sep 12, 2023","Listed (New)bridgeMLS, Bay East AOR, or Contra Costa AOR #41038192",2118000.0,https://www.redfin.com/CA/Dublin/7612-Red-Hills-Ct-94568/home/17185415,,"Oct 5, 2016","PendingbridgeMLS, Bay East AOR, or Contra Costa AOR #40751311",NA,"Aug 26, 2016","Price ChangedbridgeMLS, Bay East AOR, or Contra Costa AOR #40751311",1220000.0,"Jul 28, 2016","Listed (New)bridgeMLS, Bay East AOR, or Contra Costa AOR #40751311",1250000.0,,,,,,,,,,,,,,,,,,,,,
MLS Listing,,Condo/Co-op,9010 Craydon Cir,San Ramon,CA,94583,483888,2,1.0,SUNNY GLEN,780,1224.0,1963.0,22.0,620,543.0,Active,,,https://www.redfin.com/CA/San-Ramon/9010-Craydon-Cir-94583/home/945476,"bridgeMLS, Bay East AOR, or Contra Costa AOR",41038567,N,Y,37.728241,-121.924152,,Vinyl,Forced Air,Central Air,8,9,8,2.5,620.0,482319.0,3964.0,62,Bikeable,45,Car-dependent,Moderate,Extreme,Moderate,Minimal,"Places1 grocery, 18 restaurants, 7 parksTransit3, 30R, 335, 35, 501, 502, 503, 504, 53, 622, 635, 636, 70X, Blue-N, Blue-S","Sep 8, 2023","Listed (New)bridgeMLS, Bay East AOR, or Contra Costa AOR #41038567",483888.0,https://www.redfin.com/CA/San-Ramon/9010-Craydon-Cir-94583/home/945476,,,,,,,,,,,,,,,,,,,,,,,,,,,,,,,
MLS Listing,,Single Family Residential,7701 Peppertree Rd,Dublin,CA,94568,1250000,3,2.0,SILVERGATE,1760,7275.0,1963.0,23.0,710,,Active,September-30-2023 10:00 AM,September-30-2023 04:00 PM,https://www.redfin.com/CA/Dublin/7701-Peppertree-Rd-94568/home/1162706,"bridgeMLS, Bay East AOR, or Contra Costa AOR",41038366,N,Y,37.7096816,-121.9415182,2.0,"Hardwood, Tile",Central,Ceiling Fan(s),8,7,8,2.5,710.0,1311676.0,8838.0,71,Very bikeable,58,Somewhat walkable,Minimal,Severe,Moderate,Minimal,"Places2 groceries, 21 restaurants, 6 parksTransit3, 30R, 335, 35, 501, 502, 503, 504, 53, 603, 604, 622, 636, 70X, Blue-N, Blue-S","Sep 29, 2023","Price ChangedbridgeMLS, Bay East AOR, or Contra Costa AOR #41038366",1250000.0,https://www.redfin.com/CA/Dublin/7701-Peppertree-Rd-94568/home/1162706,,"Sep 7, 2023","Listed (New)bridgeMLS, Bay East AOR, or Contra Costa AOR #41038366",1300000.0,"Dec 12, 2022","PendingbridgeMLS, Bay East AOR, or Contra Costa AOR #41013511",NA,"Dec 4, 2022","Price ChangedbridgeMLS, Bay East AOR, or Contra Costa AOR #41013511",989000.0,,,,,,,"Dec 3, 2022","Relisted (Back On Market)bridgeMLS, Bay East AOR, or Contra Costa AOR #41013511",NA,,,"Nov 21, 2022","PendingbridgeMLS, Bay East AOR, or Contra Costa AOR #41013511",NA,"Nov 4, 2022","Listed (New)bridgeMLS, Bay East AOR, or Contra Costa AOR #41013511",1050000.0,,,,
MLS Listing,,Single Family Residential,7771 Bloomfield Ter,Dublin,CA,94568,2581189,4,4.5,THE RIDGE,3788,7845.0,1999.0,24.0,681,100.0,Active,October-1-2023 12:00 PM,October-1-2023 04:00 PM,https://www.redfin.com/CA/Dublin/7771-Bloomfield-Ter-94568/home/809732,"bridgeMLS, Bay East AOR, or Contra Costa AOR",41037843,N,Y,37.705336,-121.9551544,3.0,"Hardwood, Tile",Zoned,"Ceiling Fan(s), Zoned",8,7,8,2.0,681.0,2554106.0,18351.0,8,Somewhat bikeable,5,Car-dependent,Minimal,Severe,Moderate,Minimal,"Places2 groceries, 19 restaurants, 9 parksTransit3, 30R, 335, 35, 501, 502, 503, 504, 53, 603, 604, 622, 636, 70X, Blue-N, Blue-S","Sep 28, 2023","Price ChangedbridgeMLS, Bay East AOR, or Contra Costa AOR #41037843",2581189.0,https://www.redfin.com/CA/Dublin/7771-Bloomfield-Ter-94568/home/809732,,"Sep 6, 2023","Listed (New)bridgeMLS, Bay East AOR, or Contra Costa AOR #41037843",2628777.0,,,,,,,,,,,,,,,,,,,,,,,,,,,
MLS Listing,,Townhouse,3863 Saratoga Way,Pleasanton,CA,94588,798950,3,1.5,FAIRLANDS,1242,9999.0,1977.0,25.0,643,230.0,Active,September-30-2023 12:00 PM,September-30-2023 03:00 PM,https://www.redfin.com/CA/Pleasanton/3863-Saratoga-Way-94588/home/1186807,"bridgeMLS, Bay East AOR, or Contra Costa AOR",41037833,N,Y,37.7006337,-121.8677576,,"Laminate, Tile, Carpet","Forced Air, Natural Gas","Ceiling Fan(s), Central Air",8,8,9,2.5,643.0,804108.0,5879.0,61,Bikeable,75,Very walkable,Minimal,Severe,Moderate,Minimal,"Places6 groceries, 34 restaurants, 2 parksTransit1, 10R, 14, 2, 30R, 501, 502, 504, 54, 604, 605, 608, 610","Sep 5, 2023","Listed (New)bridgeMLS, Bay East AOR, or Contra Costa AOR #41037833",798950.0,https://www.redfin.com/CA/Pleasanton/3863-Saratoga-Way-94588/home/1186807,All Public Utilities,"May 11, 2015","Pending (Pending - Show for Backups)bridgeMLS, Bay East AOR, or Contra Costa AOR #40696668",NA,"Apr 29, 2015","Listed (New)bridgeMLS, Bay East AOR, or Contra Costa AOR #40696668",471000.0,,,,,,,,,,,,,,,,,,,,,31,Some transit,,
MLS Listing,,Single Family Residential,9519 Davona Dr,San Ramon,CA,94583,1399000,4,2.0,Not Listed,1889,7600.0,1967.0,29.0,741,,Active,,,https://www.redfin.com/CA/San-Ramon/9519-Davona-Dr-94583/home/1388019,"bridgeMLS, Bay East AOR, or Contra Costa AOR",41037831,N,Y,37.7249638,-121.9376874,2.0,"Laminate, Carpet",Forced Air,Central Air,8,9,8,2.0,741.0,1370710.0,9892.0,61,Bikeable,57,Somewhat walkable,Minimal,Extreme,Moderate,Minimal,"Places2 groceries, 16 restaurants, 6 parksTransit3, 30R, 335, 35, 501, 502, 503, 504, 53, 622, 636, 70X, Blue-N, Blue-S","Sep 30, 2023","PendingbridgeMLS, Bay East AOR, or Contra Costa AOR #41037831",NA,https://www.redfin.com/CA/San-Ramon/9519-Davona-Dr-94583/home/1388019,"All Public Utilities, Cable Available, Internet Available","Sep 9, 2023","Price ChangedbridgeMLS, Bay East AOR, or Contra Costa AOR #41037831",1399000.0,"Sep 1, 2023","Listed (New)bridgeMLS, Bay East AOR, or Contra Costa AOR #41037831",1450000.0,,,,,,,,,,,,,,,,,,,,,,,,
MLS Listing,,Single Family Residential,7437 Las Palmas Way,Dublin,CA,94568,2178000,5,3.0,HACIENDA HEIGHTS,2941,10016.0,1989.0,34.0,741,70.0,Active,September-30-2023 01:00 PM,September-30-2023 04:00 PM,https://www.redfin.com/CA/Dublin/7437-Las-Palmas-Way-94568/home/1520943,"bridgeMLS, Bay East AOR, or Contra Costa AOR",41037359,N,Y,37.7014627,-121.9503995,3.0,"Vinyl, Carpet","Baseboard, Electric, Forced Air, Natural Gas, Solar, Hot Water, Fireplace(s)","Central Air, ENERGY STAR Qualified Equipment",8,7,8,2.5,741.0,2159485.0,15470.0,26,Somewhat bikeable,13,Car-dependent,Minimal,Severe,Moderate,Minimal,"Places1 grocery, 18 restaurants, 8 parksTransit3, 30R, 335, 35, 501, 502, 503, 504, 53, 603, 604, 622, 636, 70X, Blue-N, Blue-S","Sep 22, 2023","Price ChangedbridgeMLS, Bay East AOR, or Contra Costa AOR #41037359",2178000.0,https://www.redfin.com/CA/Dublin/7437-Las-Palmas-Way-94568/home/1520943,"Water/Sewer Meter on Site, Cable Connected, Internet Available, Natural Gas Connected, Individual Electric Meter, Individual Gas Meter","Sep 9, 2023","Price ChangedbridgeMLS, Bay East AOR, or Contra Costa AOR #41037359",2250000.0,"Aug 27, 2023","Listed (New)bridgeMLS, Bay East AOR, or Contra Costa AOR #41037359",2288000.0,"Mar 17, 2005","DelistedbridgeMLS, Bay East AOR, or Contra Costa AOR #40065226",NA,,,,,,,"Mar 1, 2005","ListedbridgeMLS, Bay East AOR, or Contra Costa AOR #40065226",905000.0,,,,,,,,,,,,
MLS Listing,,Single Family Residential,9538 Albert Dr,Dublin,CA,94568,2570000,4,3.0,SCHAEFER RANCH,3729,6770.0,2014.0,37.0,689,75.0,Active,October-1-2023 01:00 PM,October-1-2023 04:30 PM,https://www.redfin.com/CA/Dublin/9538-Albert-Dr-94568/home/50263817,"bridgeMLS, Bay East AOR, or Contra Costa AOR",41037092,N,Y,37.7014632,-121.9822128,2.0,"Concrete, Hardwood, Tile, Carpet",Zoned,Zoned,8,7,8,2.5,689.0,2521724.0,18246.0,11,Somewhat bikeable,0,Car-dependent,Minimal,Severe,Moderate,Minimal,"Places2 groceries, 13 restaurants, 12 parksTransit3, 30R, 35, 501, 502, 503, 504, 53, 603, 604, 622, 636, 94, Blue-N, Blue-S","Sep 26, 2023","Price ChangedbridgeMLS, Bay East AOR, or Contra Costa AOR #41037092",2570000.0,https://www.redfin.com/CA/Dublin/9538-Albert-Dr-94568/home/50263817,,"Aug 24, 2023","Listed (New)bridgeMLS, Bay East AOR, or Contra Costa AOR #41037092",2650000.0,,,,,,,,,,,,,,,,,,,,,,,,,,,
MLS Listing,,Townhouse,9104 Craydon Cir,San Ramon,CA,94583,539900,2,1.0,SUNNY GLEN,780,1224.0,1963.0,43.0,692,542.0,Active,,,https://www.redfin.com/CA/San-Ramon/9104-Craydon-Cir-94583/home/1016490,"bridgeMLS, Bay East AOR, or Contra Costa AOR",41036125,N,Y,37.728514,-121.9232511,,Laminate,Forced Air,Central Air,8,9,8,2.5,692.0,535960.0,4359.0,56,Bikeable,28,Car-dependent,Moderate,Extreme,Moderate,Minimal,"Places1 grocery, 18 restaurants, 7 parksTransit3, 30R, 335, 35, 501, 502, 503, 504, 53, 622, 635, 636, 70X, Blue-N, Blue-S","Aug 18, 2023","Listed (New)bridgeMLS, Bay East AOR, or Contra Costa AOR #41036125",539900.0,https://www.redfin.com/CA/San-Ramon/9104-Craydon-Cir-94583/home/1016490,,"Apr 29, 2019","PendingbridgeMLS, Bay East AOR, or Contra Costa AOR #40855555",NA,"Mar 6, 2019","Price ChangedbridgeMLS, Bay East AOR, or Contra Costa AOR #40855555",359000.0,"Mar 5, 2019","Listed (New)bridgeMLS, Bay East AOR, or Contra Costa AOR #40855555",350000.0,,,,,,,,,,,,,,,,,,,,,
MLS Listing,,Single Family Residential,7128 Hansen Dr,Dublin,CA,94568,1475000,4,3.0,Dublin,2031,7350.0,1965.0,50.0,726,,Active,September-30-2023 01:00 PM,September-30-2023 04:00 PM,https://www.redfin.com/CA/Dublin/7128-Hansen-Dr-94568/home/2006040,MetroList,223075369,N,Y,37.7012931,-121.9414233,2.0,"Carpet, Tile, Wood",Central,"Ceiling Fan(s), Central",8,7,8,,726.0,1530191.0,10429.0,72,Very bikeable,71,Very walkable,Minimal,Severe,Moderate,Minimal,"Places1 grocery, 20 restaurants, 3 parksTransit3, 30R, 335, 35, 501, 502, 503, 504, 53, 603, 604, 636, 70X, Blue-N, Blue-S","Mar 18, 2003","DelistedbridgeMLS, Bay East AOR, or Contra Costa AOR #11178450",NA,https://www.redfin.com/CA/Dublin/7128-Hansen-Dr-94568/home/2006040,"Internet Available, Natural Gas Available","Mar 13, 2003","ListedbridgeMLS, Bay East AOR, or Contra Costa AOR #11178450",549000.0,,,,,,,,,2.0,,,,,,,,,,,,,,,,,,
MLS Listing,,Townhouse,4725 Perugia St,Dublin,CA,94568,910000,2,2.5,DUBLIN RANCH,1493,,2007.0,51.0,610,459.0,Active,,,https://www.redfin.com/CA/Dublin/4725-Perugia-St-94568/home/17184854,"bridgeMLS, Bay East AOR, or Contra Costa AOR",41035678,N,Y,37.7107669,-121.8642657,2.0,,,,9,9,8,2.5,595.0,888269.0,,53,Bikeable,48,Car-dependent,Minimal,Severe,Moderate,Minimal,"Places7 groceries, 32 restaurants, 9 parksTransit1, 10R, 14, 2, 30R, 501, 502, 504, 54, 604, 605, 608, 610","Sep 22, 2023",,NA,https://www.redfin.com/CA/Dublin/4725-Perugia-St-94568/home/17184854,,"Aug 10, 2023",,NA,"Feb 6, 2017","PendingbridgeMLS, Bay East AOR, or Contra Costa AOR #40768283",NA,"Jan 24, 2017","Listed (New)bridgeMLS, Bay East AOR, or Contra Costa AOR #40768283",648000.0,,,,,,Massingham &Associates,,,,,,,,,,,,,,,
MLS Listing,,Condo/Co-op,4491 Brannigan St,Dublin,CA,94568,974900,3,3.5,DUBLIN RANCH,1634,,2004.0,58.0,597,250.0,Active,,,https://www.redfin.com/CA/Dublin/4491-Brannigan-St-94568/home/1662916,"bridgeMLS, Bay East AOR, or Contra Costa AOR",41034468,N,Y,37.7081508,-121.8683316,2.0,"Tile, Carpet, Wood",Forced Air,Central Air,9,9,8,2.5,597.0,969123.0,7143.0,75,Very bikeable,63,Somewhat walkable,Minimal,Severe,Moderate,Minimal,"Places7 groceries, 34 restaurants, 7 parksTransit1, 10R, 14, 2, 30R, 501, 502, 504, 54, 604, 605, 608, 610","Sep 28, 2023","Relisted (Active)bridgeMLS, Bay East AOR, or Contra Costa AOR #41034468",NA,https://www.redfin.com/CA/Dublin/4491-Brannigan-St-94568/home/1662916,,"Sep 28, 2023","Price ChangedbridgeMLS, Bay East AOR, or Contra Costa AOR #41034468",974900.0,"Sep 27, 2023","PendingbridgeMLS, Bay East AOR, or Contra Costa AOR #41034468",NA,"Sep 22, 2023","PendingbridgeMLS, Bay East AOR, or Contra Costa AOR #41034468",NA,,,,,,,"Aug 17, 2023","Price ChangedbridgeMLS, Bay East AOR, or Contra Costa AOR #41034468",999000.0,,,"Jul 28, 2023","Listed (New)bridgeMLS, Bay East AOR, or Contra Costa AOR #41034468",1084900.0,,,,,,,
MLS Listing,,Single Family Residential,8034 Brittany Dr,Dublin,CA,94568,1674777,5,2.5,HIGHLANDS,3100,10396.0,1988.0,59.0,540,23.0,Active,,,https://www.redfin.com/CA/Dublin/8034-Brittany-Dr-94568/home/1395722,"bridgeMLS, Bay East AOR, or Contra Costa AOR",41034910,N,Y,37.7101267,-121.9507995,3.0,"Vinyl, Wood",Natural Gas,"Ceiling Fan(s), Zoned",8,7,8,2.5,540.0,1673481.0,11865.0,6,Somewhat bikeable,9,Car-dependent,Minimal,Severe,Moderate,Minimal,"Places2 groceries, 20 restaurants, 7 parksTransit3, 30R, 335, 35, 501, 502, 503, 504, 53, 603, 604, 622, 636, 70X, Blue-N, Blue-S","Sep 6, 2023","Price ChangedbridgeMLS, Bay East AOR, or Contra Costa AOR #41034910",1674777.0,https://www.redfin.com/CA/Dublin/8034-Brittany-Dr-94568/home/1395722,All Public Utilities,"Aug 11, 2023","Price ChangedbridgeMLS, Bay East AOR, or Contra Costa AOR #41034910",1699777.0,"Aug 2, 2023","Listed (New)bridgeMLS, Bay East AOR, or Contra Costa AOR #41034910",1650000.0,"Dec 23, 2022",Listing RemovedCRMLS #AR22178604,NA,,,,,,,"Nov 1, 2022",,NA,,,"Sep 2, 2022",,NA,"Aug 17, 2022",,NA,,,"Aug 12, 2022",NA
MLS Listing,,Townhouse,3518 Capoterra Way,Dublin,CA,94568,1480000,4,3.5,Dublin,3012,,2012.0,60.0,491,,Active,,,https://www.redfin.com/CA/Dublin/3518-Capoterra-Way-94568/home/22963210,San Francisco MLS,423750925,N,Y,37.7104471,-121.8649702,,,,,9,9,8,,491.0,1429355.0,10465.0,61,Bikeable,42,Car-dependent,Minimal,Severe,Moderate,Minimal,"Places7 groceries, 33 restaurants, 9 parksTransit1, 10R, 14, 2, 30R, 501, 502, 504, 54, 604, 605, 608, 610","Aug 25, 2023",Relisted (Active)San Francisco MLS #423750925,NA,https://www.redfin.com/CA/Dublin/3518-Capoterra-Way-94568/home/22963210,,"Jun 24, 2023",Listed (Active)San Francisco MLS #423750925,1430000.0,,,,,,,,,,,,,,,,,,,,,,,,,,,
MLS Listing,,Single Family Residential,7052 N Mariposa Ln,Dublin,CA,94568,1299000,4,3.5,EMERALD VISTA,2166,1472.0,2013.0,65.0,600,153.0,Active,,,https://www.redfin.com/CA/Dublin/7052-N-Mariposa-Ln-94568/home/50262228,"bridgeMLS, Bay East AOR, or Contra Costa AOR",41034337,N,Y,37.7171696,-121.9113313,2.0,"Tile, Carpet, Engineered Wood","Zoned, Hot Water","Zoned, ENERGY STAR Qualified Equipment",8,7,8,2.5,600.0,1301575.0,9338.0,87,Very bikeable,37,Car-dependent,Minimal,Severe,Moderate,Minimal,"Places5 groceries, 11 restaurants, 4 parksTransit1, 100, 10R, 14, 150, 2, 20X, 3, 30R, 335, 35, 501, 502, 503, 504, 54, 580X, 636, 703, 70X, 8, 90, 97X, Bart, Blue-N, Blue-S, C - Bart, Route 6","Aug 25, 2023","Price ChangedbridgeMLS, Bay East AOR, or Contra Costa AOR #41034337",1299000.0,https://www.redfin.com/CA/Dublin/7052-N-Mariposa-Ln-94568/home/50262228,"All Public Utilities, Cable Available, DSL Available, Internet Available, Natural Gas Connected, Individual Gas Meter, Master Electric Meter","Jul 27, 2023","Listed (New)bridgeMLS, Bay East AOR, or Contra Costa AOR #41034337",1388000.0,,,,,,,,,,,,,,,,,,,,,,,,,,,
MLS Listing,,Townhouse,9008 Craydon Cir,San Ramon,CA,94583,487500,2,1.0,SUNNY GLEN,780,1224.0,1963.0,92.0,625,533.0,Active,,,https://www.redfin.com/CA/San-Ramon/9008-Craydon-Cir-94583/home/945466,"bridgeMLS, Bay East AOR, or Contra Costa AOR",41031878,N,Y,37.728179,-121.92424,,"Laminate, Carpet",Forced Air,Central Air,8,9,8,2.5,625.0,483785.0,3980.0,62,Bikeable,45,Car-dependent,Severe,Extreme,Moderate,Minimal,"Places1 grocery, 18 restaurants, 7 parksTransit3, 30R, 335, 35, 501, 502, 503, 504, 53, 622, 635, 636, 70X, Blue-N, Blue-S","Sep 14, 2023","Price ChangedbridgeMLS, Bay East AOR, or Contra Costa AOR #41031878",487500.0,https://www.redfin.com/CA/San-Ramon/9008-Craydon-Cir-94583/home/945466,,"Jun 30, 2023","Listed (New)bridgeMLS, Bay East AOR, or Contra Costa AOR #41031878",499000.0,"Jul 28, 1999","DelistedbridgeMLS, Bay East AOR, or Contra Costa AOR #11022218",NA,"Jul 10, 1999","ListedbridgeMLS, Bay East AOR, or Contra Costa AOR #11022218",129500.0,,,,,,,,,,,,,,,,,,,,,
MLS Listing,,Mobile/Manufactured Home,6700 Goodfellow Ave #11,Dublin,CA,94568,225000,3,2.0,Not Listed,1835,,,142.0,123,,Active,,,https://www.redfin.com/CA/Dublin/6700-Goodfellow-Ave-94568/unit-11/home/95474401,"bridgeMLS, Bay East AOR, or Contra Costa AOR",41026898,N,Y,37.7197074,-121.8990612,,"Tile, Carpet",,"Ceiling Fan(s), Central Air",8,7,8,2.5,123.0,221230.0,1591.0,47,Somewhat bikeable,4,Car-dependent,Minimal,Severe,Moderate,Minimal,"Places3 groceries, 18 restaurants, 3 parksTransit1, 100, 10R, 14, 150, 2, 20X, 3, 30R, 335, 35, 501, 502, 503, 504, 54, 580X, 636, 703, 70X, 8, 90, 97X, Bart, Blue-N, Blue-S, C - Bart, Route 6","May 11, 2023","Listed (New)bridgeMLS, Bay East AOR, or Contra Costa AOR #41026898",225000.0,https://www.redfin.com/CA/Dublin/6700-Goodfellow-Ave-94568/unit-11/home/95474401,No Water/Sewer,,,,,,,,,,,,,,,,,,,,,,,,,,,,,,
MLS Listing,,Condo/Co-op,4016 Windsor Way,Dublin,CA,94568,1180000,3,3.5,WALLISRANCH,1962,,2017.0,163.0,601,390.0,Active,,,https://www.redfin.com/CA/Dublin/4016-Windsor-Way-94568/home/143832412,"bridgeMLS, Bay East AOR, or Contra Costa AOR",41024824,N,Y,37.7353048,-121.8730681,2.0,Vinyl,Zoned,"Zoned, Whole House Fan",10,9,8,2.5,601.0,1165453.0,8733.0,32,Somewhat bikeable,2,Car-dependent,Minimal,Extreme,Moderate,Minimal,"Places3 groceries, 24 restaurants, 13 parksTransit1, 10R, 150, 2, 3, 30R, 335, 35, 501, 502, 503, 504, 54, 604, 605, 610, 635","Apr 20, 2023","Listed (New)bridgeMLS, Bay East AOR, or Contra Costa AOR #41024824",1180000.0,https://www.redfin.com/CA/Dublin/4016-Windsor-Way-94568/home/143832412,,"Oct 23, 2017","PendingbridgeMLS, Bay East AOR, or Contra Costa AOR #40797382",NA,"Sep 16, 2017","Listed (New)bridgeMLS, Bay East AOR, or Contra Costa AOR #40797382",808256.0,,,,,,,,,,,,,,,,,,,,,,,,
MLS Listing,,Condo/Co-op,4585 Brannigan St,Dublin,CA,94568,1370000,4,2.5,Dublin,2250,,2004.0,407.0,609,250.0,Active,,,https://www.redfin.com/CA/Dublin/4585-Brannigan-St-94568/home/1237489,MetroList,222108736,N,Y,37.7094528,-121.8680617,2.0,"Carpet, Tile",Central,MultiZone,9,9,8,,609.0,1314182.0,9937.0,71,Very bikeable,54,Somewhat walkable,Minimal,Severe,Moderate,Minimal,"Places7 groceries, 35 restaurants, 8 parksTransit1, 10R, 14, 2, 30R, 501, 502, 504, 54, 604, 605, 608, 610",,,,https://www.redfin.com/CA/Dublin/4585-Brannigan-St-94568/home/1237489,,,,,,,,,,,,,3.0,,,,,,,,,,,,,,,,,,
New Construction Home,,Multi-Family (2-4 Unit),6456 Rosebay Ct,Dublin,CA,94568,1132263,4,3.5,Boulevard - Avalon,2254,,2023.0,2.0,502,,Active,,,https://www.redfin.com/CA/Dublin/6456-Rosebay-Ct-94568/home/187742133,NewHomeSource.com,2542928,N,Y,37.7110391,-121.9097504,,,,,7,7,8,,502.0,1130422.0,8006.0,97,Biker's paradise,12,Car-dependent,Minimal,Major,Moderate,Minimal,"Places4 groceries, 13 restaurants, 2 parksTransit1, 100, 10R, 14, 150, 2, 20X, 3, 30R, 335, 35, 501, 502, 503, 504, 54, 580X, 636, 703, 70X, 8, 90, 97X, Bart, Blue-N, Blue-S, C - Bart, Route 6",,,,https://www.redfin.com/CA/Dublin/6456-Rosebay-Ct-94568/home/187742133,,,,,,,,,,,,,3.0,,,,,,,,,,,,,,,,,,
New Construction Home,,Single Family Residential,6216 Sienna Ct,Dublin,CA,94568,1548880,4,4.0,Boulevard - Lombard,2466,,2023.0,2.0,628,,Active,,,https://www.redfin.com/CA/Dublin/6216-Sienna-Ct-94568/home/187742095,NewHomeSource.com,2542927,N,Y,37.7112079,-121.9035424,,,,,7,7,8,,628.0,1557596.0,10952.0,76,Very bikeable,12,Car-dependent,Minimal,Major,Moderate,Minimal,"Places5 groceries, 18 restaurants, 0 parksTransit1, 100, 10R, 14, 150, 2, 20X, 3, 30R, 335, 35, 501, 502, 503, 504, 54, 580X, 636, 703, 70X, 8, 90, 97X, Bart, Blue-N, Blue-S, C - Bart, Route 6",,,,https://www.redfin.com/CA/Dublin/6216-Sienna-Ct-94568/home/187742095,,,,,,,,,,,,,3.0,,,,,,,,,,,,,,,,,,
New Construction Home,,Single Family Residential,6189 Diamond Way,Dublin,CA,94568,1715400,6,5.0,Ivy Neighborhood at Boulevard,3300,,2023.0,3.0,520,,Active,,,https://www.redfin.com/CA/Dublin/6189-Diamond-Way-94568/home/187694599,NewHomeSource.com,2542262,N,Y,37.711291,-121.907127,,,,,7,7,8,,520.0,1725706.0,12129.0,89,Very bikeable,14,Car-dependent,Minimal,Major,Moderate,Minimal,"Places5 groceries, 15 restaurants, 2 parksTransit1, 100, 10R, 14, 150, 2, 20X, 3, 30R, 335, 35, 501, 502, 503, 504, 54, 580X, 636, 703, 70X, 8, 90, 97X, Bart, Blue-N, Blue-S, C - Bart, Route 6",,,,https://www.redfin.com/CA/Dublin/6189-Diamond-Way-94568/home/187694599,,,,,,,,,,,,,2.0,,,,,,,,,,,,,,,,,,
New Construction Home,,Single Family Residential,5963 Silhouette Way,Dublin,CA,94568,1552880,4,4.0,Boulevard - Lombard,2466,,2023.0,5.0,630,,Active,,,https://www.redfin.com/CA/Dublin/5963-Silhouette-Way-94568/home/187661908,NewHomeSource.com,2540529,N,Y,37.711083,-121.903268,,,,,7,7,8,,630.0,1563210.0,10980.0,76,Very bikeable,12,Car-dependent,Minimal,Major,Moderate,Minimal,"Places5 groceries, 18 restaurants, 0 parksTransit1, 100, 10R, 14, 150, 2, 20X, 3, 30R, 335, 35, 501, 502, 503, 504, 54, 580X, 636, 703, 70X, 8, 90, 97X, Bart, Blue-N, Blue-S, C - Bart, Route 6",,,,https://www.redfin.com/CA/Dublin/5963-Silhouette-Way-94568/home/187661908,,,,,,,,,,,,,3.0,,,,,,,,,,,,,,,,,,
New Construction Home,,Multi-Family (2-4 Unit),6452 Rosebay Ct,Dublin,CA,94568,1130650,4,3.5,Boulevard - Avalon,2254,,2023.0,11.0,502,,Active,,,https://www.redfin.com/CA/Dublin/6452-Rosebay-Ct-94568/home/187592931,NewHomeSource.com,2536610,N,Y,37.7110399,-121.9098239,,,,,7,7,8,,502.0,1127768.0,7994.0,97,Biker's paradise,12,Car-dependent,Minimal,Major,Moderate,Minimal,"Places4 groceries, 13 restaurants, 2 parksTransit1, 100, 10R, 14, 150, 2, 20X, 3, 30R, 335, 35, 501, 502, 503, 504, 54, 580X, 636, 703, 70X, 8, 90, 97X, Bart, Blue-N, Blue-S, C - Bart, Route 6",,,,https://www.redfin.com/CA/Dublin/6452-Rosebay-Ct-94568/home/187592931,,,,,,,,,,,,,3.0,,,,,,,,,,,,,,,,,,
New Construction Home,,Multi-Family (2-4 Unit),6430 Rosebay Ct,Dublin,CA,94568,1291959,4,3.5,Boulevard - Avalon,2456,,2023.0,19.0,526,,Active,,,https://www.redfin.com/CA/Dublin/6430-Rosebay-Ct-94568/home/187432497,NewHomeSource.com,2530907,N,Y,37.7107916,-121.9095108,,,,,7,7,8,,526.0,1281009.0,9135.0,97,Biker's paradise,12,Car-dependent,Minimal,Major,Moderate,Minimal,"Places4 groceries, 14 restaurants, 2 parksTransit1, 100, 10R, 14, 150, 2, 20X, 3, 30R, 335, 35, 501, 502, 503, 504, 54, 580X, 636, 703, 70X, 8, 90, 97X, Bart, Blue-N, Blue-S, C - Bart, Route 6",,,,https://www.redfin.com/CA/Dublin/6430-Rosebay-Ct-94568/home/187432497,,,,,,,,,,,,,3.0,,,,,,,,,,,,,,,,,,
New Construction Home,,Multi-Family (2-4 Unit),6486 Rosebay Ct,Dublin,CA,94568,1129689,4,3.5,Boulevard - Avalon,2254,,2023.0,33.0,501,,Active,,,https://www.redfin.com/CA/Dublin/6486-Rosebay-Ct-94568/home/186506749,NewHomeSource.com,2511215,N,Y,37.711283,-121.9097464,,,,,7,7,8,,501.0,1107904.0,7988.0,97,Biker's paradise,12,Car-dependent,Minimal,Major,Moderate,Minimal,"Places4 groceries, 13 restaurants, 2 parksTransit1, 100, 10R, 14, 150, 2, 20X, 3, 30R, 335, 35, 501, 502, 503, 504, 54, 580X, 636, 703, 70X, 8, 90, 97X, Bart, Blue-N, Blue-S, C - Bart, Route 6",,,,https://www.redfin.com/CA/Dublin/6486-Rosebay-Ct-94568/home/186506749,,,,,,,,,,,,,3.0,,,,,,,,,,,,,,,,,,
New Construction Home,,Single Family Residential,5875 Silhouette Ct,Dublin,CA,94568,1548880,4,4.0,Boulevard - Lombard,2466,,2023.0,75.0,628,,Active,,,https://www.redfin.com/CA/Dublin/5875-Silhouette-Ct-94568/home/186132888,NewHomeSource.com,2491800,N,Y,37.711066,-121.901913,,,,,7,7,8,,628.0,1546107.0,10952.0,70,Very bikeable,9,Car-dependent,Minimal,Major,Moderate,Minimal,"Places5 groceries, 23 restaurants, 0 parksTransit1, 100, 10R, 14, 150, 2, 20X, 3, 30R, 335, 35, 501, 502, 503, 504, 54, 580X, 636, 703, 70X, 8, 90, 97X, Bart, Blue-N, Blue-S, C - Bart, Route 6",,,,https://www.redfin.com/CA/Dublin/5875-Silhouette-Ct-94568/home/186132888,,,,,,,,,,,,,3.0,,,,,,,,,,,,,,,,,,
New Construction Plan,,Single Family Residential,Residence 2,Dublin,CA,94568,1715400,5,4.0,Ivy Neighborhood at Boulevard,2663,,,,644,,Active,,,https://www.redfin.com/CA/Dublin/Ivy-Neighborhood-at-Boulevard/Residence-2/home/180411734,NewHomeSource.com,Plan-242764772,N,Y,37.7086492,-121.8964572,,,,,7,7,8,,644.0,,12129.0,87,Very bikeable,48,Car-dependent,Minimal,Moderate,Moderate,Minimal,"Places5 groceries, 31 restaurants, 0 parksTransit1, 100, 10R, 14, 150, 2, 20X, 3, 30R, 335, 35, 501, 502, 503, 504, 54, 580X, 636, 703, 70X, 8, 90, 97X, Bart, Blue-N, Blue-S, C - Bart, Route 6",,,,https://www.redfin.com/CA/Dublin/Ivy-Neighborhood-at-Boulevard/Residence-2/home/180411734,,,,,,,,,,,,,2.0,,,,,,,,,,,,,,,,,,
New Construction Plan,,Single Family Residential,Residence 4C,Dublin,CA,94568,1669880,5,4.0,Boulevard - Lombard,2785,,,,600,,Active,,,https://www.redfin.com/CA/Dublin/Boulevard-Lombard/Residence-4C/home/186233071,NewHomeSource.com,Plan-242531477,N,Y,37.707,-121.8965,,,,,7,7,8,,600.0,,11807.0,92,Biker's paradise,55,Somewhat walkable,Minimal,Moderate,Moderate,Minimal,"Places6 groceries, 31 restaurants, 0 parksTransit1, 100, 10R, 14, 150, 2, 20X, 3, 30R, 335, 35, 501, 502, 503, 504, 54, 580X, 636, 703, 70X, 8, 90, 97X, Bart, Blue-N, Blue-S, C - Bart, Route 6",,,,https://www.redfin.com/CA/Dublin/Boulevard-Lombard/Residence-4C/home/186233071,,,,,,,,,,,,,3.0,,,,,,,,,,,,,,,,,,
New Construction Plan,,Single Family Residential,Residence 3,Dublin,CA,94568,1355880,4,3.5,Boulevard - Venice,2773,,,,489,,Active,,,https://www.redfin.com/CA/Dublin/Boulevard-Venice/Residence-3/home/181006835,NewHomeSource.com,Plan-242010640,N,Y,37.7071,-121.8965,,,,,7,7,8,,489.0,,9587.0,92,Biker's paradise,55,Somewhat walkable,Minimal,Moderate,Moderate,Minimal,"Places6 groceries, 31 restaurants, 0 parksTransit1, 100, 10R, 14, 150, 2, 20X, 3, 30R, 335, 35, 501, 502, 503, 504, 54, 580X, 636, 703, 70X, 8, 90, 97X, Bart, Blue-N, Blue-S, C - Bart, Route 6",,,,https://www.redfin.com/CA/Dublin/Boulevard-Venice/Residence-3/home/181006835,,,,,,,,,,,,,3.0,,,,,,,,,,,,,,,,,,
New Construction Plan,,Single Family Residential,Residence 1,Dublin,CA,94568,1288880,3,3.5,Boulevard - Venice,2106,,,,612,,Active,,,https://www.redfin.com/CA/Dublin/Boulevard-Venice/Residence-1/home/169838354,NewHomeSource.com,Plan-242010639,N,Y,37.707,-121.8965,,,,,7,7,8,,612.0,,9113.0,92,Biker's paradise,55,Somewhat walkable,Minimal,Moderate,Moderate,Minimal,"Places6 groceries, 31 restaurants, 0 parksTransit1, 100, 10R, 14, 150, 2, 20X, 3, 30R, 335, 35, 501, 502, 503, 504, 54, 580X, 636, 703, 70X, 8, 90, 97X, Bart, Blue-N, Blue-S, C - Bart, Route 6",,,,https://www.redfin.com/CA/Dublin/Boulevard-Venice/Residence-1/home/169838354,,,,,,,,,,,,,3.0,,,,,,,,,,,,,,,,,,
New Construction Plan,,Single Family Residential,Residence 2C,Dublin,CA,94568,1349880,4,3.5,Boulevard - Venice,2316,,,,583,,Active,,,https://www.redfin.com/CA/Dublin/Boulevard-Venice/Residence-2C/home/185214799,NewHomeSource.com,Plan-242010638,N,Y,37.7071,-121.8965,,,,,7,7,8,,583.0,,9544.0,92,Biker's paradise,55,Somewhat walkable,Minimal,Moderate,Moderate,Minimal,"Places6 groceries, 31 restaurants, 0 parksTransit1, 100, 10R, 14, 150, 2, 20X, 3, 30R, 335, 35, 501, 502, 503, 504, 54, 580X, 636, 703, 70X, 8, 90, 97X, Bart, Blue-N, Blue-S, C - Bart, Route 6",,,,https://www.redfin.com/CA/Dublin/Boulevard-Venice/Residence-2C/home/185214799,,,,,,,,,,,,,3.0,,,,,,,,,,,,,,,,,,
New Construction Plan,,Single Family Residential,Residence 3Y,Dublin,CA,94568,1355880,4,3.5,Boulevard - Venice,2756,,,,492,,Active,,,https://www.redfin.com/CA/Dublin/Boulevard-Venice/Residence-3Y/home/186233669,NewHomeSource.com,Plan-242543474,N,Y,37.7071,-121.8965,,,,,7,7,8,,492.0,,9587.0,92,Biker's paradise,55,Somewhat walkable,Minimal,Moderate,Moderate,Minimal,"Places6 groceries, 31 restaurants, 0 parksTransit1, 100, 10R, 14, 150, 2, 20X, 3, 30R, 335, 35, 501, 502, 503, 504, 54, 580X, 636, 703, 70X, 8, 90, 97X, Bart, Blue-N, Blue-S, C - Bart, Route 6",,,,https://www.redfin.com/CA/Dublin/Boulevard-Venice/Residence-3Y/home/186233669,,,,,,,,,,,,,3.0,,,,,,,,,,,,,,,,,,
