SALE TYPE,SOLD DATE,PROPERTY TYPE,ADDRESS,CITY,STATE OR PROVINCE,ZIP OR POSTAL CODE,PRICE,BEDS,BATHS,LOCATION,SQUARE FEET,LOT SIZE,YEAR BUILT,DAYS ON MARKET,$/SQUARE FEET,HOA/MONTH,STATUS,NEXT OPEN HOUSE START TIME,NEXT OPEN HOUSE END TIME,URL,SOURCE,MLS#,FAVORITE,INTERESTED,LATITUDE,LONGITUDE,PARK_DESCRIPTION,HAS_GARAGE,DINNING_DESC,COOLING_FEATURES,HEATING_FEATURES,UTILITIES,NUM_STORIES,FEES_INCLUDE,HOA_NAME,ELEMENTARY_SCHOOL_RATING,MIDDLE_SCHOOL_RATING,HIGH_SCHOOL_RATING,BUYER_AGENCY_COMPENSATION,PRICE_PR_SQFT,REDFIN_ESTIMATE,EST_MONTHLY_PAY,Bike Score,Bike Score_type,Walk Score,Walk Score_type,Transit Score,Transit Score_type,Flood Factor,Fire Factor,Heat Factor,Wind Factor,OVERALL_NEARBY_PLACES,PRICE_HISTORY1_EVENT_DATE,PRICE_HISTORY1_EVENT_TYPE,PRICE_HISTORY1_PRICE,PRICE_HISTORY2_EVENT_DATE,PRICE_HISTORY2_EVENT_TYPE,PRICE_HISTORY2_PRICE,PRICE_HISTORY3_EVENT_DATE,PRICE_HISTORY3_EVENT_TYPE,PRICE_HISTORY3_PRICE,PRICE_HISTORY4_EVENT_DATE,PRICE_HISTORY4_EVENT_TYPE,PRICE_HISTORY4_PRICE,url,HOA_FEE_FREQ,BATH_DESCRIPTION,LAUNDARY_FEATURES,FLOORING_FEATURES,PRICE_HISTORY5_EVENT_DATE,PRICE_HISTORY5_EVENT_TYPE,PRICE_HISTORY5_PRICE,PRICE_HISTORY6_EVENT_DATE,PRICE_HISTORY6_EVENT_TYPE,PRICE_HISTORY6_PRICE,PRICE_HISTORY7_EVENT_DATE,PRICE_HISTORY7_EVENT_TYPE,PRICE_HISTORY7_PRICE,PRICE_HISTORY8_EVENT_DATE,PRICE_HISTORY8_PRICE,PRICE_HISTORY9_EVENT_DATE,PRICE_HISTORY9_PRICE,PRICE_HISTORY10_EVENT_DATE,PRICE_HISTORY10_PRICE,PRICE_HISTORY8_EVENT_TYPE
MLS Listing,,Single Family Residential,2530 Magnolia Way,Morgan Hill,CA,95037,1600000,5.0,3.0,MORGAN HILL,2806.0,7167.0,1997.0,1.0,570.0,165.0,Active,October-1-2023 01:00 PM,October-1-2023 04:00 PM,https://www.redfin.com/CA/Morgan-Hill/2530-Magnolia-Way-95037/home/1270501,MLSListings,ML81941304,N,Y,37.1415678,-121.6087433,Attached Garage,2.0,Dining Area,Central Forced Air,Central Forced Air,Public Utilities,2.0,Other (See Remarks),Heritage Green,NA,5,5,3.0,570.0,1600075.0,11478.0,31,Somewhat bikeable,18,Car-dependent,0,Minimal transit,Minimal,Severe,Moderate,Minimal,"Places8 groceries, 21 restaurants, 5 parksTransit68, 87, Express 121, L1, L2, L3, L4, L5, L6, Rapid 568, School 287","Sep 30, 2023",Listed (Active)MLSListings #ML81941304,1600000.0,"Jan 27, 2017",Pending (Pending (Do Not Show))MLSListings #ML81628334,NA,"Dec 23, 2016",ContingentMLSListings #ML81628334,NA,"Oct 13, 2016",Listed (Active)MLSListings #ML81628334,1080888.0,https://www.redfin.com/CA/Morgan-Hill/2530-Magnolia-Way-95037/home/1270501,,,,,,,,,,,,,,,,,,,,
MLS Listing,,Single Family Residential,17097 Saint Brendan Loop,Morgan Hill,CA,95037,1299000,4.0,3.0,MORGAN HILL,1952.0,4870.0,2018.0,1.0,665.0,159.0,Active,October-1-2023 01:00 PM,October-1-2023 04:00 PM,https://www.redfin.com/CA/Morgan-Hill/17097-Saint-Brendan-Loop-95037/home/167550765,MLSListings,ML81943606,N,Y,37.1329909,-121.6380027,"Attached Garage, Off-Site Parking, On Street",2.0,"Breakfast Bar, Dining Area, Eat in Kitchen",Central Forced Air,Central Forced Air (Gas),"Public Utilities, Solar Panels - Owned",2.0,"Insurance (Common Area), Maintenance (Common Area)",Madison Gate Community Association,6,5,8,2.5,665.0,1299224.0,9344.0,63,Bikeable,63,Somewhat walkable,28,Some transit,Minimal,Severe,Moderate,Minimal,"Places6 groceries, 30 restaurants, 3 parksTransit68, 87, Express 121, L1, L2, L3, L4, L5, L6, Rapid 568, School 287","Sep 29, 2023",Listed (Active)MLSListings #ML81943606,1299000.0,,,,,,,,,,https://www.redfin.com/CA/Morgan-Hill/17097-Saint-Brendan-Loop-95037/home/167550765,Monthly,,,,,,,,,,,,,,,,,,,
MLS Listing,,Condo/Co-op,136 La Crosse Dr Unit 2DGR,Morgan Hill,CA,95037,499000,1.0,1.0,MORGAN HILL,672.0,633.0,1984.0,1.0,743.0,413.0,Active,,,https://www.redfin.com/CA/Morgan-Hill/136-La-Crosse-Dr-95037/unit-2DGR/home/1136971,MLSListings,ML81943585,N,Y,37.109761,-121.64481,"Assigned Spaces, Carport, Covered Parking, Guest/Visitor Parking, On Street",,"Breakfast Bar, Breakfast Nook, Dining Area, Dining Area in Family Room, Eat in Kitchen, No Formal Dining Room",,"Central Forced Air (Gas), Fireplace","Individual Electric Meters, Individual Gas Meters, Public Utilities",1.0,"Insurance (Common Area), Insurance (Liability), Landscaping/Gardening, Maintenance (Common Area), Maintenance (Exterior), Pools, Spa, or Tennis",Park Place HOA,6,5,8,2.5,743.0,499452.0,3941.0,71,Very bikeable,70,Very walkable,35,Some transit,Minimal,Extreme,Moderate,Minimal,"Places2 groceries, 28 restaurants, 2 parksTransit68, 87, Express 121, L1, L2, L3, L4, L5, L6, Rapid 568, School 287","Sep 29, 2023",Listed (Active)MLSListings #ML81943585,499000.0,"Dec 13, 2016",Pending (Pending (Do Not Show))MLSListings #ML81630441,NA,"Nov 9, 2016",ContingentMLSListings #ML81630441,NA,"Nov 1, 2016",Listed (Active)MLSListings #ML81630441,359000.0,https://www.redfin.com/CA/Morgan-Hill/136-La-Crosse-Dr-95037/unit-2DGR/home/1136971,Monthly,"Stall Shower, Tile, Updated Bath(s)","Electricity Hookup (110V), Electricity Hookup (220V), Inside, Washer/Dryer","Hardwood, Tile",,,,,,,,,,,,,,,,
MLS Listing,,Mobile/Manufactured Home,275 Burnett Ave #171,Morgan Hill,CA,95037,279000,2.0,2.0,MORGAN HILL,1680.0,,1977.0,1.0,166.0,,Active,,,https://www.redfin.com/CA/Morgan-Hill/275-Burnett-Ave-95037/unit-171/home/1450763,MLSListings,ML81943482,N,Y,37.1577177,-121.6726083,Carport,,Other (See Remarks),Central Forced Air,Other (See Remarks),Public Utilities,1.0,,,4,5,8,2.5,166.0,277453.0,1973.0,55,Bikeable,12,Car-dependent,27,Some transit,Minimal,Extreme,Moderate,Minimal,"Places3 groceries, 30 restaurants, 1 parkTransit68, 87, Express 121, L1, L2, L3, L4, L5, L6, Rapid 568, School 287","Sep 29, 2023",Listed (Active)MLSListings #ML81943482,279000.0,"Oct 25, 2002",Listing RemovedMLSListings #ML80250346,NA,"Sep 17, 2002",ListedMLSListings #ML80250346,120000.0,,,,https://www.redfin.com/CA/Morgan-Hill/275-Burnett-Ave-95037/unit-171/home/1450763,,"Stall Shower, Tub",Washer/Dryer,"Carpet, Other (See Remarks)",,,,,,,,,,,,,,,,
MLS Listing,,Single Family Residential,1331 Bodega Way,Morgan Hill,CA,95037,1318000,4.0,2.5,MORGAN HILL,1895.0,3545.0,2023.0,1.0,696.0,286.0,Active,,,https://www.redfin.com/CA/Morgan-Hill/1331-Bodega-Way-95037/home/167557984,MLSListings,ML81943519,N,Y,37.13318,-121.627212,"Attached Garage, Off-Street Parking",2.0,"Dining Area in Family Room, Eat in Kitchen, No Formal Dining Room",Central Forced Air,Central Forced Air,Public Utilities,,"Common Area Electricity, Insurance (Common Area), Maintenance (Common Area), Maintenance (Road)",Dunne Estates,6,5,5,1.14,696.0,1315768.0,9605.0,57,Bikeable,52,Somewhat walkable,0,Minimal transit,Minimal,Extreme,Moderate,Minimal,"Places7 groceries, 22 restaurants, 3 parksTransit68, 87, Express 121, L1, L2, L3, L4, L5, L6, Rapid 568, School 287","Sep 29, 2023",Listed (Active)MLSListings #ML81943519,1318000.0,,,,,,,,,,https://www.redfin.com/CA/Morgan-Hill/1331-Bodega-Way-95037/home/167557984,Monthly,"Double Sinks, Primary (Stall Shower(s)), 2+ Showers Over Tubs","Hookup (Gas Dryer), In Utility Room, Inside","Carpet, Tile, Other (See Remarks)",,,,,,,,,,,,,,,,
MLS Listing,,Single Family Residential,16900 Burgundy Ln,Morgan Hill,CA,95037,2178800,4.0,3.0,MORGAN HILL,2820.0,9000.0,2023.0,2.0,773.0,286.0,Active,,,https://www.redfin.com/CA/Morgan-Hill/16900-Burgandy-Ln-95037/home/167557990,MLSListings,ML81943518,N,Y,37.133337,-121.626523,"Attached Garage, Off-Street Parking",2.0,"Breakfast Bar, Eat in Kitchen, Formal Dining Room",Central Forced Air,Central Forced Air,Public Utilities,1.0,"Common Area Electricity, Insurance (Common Area), Maintenance (Common Area), Management Fee, Reserves",Dunne Estates,6,5,5,0.92,773.0,2174834.0,15691.0,59,Bikeable,53,Somewhat walkable,0,Minimal transit,Minimal,Extreme,Moderate,Minimal,"Places7 groceries, 21 restaurants, 4 parksTransit68, 87, Express 121, L1, L2, L3, L4, L5, L6, Rapid 568, School 287","Sep 28, 2023",Listed (Active)MLSListings #ML81943518,2178800.0,,,,,,,,,,https://www.redfin.com/CA/Morgan-Hill/16900-Burgandy-Ln-95037/home/167557990,Monthly,"Double Sinks, Primary - Oversized Tub, Primary (Stall Shower(s)), 2+ Showers Over Tubs","Electricity Hookup (220V), Hookup (Gas Dryer), In Utility Room, Inside, Tub/Sink","Carpet, Tile, Other (See Remarks)",,,,,,,,,,,,,,,,
MLS Listing,,Single Family Residential,16711 Willow Creek Dr,Morgan Hill,CA,95037,1399999,4.0,2.5,MORGAN HILL,2576.0,7317.0,1978.0,2.0,543.0,,Active,October-1-2023 01:00 PM,October-1-2023 04:00 PM,https://www.redfin.com/CA/Morgan-Hill/16711-Willow-Creek-Dr-95037/home/558768,MLSListings,ML81940944,N,Y,37.1191019,-121.6572077,Attached Garage,3.0,Formal Dining Room,"Ceiling Fan, Central Forced Air, Multi-Zone",Central Forced Air,Public Utilities,2.0,,,4,5,8,2.5,543.0,1402573.0,9899.0,22,Somewhat bikeable,40,Car-dependent,33,Some transit,Minimal,Extreme,Moderate,Minimal,"Places5 groceries, 31 restaurants, 7 parksTransit68, 87, Express 121, L1, L2, L3, L4, L5, L6, Rapid 568, School 287","Sep 28, 2023",Listed (Active)MLSListings #ML81940944,1399999.0,"Apr 16, 1999",Listing RemovedMLSListings #ML89840844,NA,"Sep 2, 1998",ListedMLSListings #ML89840844,419000.0,,,,https://www.redfin.com/CA/Morgan-Hill/16711-Willow-Creek-Dr-95037/home/558768,,"Double Sinks, Half on Ground Floor, Shower Over Tub",Inside,"Carpet, Tile",,,,,,,,,,,,,,,,
MLS Listing,,Townhouse,190 Huntington Ln,Morgan Hill,CA,95037,799999,3.0,3.5,MORGAN HILL,1673.0,890.0,2010.0,3.0,478.0,346.0,Active,October-1-2023 01:00 PM,October-1-2023 04:00 PM,https://www.redfin.com/CA/Morgan-Hill/190-Huntington-Ln-95037/home/28486644,MLSListings,ML81943235,N,Y,37.131407,-121.650614,Attached Garage,2.0,Eat in Kitchen,"Ceiling Fan, Central Forced Air",Forced Air,"Individual Electric Meters, Individual Gas Meters, Public Utilities",3.0,"Common Area Electricity, Common Area Gas, Insurance (Common Area), Landscaping/Gardening, Maintenance (Common Area), Maintenance (Exterior), Maintenance (Unit Yard), Management Fee, Reserves, Roof",Huntington Square - South Valley PM,6,5,8,2.5,478.0,849467.0,6002.0,83,Very bikeable,84,Very walkable,39,Some transit,Minimal,Severe,Moderate,Minimal,"Places1 grocery, 38 restaurants, 3 parksTransit68, 87, Express 121, L1, L2, L3, L4, L5, L6, Rapid 568, School 287","Sep 27, 2023",Listed (Active)MLSListings #ML81943235,799999.0,"Feb 13, 2014",Pending (Pending (Do Not Show))MLSListings #ML81400014,NA,"Jan 13, 2014",Relisted (Active)MLSListings #ML81400014,NA,"Jan 2, 2014",Pending (Pending Without Release)MLSListings #ML81400014,NA,https://www.redfin.com/CA/Morgan-Hill/190-Huntington-Ln-95037/home/28486644,Monthly,"Double Sinks, Shower Over Tub, Stall Shower, Tile","In Garage, In Utility Room, Inside","Carpet, Hardwood, Tile","Jan 1, 2014",Listed (Active)MLSListings #ML81400014,490000.0,,,,,,,,,,,,,
MLS Listing,,Single Family Residential,7900 Croy Rd Unit F,Morgan Hill,CA,95037,585000,4.0,2.0,MORGAN HILL,1000.0,642353.0,1980.0,3.0,585.0,,Active,,,https://www.redfin.com/CA/Morgan-Hill/7900-Croy-Rd-95037/unit-F/home/63849799,MLSListings,ML81943232,N,Y,37.0896464,-121.7912815,Off-Street Parking,,Dining Area,Other (See Remarks),Stove (Wood),Propane On Site,,,,5,5,8,2.5,585.0,589315.0,4136.0,,,0,Car-dependent,,,Minimal,Moderate,Minimal,Minimal,"Places10 groceries, 9 restaurants, 26 parksTransit68, 71, 72, 72W, 75, 83","Sep 27, 2023",Listed (Active)MLSListings #ML81943232,585000.0,"Feb 1, 2020",Listing RemovedSDMLS #301624430,NA,"Sep 2, 2019",,NA,,,,https://www.redfin.com/CA/Morgan-Hill/7900-Croy-Rd-95037/unit-F/home/63849799,,,,,,,,,,,,,,,,,,,,
MLS Listing,,Single Family Residential,2810 Fountain Oaks Dr,Morgan Hill,CA,95037,1250000,4.0,2.0,MORGAN HILL,2028.0,15870.0,1977.0,4.0,616.0,,Active,October-1-2023 01:00 PM,October-1-2023 04:00 PM,https://www.redfin.com/CA/Morgan-Hill/2810-Fountain-Oaks-Dr-95037/home/1604623,MLSListings,ML81941756,N,Y,37.1391715,-121.6036394,"Detached, Gate/Door Opener",2.0,"Dining Area, Eat in Kitchen","Ceiling Fan, Other (See Remarks)","Central Forced Air, Gas",Public Utilities,1.0,,,NA,5,5,2.5,616.0,1246916.0,8838.0,11,Somewhat bikeable,15,Car-dependent,0,Minimal transit,Minimal,Severe,Moderate,Minimal,"Places8 groceries, 20 restaurants, 5 parksTransit68, 87, Express 121, L1, L2, L3, L4, L5, L6, Rapid 568, School 287","Sep 26, 2023",Listed (Active)MLSListings #ML81941756,1250000.0,,,,,,,,,,https://www.redfin.com/CA/Morgan-Hill/2810-Fountain-Oaks-Dr-95037/home/1604623,,,"In Utility Room, Inside, Tub/Sink","Carpet, Laminate",,,,,,,,,,,,,,,,
MLS Listing,,Single Family Residential,17210 Quail Ct,Morgan Hill,CA,95037,2299000,5.0,4.0,MORGAN HILL,5055.0,28641.0,2004.0,4.0,455.0,88.0,Active,October-1-2023 01:00 PM,October-1-2023 04:00 PM,https://www.redfin.com/CA/Morgan-Hill/17210-Quail-Ct-95037/home/1013415,MLSListings,ML81943190,N,Y,37.1514053,-121.6035725,"Attached Garage, Electric Gate, Guest/Visitor Parking, Room for Oversized Vehicle, Workshop in Garage",4.0,"Breakfast Nook, Formal Dining Room","Central Forced Air, Multi-Zone","Forced Air, Gas","Natural Gas, Public Utilities, Solar Panels - Leased",2.0,"Common Area Electricity, Electricity, Maintenance (Road)",Holiday Estates Maintenance Association,6,5,5,2.5,455.0,2288760.0,16343.0,8,Somewhat bikeable,1,Car-dependent,0,Minimal transit,Minimal,Severe,Moderate,Minimal,"Places7 groceries, 23 restaurants, 8 parksTransit68, 87, Express 121, L1, L2, L3, L4, L5, L6, Rapid 568, School 287","Sep 26, 2023",Listed (Active)MLSListings #ML81943190,2299000.0,"Nov 16, 2009",Pending (Pending Without Release)MLSListings #ML80951496,NA,"Oct 30, 2009",Listed (Active)MLSListings #ML80951496,899950.0,,,,https://www.redfin.com/CA/Morgan-Hill/17210-Quail-Ct-95037/home/1013415,Monthly,"Double Sinks, Full on Ground Floor, Granite, Primary (Stall Shower(s)), Primary (Tub w/ Jets), 2+ Stall Shower","In Utility Room, Tub/Sink","Carpet, Tile",,,,,,,,,,,,,,,,
MLS Listing,,Single Family Residential,18835 Old Monterey Rd,Morgan Hill,CA,95037,1725000,4.0,3.5,MORGAN HILL,3130.0,6364.0,2015.0,4.0,551.0,115.0,Active,October-1-2023 02:00 PM,October-1-2023 04:00 PM,https://www.redfin.com/CA/Morgan-Hill/18835-Old-Monterey-Rd-95037/home/112869191,MLSListings,ML81943120,N,Y,37.1468424,-121.6687916,"Attached Garage, Tandem Parking",3.0,"Breakfast Bar, Breakfast Nook, Formal Dining Room","Central Forced Air, Multi-Zone","Central Forced Air (Gas), Heating (2+ Zones)","Public Utilities, Solar Panels - Owned",2.0,"Maintenance (Common Area), Management Fee, Other (See Remarks)",Stonebridge Neighborhood Association,4,5,8,2.5,551.0,1723739.0,12312.0,56,Bikeable,21,Car-dependent,33,Some transit,Minimal,Extreme,Moderate,Minimal,"Places3 groceries, 21 restaurants, 1 parkTransit68, 87, Express 121, L1, L2, L3, L4, L5, L6, Rapid 568, School 287","Sep 25, 2023",Listed (Active)MLSListings #ML81943120,1725000.0,,,,,,,,,,https://www.redfin.com/CA/Morgan-Hill/18835-Old-Monterey-Rd-95037/home/112869191,Monthly,"Primary - Oversized Tub, Primary (Stall Shower(s)), 2+ Showers Over Tubs","Electricity Hookup (220V), Hookup (Gas Dryer), Inside, Upper Floor, Washer/Dryer","Carpet, Tile, Vinyl/Linoleum",,,,,,,,,,,,,,,,
MLS Listing,,Single Family Residential,17685 Raccoon Ct,Morgan Hill,CA,95037,1449000,4.0,2.5,MORGAN HILL,2847.0,27600.0,1976.0,5.0,509.0,88.0,Active,October-1-2023 01:00 PM,October-1-2023 04:00 PM,https://www.redfin.com/CA/Morgan-Hill/17685-Raccoon-Ct-95037/home/1032178,MLSListings,ML81943090,N,Y,37.1574932,-121.6127772,"Attached Garage, Electric Car Hookup, Gate/Door Opener",2.0,"Eat in Kitchen, Formal Dining Room","Central Forced Air, Window/Wall Unit",Central Forced Air,Public Utilities,2.0,"Maintenance (Common Area), Maintenance (Road)",Holiday Estates Maintenance Association,6,5,5,2.5,509.0,1457509.0,10333.0,8,Somewhat bikeable,0,Car-dependent,0,Minimal transit,Minimal,Major,Moderate,Minimal,"Places7 groceries, 28 restaurants, 7 parksTransit68, 87, Express 121, L1, L2, L3, L4, L5, L6, Rapid 568, School 287","Sep 25, 2023",Listed (Active)MLSListings #ML81943090,1449000.0,"Mar 2, 2004",Listing RemovedMLSListings #ML80366164,NA,"Dec 13, 2003",ListedMLSListings #ML80366164,699000.0,,,,https://www.redfin.com/CA/Morgan-Hill/17685-Raccoon-Ct-95037/home/1032178,Annually,"Double Sinks, Full on Ground Floor, Granite, Primary (Stall Shower(s)), Shower Over Tub, Tub in Master Bedroom","In Utility Room, Other (See Remarks)",Wood,,,,,,,,,,,,,,,,
MLS Listing,,Single Family Residential,2250 Via Orista,Morgan Hill,CA,95037,2999999,5.0,5.5,MORGAN HILL,4477.0,16955.0,2019.0,5.0,670.0,375.0,Active,October-1-2023 01:30 PM,October-1-2023 04:30 PM,https://www.redfin.com/CA/Morgan-Hill/2250-Via-Orista-95037/home/168907969,MLSListings,ML81940365,N,Y,37.1617489,-121.6356631,Attached Garage,3.0,"Breakfast Bar, Dining Area, Dining Area in Living Room, Dining Bar","Central Forced Air, Multi-Zone",Central Forced Air,Public Utilities,2.0,"Common Area Electricity, Common Area Gas, Insurance (Common Area), Maintenance (Common Area), Pools, Spa, or Tennis, Recreation Facility",Homeowners association Services,6,5,8,2.5,670.0,2978979.0,21587.0,34,Somewhat bikeable,0,Car-dependent,13,Minimal transit,Minimal,Severe,Moderate,Minimal,"Places6 groceries, 35 restaurants, 5 parksTransit68, 87, Express 121, L1, L2, L3, L4, L5, L6, Rapid 568, School 287","Sep 25, 2023",Listed (Active)MLSListings #ML81940365,2999999.0,,,,,,,,,,https://www.redfin.com/CA/Morgan-Hill/2250-Via-Orista-95037/home/168907969,Monthly,"Full on Ground Floor, Half on Ground Floor, Marble, Oversized Tub, Primary - Oversized Tub, Primary (Stall Shower(s))","In Utility Room, Upper Floor, Washer/Dryer","Hardwood, Tile",,,,,,,,,,,,,,,,
MLS Listing,,Single Family Residential,13495 Sycamore Dr,Morgan Hill,CA,95037,2849000,5.0,3.5,MORGAN HILL,3894.0,40000.0,2009.0,6.0,732.0,,Active,,,https://www.redfin.com/CA/Morgan-Hill/13495-Sycamore-Dr-95037/home/171916167,MLSListings,ML81943006,N,Y,37.0682754,-121.6638018,"Attached Garage, Electric Car Hookup, Guest/Visitor Parking, Room for Oversized Vehicle",4.0,"Eat in Kitchen, Formal Dining Room","Ceiling Fan, Central Forced Air",Central Forced Air (Gas),"Propane On Site, Public Utilities, Solar - Hot Water Heater - Owned",2.0,,,6,5,5,2.5,732.0,2855427.0,20144.0,25,Somewhat bikeable,0,Car-dependent,,,Minimal,Severe,Moderate,Minimal,"Places3 groceries, 23 restaurants, 8 parksTransit68, 87, Express 121, L1, L2, L3, L4, L5, L6, Rapid 568, School 287","Sep 24, 2023",Listed (Active)MLSListings #ML81943006,2849000.0,"May 13, 2019",Pending (Pending (Do Not Show))MLSListings #ML81746255,NA,"Apr 30, 2019",ContingentMLSListings #ML81746255,NA,"Apr 9, 2019",Listed (Active)MLSListings #ML81746255,2289000.0,https://www.redfin.com/CA/Morgan-Hill/13495-Sycamore-Dr-95037/home/171916167,,"Double Sinks, Full on Ground Floor, Granite, Half on Ground Floor, Marble, Primary - Oversized Tub, Primary (Stall Shower(s)), Primary (Tub w/ Jets), 2+ Showers Over Tubs, Updated Bath(s)","Inside, Tub/Sink, Washer/Dryer","Carpet, Hardwood, Tile",,,,,,,,,,,,,,,,
MLS Listing,,Single Family Residential,14520 Shadowlane Ct,Morgan Hill,CA,95037,1300000,5.0,3.0,MORGAN HILL,3188.0,11494.0,1977.0,6.0,408.0,,Active,October-1-2023 02:00 PM,October-1-2023 03:00 PM,https://www.redfin.com/CA/Morgan-Hill/14520-Shadowlane-Ct-95037/home/1238168,MLSListings,ML81941360,N,Y,37.0910736,-121.6325213,"Attached Garage, On Street",3.0,Dining Area in Living Room,,Central Forced Air,Public Utilities,2.0,,,NA,5,8,2.5,408.0,1295055.0,9192.0,1,Somewhat bikeable,0,Car-dependent,21,Minimal transit,Minimal,Severe,Moderate,Minimal,"Places4 groceries, 26 restaurants, 1 parkTransit68, 87, Express 121, L1, L2, L3, L4, L5, L6, Rapid 568, School 287","Sep 25, 2023",Relisted (Active)MLSListings #ML81941360,NA,"Sep 9, 2023",Listing RemovedMLSListings #ML81941360,NA,"Sep 8, 2023",Listed (Active)MLSListings #ML81941360,1300000.0,,,,https://www.redfin.com/CA/Morgan-Hill/14520-Shadowlane-Ct-95037/home/1238168,,"Full on Ground Floor, 2+ Showers Over Tubs, Stall Shower",In Garage,"Carpet, Laminate, Tile",,,,,,,,,,,,,,,,
MLS Listing,,Single Family Residential,470 Las Coches Ct,Morgan Hill,CA,95037,1199000,4.0,2.0,MORGAN HILL,1808.0,7614.0,1977.0,7.0,663.0,,Active,October-1-2023 01:00 PM,October-1-2023 04:00 PM,https://www.redfin.com/CA/Morgan-Hill/470-Las-Coches-Ct-95037/home/1435855,MLSListings,ML81941892,N,Y,37.1035387,-121.6433501,"Attached Garage, On Street",2.0,Breakfast Bar,,Forced Air,Public Utilities,1.0,,,6,5,8,2.5,663.0,1213432.0,8478.0,51,Bikeable,52,Somewhat walkable,29,Some transit,Minimal,Extreme,Moderate,Minimal,"Places3 groceries, 30 restaurants, 1 parkTransit68, 87, Express 121, L1, L2, L3, L4, L5, L6, Rapid 568, School 287","Sep 28, 2023",Price ChangedMLSListings #ML81941892,1199000.0,"Sep 23, 2023",Listed (Active)MLSListings #ML81941892,1259000.0,"Sep 25, 2002",Listing RemovedMLSListings #ML80234181,NA,"Jul 2, 2002",ListedMLSListings #ML80234181,499900.0,https://www.redfin.com/CA/Morgan-Hill/470-Las-Coches-Ct-95037/home/1435855,,"Primary (Stall Shower(s)), Shower Over Tub",Inside,"Carpet, Tile",,,,,,,,,,,,,,,,
MLS Listing,,Single Family Residential,16809 Gallop Dr,Morgan Hill,CA,95037,1149950,3.0,2.0,MORGAN HILL,1638.0,8415.0,1975.0,8.0,702.0,,Active,October-1-2023 02:00 PM,October-1-2023 04:00 PM,https://www.redfin.com/CA/Morgan-Hill/16809-Gallop-Dr-95037/home/1680651,MLSListings,ML81942475,N,Y,37.1391064,-121.6065368,Detached,2.0,"Eat in Kitchen, No Formal Dining Room",Central Forced Air,Central Forced Air,Public Utilities,1.0,,,NA,5,5,2.5,702.0,1153566.0,8131.0,30,Somewhat bikeable,19,Car-dependent,0,Minimal transit,Minimal,Severe,Moderate,Minimal,"Places8 groceries, 20 restaurants, 5 parksTransit68, 87, Express 121, L1, L2, L3, L4, L5, L6, Rapid 568, School 287","Sep 22, 2023",Listed (Active)MLSListings #ML81942475,1149950.0,,,,,,,,,,https://www.redfin.com/CA/Morgan-Hill/16809-Gallop-Dr-95037/home/1680651,,"Full on Ground Floor, Shower Over Tub, Stall Shower","In Utility Room, Inside","Carpet, Laminate",,,,,,,,,,,,,,,,
MLS Listing,,Single Family Residential,17495 Belletto Dr,Morgan Hill,CA,95037,1650000,5.0,4.0,MORGAN HILL,3063.0,7146.0,1996.0,8.0,539.0,95.0,Active,October-1-2023 01:00 PM,October-1-2023 03:00 PM,https://www.redfin.com/CA/Morgan-Hill/17495-Belletto-Dr-95037/home/1733632,MLSListings,ML81939174,N,Y,37.1377793,-121.6437512,"Attached Garage, Off-Street Parking, On Street, Workshop in Garage",3.0,"Breakfast Bar, Breakfast Nook, Formal Dining Room",Central Forced Air,Central Forced Air,"Natural Gas, Public Utilities, Solar Panels - Owned",2.0,"Common Area Electricity, Insurance (Common Area), Maintenance (Common Area), Reserves",Shadowbrook Estates of Morgan Hill OA,6,5,8,2.5,539.0,1656172.0,11762.0,46,Somewhat bikeable,39,Car-dependent,27,Some transit,Minimal,Moderate,Moderate,Minimal,"Places5 groceries, 31 restaurants, 2 parksTransit68, 87, Express 121, L1, L2, L3, L4, L5, L6, Rapid 568, School 287","Sep 22, 2023",Listed (Active)MLSListings #ML81939174,1650000.0,"Jun 14, 2006",Listing RemovedMLSListings #ML80619632,NA,"Apr 7, 2006",ListedMLSListings #ML80619632,1100000.0,,,,https://www.redfin.com/CA/Morgan-Hill/17495-Belletto-Dr-95037/home/1733632,Monthly,"Full on Ground Floor, Primary - Oversized Tub, Primary (Stall Shower(s)), Shower and Tub, Tub in Master Bedroom",Inside,"Carpet, Hardwood, Tile",,,,,,,,,,,,,,,,
MLS Listing,,Single Family Residential,1955 Morgan Ave,Morgan Hill,CA,95037,1899988,4.0,2.5,MORGAN HILL,2195.0,42374.0,1978.0,8.0,866.0,,Active,,,https://www.redfin.com/CA/Morgan-Hill/1955-Morgan-Ave-95037/home/1720644,MLSListings,ML81940110,N,Y,37.1422081,-121.6205995,Attached Garage,2.0,"Breakfast Nook, Dining Bar, Eat in Kitchen","Ceiling Fan, Central Forced Air, Multi-Zone","Central Forced Air (Gas), Fireplace",Natural Gas,2.0,,,6,5,5,2.5,866.0,1918250.0,13434.0,48,Somewhat bikeable,12,Car-dependent,11,Minimal transit,Minimal,Extreme,Moderate,Minimal,"Places8 groceries, 21 restaurants, 5 parksTransit68, 87, Express 121, L1, L2, L3, L4, L5, L6, Rapid 568, School 287","Sep 22, 2023",Listed (Active)MLSListings #ML81940110,1899988.0,"Apr 28, 1999",Listing RemovedMLSListings #ML89900742,NA,"Jan 6, 1999",ListedMLSListings #ML89900742,635000.0,,,,https://www.redfin.com/CA/Morgan-Hill/1955-Morgan-Ave-95037/home/1720644,,"Half on Ground Floor, Primary (Stall Shower(s)), 2+ Stall Shower, Tile, Updated Bath(s)",In Utility Room,"Tile, Vinyl/Linoleum, Wood",,,,,,,,,,,,,,,,
MLS Listing,,Multi-Family (2-4 Unit),240 E Edmundson Ave,Morgan Hill,CA,95037,950000,5.0,2.0,MORGAN HILL,1470.0,8060.0,1950.0,9.0,646.0,,Active,,,https://www.redfin.com/CA/Morgan-Hill/240-E-Edmundson-Ave-95037/home/187628800,MLSListings,ML81942799,N,Y,37.1156477,-121.639819,"Off-Street Parking, On Street",,,,"Gas, Wall Furnace","Individual Electric Meters, Individual Gas Meters",1.0,,,5,5,8,2.5,646.0,949474.0,6717.0,77,Very bikeable,61,Somewhat walkable,35,Some transit,Minimal,Moderate,Moderate,Minimal,"Places1 grocery, 29 restaurants, 0 parksTransit68, 87, Express 121, L1, L2, L3, L4, L5, L6, Rapid 568, School 287","Sep 21, 2023",Listed (Active)MLSListings #ML81942799,950000.0,,,,,,,,,,https://www.redfin.com/CA/Morgan-Hill/240-E-Edmundson-Ave-95037/home/187628800,,,Hookups Only,"Carpet, Hardwood, Tile, Vinyl/Linoleum",,,,,,,,,,,,,,,,
MLS Listing,,Single Family Residential,17040 Holiday Dr,Morgan Hill,CA,95037,1149000,3.0,4.0,MORGAN HILL,2348.0,22217.0,1971.0,10.0,489.0,88.0,Active,,,https://www.redfin.com/CA/Morgan-Hill/17040-Holiday-Dr-95037/home/1059436,MLSListings,ML81942449,N,Y,37.1476718,-121.5932303,"Attached Garage, Parking Area",2.0,Formal Dining Room,Central Forced Air,"Central Forced Air (Gas), Heating (2+ Zones)",Public Utilities,2.0,"Maintenance (Common Area), Maintenance (Road), Other (See Remarks)",Holiday Lake Estates,6,5,5,2.5,489.0,1152887.0,8212.0,4,Somewhat bikeable,9,Car-dependent,,,Minimal,Major,Moderate,Minimal,"Places8 groceries, 18 restaurants, 5 parksTransit68, 87, Express 121, L1, L2, L3, L4, L5, L6, Rapid 568, School 287","Sep 20, 2023",Listed (Active)MLSListings #ML81942449,1149000.0,,,,,,,,,,https://www.redfin.com/CA/Morgan-Hill/17040-Holiday-Dr-95037/home/1059436,Monthly,Full on Ground Floor,In Garage,,,,,,,,,,,,,,,,,
MLS Listing,,Single Family Residential,15885 Oakridge Rd,Morgan Hill,CA,95037,1495000,3.0,2.0,MORGAN HILL,1960.0,15554.0,1974.0,11.0,763.0,37.0,Active,October-1-2023 01:00 PM,October-1-2023 04:00 PM,https://www.redfin.com/CA/Morgan-Hill/15885-Oakridge-Rd-95037/home/1270469,MLSListings,ML81942049,N,Y,37.1466415,-121.5875907,Attached Garage,2.0,Dining Area,Central Forced Air,Central Forced Air,Public Utilities,2.0,"Pools, Spa, or Tennis",Jackson Oaks,NA,5,5,2.5,763.0,1498304.0,10608.0,2,Somewhat bikeable,1,Car-dependent,0,Minimal transit,Minimal,Severe,Moderate,Minimal,"Places9 groceries, 18 restaurants, 6 parksTransit68, 87, Express 121, L1, L2, L3, L4, L5, L6, Rapid 568, School 287","Sep 22, 2023",Relisted (Active)MLSListings #ML81942049,NA,"Sep 22, 2023",Listing RemovedMLSListings #ML81942049,NA,"Sep 19, 2023",Listed (Active)MLSListings #ML81942049,1495000.0,"Aug 4, 2021",Pending (Pending Sale)CRMLS #IV21099949,NA,https://www.redfin.com/CA/Morgan-Hill/15885-Oakridge-Rd-95037/home/1270469,Annually,,,,"Jul 7, 2021",Price ChangedCRMLS #IV21099949,1295000.0,"Jun 20, 2021",Price ChangedCRMLS #IV21099949,1360000.0,"May 12, 2021",Listed (Active)CRMLS #IV21099949,1350000.0,,,,,,,
MLS Listing,,Single Family Residential,15610 Murphy Ave,Morgan Hill,CA,95037,2700000,6.0,3.0,MORGAN HILL,1680.0,389985.0,1963.0,12.0,1607.0,,Active,,,https://www.redfin.com/CA/Morgan-Hill/15610-Murphy-Ave-95037/home/187551069,MLSListings,ML81942345,N,Y,37.11642,-121.617241,"Attached Garage, Common Parking Area, Uncovered Parking",2.0,Eat in Kitchen,,,Public Utilities,1.0,,,NA,5,5,2.5,1607.0,2681241.0,19091.0,31,Somewhat bikeable,6,Car-dependent,,,Minimal,Major,Moderate,Minimal,"Places3 groceries, 24 restaurants, 2 parksTransit68, 87, Express 121, L1, L2, L3, L4, L5, L6, Rapid 568, School 287","Sep 18, 2023",Listed (Active)MLSListings #ML81942345,2700000.0,,,,,,,,,,https://www.redfin.com/CA/Morgan-Hill/15610-Murphy-Ave-95037/home/187551069,,,,,,,,,,,,,,,,,,,,
MLS Listing,,Vacant Land,0 Hale Ave,Morgan Hill,CA,95141,1649000,,,Morgan Hill,540144.0,540144.0,,16.0,3.0,,Active,,,https://www.redfin.com/CA/Morgan-Hill/Hale-Ave-95037/home/160968000,"bridgeMLS, Bay East AOR, or Contra Costa AOR",41037938,N,Y,37.17174,-121.711177,,,,,,"Other Water/Sewer, Other On Site",,,,4,5,8,2.5,3.0,1601394.0,11659.0,25,Somewhat bikeable,4,Car-dependent,,,Major,Extreme,Moderate,Minimal,"Places4 groceries, 25 restaurants, 6 parksTransit42, 68, 87, Express 121, L1, L2, L3, L4, L5, L6, Rapid 568, School 287","Sep 14, 2023","Listed (New)bridgeMLS, Bay East AOR, or Contra Costa AOR #41037938",1649000.0,"Mar 17, 2022",Pending (Pending (Do Not Show))MLSListings #ML81874659,NA,"Feb 13, 2022",ContingentMLSListings #ML81874659,NA,"Feb 2, 2022",Price ChangedMLSListings #ML81874659,1499000.0,https://www.redfin.com/CA/Morgan-Hill/Hale-Ave-95037/home/160968000,,,,,"Jan 16, 2022",Listed (Active)MLSListings #ML81874659,1500000.0,,,,,,,,,,,,,
MLS Listing,,Single Family Residential,125 Campoli Dr,Morgan Hill,CA,95037,1858888,4.0,3.5,,2894.0,7709.0,2023.0,16.0,642.0,,Active,,,https://www.redfin.com/CA/Morgan-Hill/125-Campoli-Dr-95037/home/184362102,"bridgeMLS, Bay East AOR, or Contra Costa AOR",41039166,N,Y,37.1456831,-121.6680038,,2.0,,"Central Air, Multi Units","Forced Air, MultiUnits","All Public Utilities, Individual Electric Meter, Individual Gas Meter",,,,4,5,8,2.5,642.0,1850787.0,13143.0,60,Bikeable,23,Car-dependent,34,Some transit,Minimal,Extreme,Moderate,Minimal,"Places3 groceries, 22 restaurants, 2 parksTransit68, 87, Express 121, L1, L2, L3, L4, L5, L6, Rapid 568, School 287","Sep 14, 2023","Listed (New)bridgeMLS, Bay East AOR, or Contra Costa AOR #41039166",1858888.0,,,,,,,,,,https://www.redfin.com/CA/Morgan-Hill/125-Campoli-Dr-95037/home/184362102,,,,"Tile, Carpet, Engineered Wood",,,,,,,,,,,,,,,,
MLS Listing,,Single Family Residential,115 Campoli Dr,Morgan Hill,CA,95037,1898000,5.0,4.5,,3165.0,7561.0,2023.0,16.0,600.0,,Active,,,https://www.redfin.com/CA/Morgan-Hill/115-Campoli-Dr-95037/home/184362052,"bridgeMLS, Bay East AOR, or Contra Costa AOR",41039165,N,Y,37.1457701,-121.6678411,,2.0,,"Central Air, Heat Pump, Multi Units","Forced Air, Heat Pump, MultiUnits","Individual Electric Meter, Individual Gas Meter",,,,4,5,8,2.5,600.0,1886576.0,13420.0,60,Bikeable,23,Car-dependent,34,Some transit,Minimal,Extreme,Moderate,Minimal,"Places3 groceries, 22 restaurants, 1 parkTransit68, 87, Express 121, L1, L2, L3, L4, L5, L6, Rapid 568, School 287","Sep 14, 2023","Listed (New)bridgeMLS, Bay East AOR, or Contra Costa AOR #41039165",1898000.0,,,,,,,,,,https://www.redfin.com/CA/Morgan-Hill/115-Campoli-Dr-95037/home/184362052,,,,"Carpet, Engineered Wood",,,,,,,,,,,,,,,,
MLS Listing,,Single Family Residential,3825 Live Oak Ln,Morgan Hill,CA,95037,1388800,5.0,3.0,MORGAN HILL,2372.0,17490.0,1976.0,17.0,585.0,37.0,Active,,,https://www.redfin.com/CA/Morgan-Hill/3825-Live-Oak-Ln-95037/home/1157556,MLSListings,ML81941800,N,Y,37.1465255,-121.5859412,"Attached Garage, Workshop in Garage",2.0,Formal Dining Room,Ceiling Fan,Central Forced Air (Gas),Public Utilities,2.0,Recreation Facility,Jackson Oaks Association,NA,5,5,2.5,585.0,1381426.0,9857.0,2,Somewhat bikeable,1,Car-dependent,0,Minimal transit,Minimal,Severe,Moderate,Minimal,"Places9 groceries, 18 restaurants, 6 parksTransit68, 87, Express 121, L1, L2, L3, L4, L5, L6, Rapid 568, School 287","Sep 13, 2023",Listed (Active)MLSListings #ML81941800,1388800.0,,,,,,,,,,https://www.redfin.com/CA/Morgan-Hill/3825-Live-Oak-Ln-95037/home/1157556,Annually,"Double Sinks, Full on Ground Floor","Electricity Hookup (220V), In Utility Room, Washer/Dryer","Carpet, Vinyl/Linoleum",,,,,,,,,,,,,,,,
MLS Listing,,Single Family Residential,16716 Audrey Dr,Morgan Hill,CA,95037,520000,1.0,1.0,MORGAN HILL,587.0,2317.0,1990.0,18.0,886.0,220.0,Active,October-1-2023 01:00 PM,October-1-2023 03:00 PM,https://www.redfin.com/CA/Morgan-Hill/16716-Audrey-Dr-95037/home/1845687,MLSListings,ML81940031,N,Y,37.127033,-121.6347941,Attached Garage,1.0,"Dining Area in Family Room, No Formal Dining Room",Other (See Remarks),Central Forced Air,Public Utilities,1.0,Other (See Remarks),Cottage Green,5,5,8,2.5,886.0,529793.0,3897.0,59,Bikeable,48,Car-dependent,26,Some transit,Minimal,Major,Moderate,Minimal,"Places6 groceries, 25 restaurants, 3 parksTransit68, 87, Express 121, L1, L2, L3, L4, L5, L6, Rapid 568, School 287","Sep 12, 2023",Listed (Active)MLSListings #ML81940031,520000.0,"Jun 14, 2018",Pending (Pending (Do Not Show))MLSListings #ML81692064,NA,"May 10, 2018",ContingentMLSListings #ML81692064,NA,"Apr 25, 2018",Price ChangedMLSListings #ML81692064,485000.0,https://www.redfin.com/CA/Morgan-Hill/16716-Audrey-Dr-95037/home/1845687,Monthly,,In Garage,Laminate,"Feb 26, 2018",Price ChangedMLSListings #ML81692064,488000.0,"Feb 9, 2018",Listed (Active)MLSListings #ML81692064,499000.0,,,,,,,,,,
MLS Listing,,Condo/Co-op,17267 St. Anthony Dr,Morgan Hill,CA,95037,1034000,3.0,3.5,MORGAN HILL,1731.0,,2023.0,18.0,597.0,384.0,Active,October-1-2023 11:00 AM,October-1-2023 04:30 PM,https://www.redfin.com/CA/Morgan-Hill/17267-St-Anthony-Dr-95037/home/186468872,MLSListings,ML81941630,N,Y,37.1303912,-121.6423976,"Attached Garage, Guest/Visitor Parking",2.0,Dining Area,Multi-Zone,Heat Pump,Individual Electric Meters,,"Common Area Electricity, Garbage, Insurance (Common Area), Landscaping/Gardening, Maintenance (Common Area), Reserves",Andalusia of Morgan Hill Homeowners Asso,6,5,8,3.0,597.0,1034607.0,7695.0,68,Bikeable,57,Somewhat walkable,35,Some transit,NA,NA,NA,NA,"Places6 groceries, 30 restaurants, 2 parksTransit68, 87, Express 121, L1, L2, L3, L4, L5, L6, Rapid 568, School 287","Sep 12, 2023",Listed (Active)MLSListings #ML81941630,1034000.0,,,,,,,,,,https://www.redfin.com/CA/Morgan-Hill/17267-St-Anthony-Dr-95037/home/186468872,Monthly,,,,,,,,,,,,,,,,,,,
MLS Listing,,Mobile/Manufactured Home,18055 Monterey Rd #31,Morgan Hill,CA,95037,220000,2.0,2.0,MORGAN HILL,840.0,,1983.0,19.0,262.0,,Active,,,https://www.redfin.com/CA/Morgan-Hill/18055-Monterey-Hwy-95037/unit-31/home/21855020,MLSListings,ML81941541,N,Y,37.1373874,-121.6618971,Carport,,"Breakfast Nook, Dining Bar",Window/Wall Unit,Central Forced Air,"Individual Electric Meters, Individual Gas Meters",,,,4,5,8,3.0,262.0,216776.0,1556.0,68,Bikeable,52,Somewhat walkable,36,Some transit,Major,Extreme,Moderate,Minimal,"Places2 groceries, 19 restaurants, 3 parksTransit68, 87, Express 121, L1, L2, L3, L4, L5, L6, Rapid 568, School 287","Sep 19, 2023",Price ChangedMLSListings #ML81941541,220000.0,"Sep 11, 2023",Listed (Active)MLSListings #ML81941541,229000.0,"Aug 30, 2020",Pending (Pending (Do Not Show))MLSListings #ML81801104,NA,"Jul 25, 2020",ContingentMLSListings #ML81801104,NA,https://www.redfin.com/CA/Morgan-Hill/18055-Monterey-Hwy-95037/unit-31/home/21855020,,,Hookups Only,"Carpet, Laminate","Jul 15, 2020",Listed (Active)MLSListings #ML81801104,139000.0,,,,,,,,,,,,,
MLS Listing,,Single Family Residential,1020 Brookview Ct,Morgan Hill,CA,95037,1499999,4.0,3.5,MORGAN HILL,3053.0,10150.0,1977.0,20.0,491.0,,Active,,,https://www.redfin.com/CA/Morgan-Hill/1020-Brookview-Ct-95037/home/1572274,MLSListings,ML81941437,N,Y,37.0894126,-121.6360865,"Attached Garage, Electric Gate, On Street, Room for Oversized Vehicle",2.0,"Breakfast Bar, Dining Area in Family Room, Formal Dining Room","Ceiling Fan, Window/Wall Unit","Central Forced Air, Fireplace",Public Utilities,,,,NA,5,8,2.5,491.0,,10606.0,1,Somewhat bikeable,3,Car-dependent,,,Minimal,Extreme,Moderate,Minimal,"Places3 groceries, 28 restaurants, 1 parkTransit68, 87, Express 121, L1, L2, L3, L4, L5, L6, Rapid 568, School 287","Sep 25, 2023",Relisted (Active)MLSListings #ML81941437,NA,"Sep 22, 2023",ContingentMLSListings #ML81941437,NA,"Sep 10, 2023",Listed (Active)MLSListings #ML81941437,1499999.0,"Jul 6, 2017",Pending (Pending (Do Not Show))MLSListings #ML81654015,NA,https://www.redfin.com/CA/Morgan-Hill/1020-Brookview-Ct-95037/home/1572274,,"Double Sinks, Full on Ground Floor, Granite, Half on Ground Floor, Primary (Stall Shower(s)), Shower and Tub, Updated Bath(s)","Electricity Hookup (110V), Electricity Hookup (220V), In Utility Room, Inside, Tub/Sink","Hardwood, Laminate, Tile","Jun 6, 2017",ContingentMLSListings #ML81654015,NA,"Jun 1, 2017",Listed (Active)MLSListings #ML81654015,799000.0,,,,,,,,,,
MLS Listing,,Townhouse,754 Mendocino Way,Morgan Hill,CA,95037,879000,3.0,2.5,MORGAN HILL,1836.0,2147.0,1979.0,21.0,479.0,420.0,Active,,,https://www.redfin.com/CA/Morgan-Hill/754-Mendecino-Way-95037/home/1018612,MLSListings,ML81941361,N,Y,37.096352,-121.639597,Detached,2.0,Dining Bar,Central Forced Air,Central Forced Air,"Public Utilities, Solar Panels - Owned",2.0,"Recreation Facility, Other (See Remarks)",Countryside Villas,NA,5,8,2.5,479.0,877448.0,6635.0,36,Somewhat bikeable,14,Car-dependent,24,Minimal transit,Minimal,Extreme,Moderate,Minimal,"Places3 groceries, 28 restaurants, 1 parkTransit68, 87, Express 121, L1, L2, L3, L4, L5, L6, Rapid 568, School 287","Sep 9, 2023",Listed (Active)MLSListings #ML81941361,879000.0,"Aug 12, 2015",Pending (Pending (Do Not Show))MLSListings #ML81471328,NA,"Jul 25, 2015",ContingentMLSListings #ML81471328,NA,"Jul 16, 2015",Relisted (Active)MLSListings #ML81471328,NA,https://www.redfin.com/CA/Morgan-Hill/754-Mendecino-Way-95037/home/1018612,,,,Hardwood,"Jul 14, 2015",Pending (Pending (Do Not Show))MLSListings #ML81471328,NA,"Jun 19, 2015",Listed (Active)MLSListings #ML81471328,529950.0,,,,,,,,,,
MLS Listing,,Vacant Land,2330 W Rockwood Ranch Rd,Morgan Hill,CA,95037,695000,,,MORGAN HILL,,101494.0,,22.0,,150.0,Active,,,https://www.redfin.com/CA/Morgan-Hill/2330-Rockwood-Ranch-Rd-95037/home/21941612,MLSListings,ML81941339,N,Y,37.111846,-121.6896,,,,,,Public Utilities,,"Common Area Electricity, Fencing, Insurance (Common Area)",Rockwood States HOA,5,5,8,3.0,,669865.0,5064.0,,,0,Car-dependent,,,Minimal,Severe,Moderate,Minimal,"Places2 groceries, 20 restaurants, 8 parksTransit68, 87, Express 121, L1, L2, L3, L4, L5, L6, Rapid 568, School 287","Sep 8, 2023",Listed (Active)MLSListings #ML81941339,695000.0,,,,,,,,,,https://www.redfin.com/CA/Morgan-Hill/2330-Rockwood-Ranch-Rd-95037/home/21941612,,,,,,,,,,,,,,,,,,,,
MLS Listing,,Vacant Land,0 Shady Lane Dr,Morgan Hill,CA,95037,240000,,,Holiday Lake Estates,,17860.0,,23.0,,83.0,Active,,,https://www.redfin.com/CA/Morgan-Hill/Shady-Lane-Dr-95037/home/17456704,MetroList,223087123,N,Y,37.149135,-121.59215,,,,,,"Phone TBD, Cable TBD, Underground Utilities, See Remarks",,,,6,5,5,,,222796.0,1780.0,4,Somewhat bikeable,7,Car-dependent,0,Minimal transit,Minimal,Major,Moderate,Minimal,"Places8 groceries, 18 restaurants, 6 parksTransit68, 87, Express 121, L1, L2, L3, L4, L5, L6, Rapid 568, School 287","Jun 3, 2022",Relisted (Active)CRMLS #NDP2107440,NA,"May 24, 2022",Listing RemovedCRMLS #NDP2107440,NA,"May 24, 2022",Listing RemovedCRMLS #NDP2107440,NA,"Apr 7, 2022",,NA,https://www.redfin.com/CA/Morgan-Hill/Shady-Lane-Dr-95037/home/17456704,,,,,"Mar 15, 2022",,NA,"Nov 30, 2021",,NA,"Sep 17, 2021",,NA,"Aug 31, 2021",NA,"Aug 2, 2021",NA,"Jun 27, 2021",NA,
MLS Listing,,Vacant Land,Lot B Kalana Ave,Morgan Hill,CA,95037,1100000,,,MORGAN HILL,,176738.0,,25.0,,,Active,,,https://www.redfin.com/CA/Coyote/0000LotB-Kalana-Ave-95037/home/187683221,MLSListings,ML81940846,N,Y,37.1704426,-121.7171913,,,,,,,,,,NA,NA,NA,2.5,,1070445.0,7778.0,25,Somewhat bikeable,8,Car-dependent,,,NA,NA,NA,NA,"Places4 groceries, 22 restaurants, 10 parksTransit42, 68, 87, Express 121, L1, L2, L3, L4, L5, L6, Rapid 568, School 287","Sep 5, 2023",Listed (Active)MLSListings #ML81940846,1100000.0,,,,,,,,,,https://www.redfin.com/CA/Coyote/0000LotB-Kalana-Ave-95037/home/187683221,,,,,,,,,,,,,,,,,,,,
MLS Listing,,Vacant Land,Lot A Kalana Ave,Morgan Hill,CA,95037,1100000,,,MORGAN HILL,,284115.0,,25.0,,,Active,,,https://www.redfin.com/CA/Coyote/000000LotA-Kalana-Ave-95037/home/187683203,MLSListings,ML81940845,N,Y,37.1704426,-121.7171913,,,,,,Electricity (On Site),,,,NA,NA,NA,2.5,,1091279.0,7778.0,25,Somewhat bikeable,8,Car-dependent,,,NA,NA,NA,NA,"Places4 groceries, 22 restaurants, 10 parksTransit42, 68, 87, Express 121, L1, L2, L3, L4, L5, L6, Rapid 568, School 287","Sep 5, 2023",Listed (Active)MLSListings #ML81940845,1100000.0,,,,,,,,,,https://www.redfin.com/CA/Coyote/000000LotA-Kalana-Ave-95037/home/187683203,,,,,,,,,,,,,,,,,,,,
MLS Listing,,Single Family Residential,598 Palm Ave,Morgan Hill,CA,95037,2200000,4.0,2.0,MORGAN HILL,3000.0,780384.0,1900.0,25.0,733.0,,Active,,,https://www.redfin.com/CA/Morgan-Hill/598-Palm-Ave-95037/home/40389450,MLSListings,ML81940844,N,Y,37.183415,-121.7066938,"Guest/Visitor Parking, No Garage",,Dining Area,,Gas,Public Utilities,2.0,,,4,5,8,2.5,733.0,2169836.0,15555.0,45,Somewhat bikeable,6,Car-dependent,,,NA,NA,NA,NA,"Places4 groceries, 26 restaurants, 8 parksTransit42, 68, 87, Express 121, L1, L2, L3, L4, L5, L6, Rapid 568, School 287","Sep 5, 2023",Listed (Active)MLSListings #ML81940844,2200000.0,,,,,,,,,,https://www.redfin.com/CA/Morgan-Hill/598-Palm-Ave-95037/home/40389450,,,,,,,,,,,,,,,,,,,,
MLS Listing,,Condo/Co-op,18442 Ruby Ln,Morgan Hill,CA,95037,786500,3.0,2.5,MORGAN HILL,1680.0,,2008.0,25.0,468.0,445.0,Active,,,https://www.redfin.com/CA/Morgan-Hill/18442-Ruby-Ln-95037/home/23046984,MLSListings,ML81940732,N,Y,37.1457604,-121.6609949,"Assigned Spaces, Attached Garage",2.0,"Breakfast Room, Dining Bar, Eat in Kitchen, Formal Dining Room",Central Forced Air,Central Forced Air (Gas),Public Utilities,2.0,Insurance (Common Area),Madrone Plaza,6,5,8,0.32,468.0,787155.0,6006.0,77,Very bikeable,41,Car-dependent,33,Some transit,Minimal,Extreme,Moderate,Minimal,"Places3 groceries, 22 restaurants, 1 parkTransit68, 87, Express 121, L1, L2, L3, L4, L5, L6, Rapid 568, School 287","Sep 5, 2023",Listed (Active)MLSListings #ML81940732,786500.0,,,,,,,,,,https://www.redfin.com/CA/Morgan-Hill/18442-Ruby-Ln-95037/home/23046984,Monthly,,,"Carpet, Hardwood, Vinyl/Linoleum",,,,,,,,,,,,,,,,
MLS Listing,,Mobile/Manufactured Home,212 Leisure Dr #212,Morgan Hill,CA,95037,435000,2.0,3.0,MORGAN HILL,1296.0,,1981.0,29.0,336.0,,Active,,,https://www.redfin.com/CA/Morgan-Hill/212-Leisure-Dr-95037/unit-212/home/177187317,MLSListings,ML81940477,N,Y,37.0915119,-121.6390722,"Gate/Door Opener, Guest/Visitor Parking, Parking Restrictions",2.0,Dining Area in Living Room,Central Forced Air,Central Forced Air,Public Utilities,,,,NA,5,8,3.0,336.0,432046.0,3076.0,14,Somewhat bikeable,9,Car-dependent,0,Minimal transit,Severe,Extreme,Moderate,Minimal,"Places3 groceries, 29 restaurants, 1 parkTransit68, 87, Express 121, L1, L2, L3, L4, L5, L6, Rapid 568, School 287","Sep 1, 2023",Listed (Active)MLSListings #ML81940477,435000.0,"Nov 21, 2021",Pending (Pending (Do Not Show))MLSListings #ML81870197,NA,"Nov 13, 2021",Listed (Active)MLSListings #ML81870197,375000.0,,,,https://www.redfin.com/CA/Morgan-Hill/212-Leisure-Dr-95037/unit-212/home/177187317,,"Shower and Tub, Stall Shower, Tub",Washer/Dryer,"Carpet, Vinyl/Linoleum",,,,,,,,,,,,,,,,
MLS Listing,,Single Family Residential,385 Spring Hill Dr,Morgan Hill,CA,95037,1399000,4.0,3.0,MORGAN HILL,2548.0,8457.0,1979.0,31.0,549.0,,Active,,,https://www.redfin.com/CA/Morgan-Hill/385-Spring-Hill-Dr-95037/home/1380401,MLSListings,ML81940265,N,Y,37.1199798,-121.6565394,"Attached Garage, Gate/Door Opener",2.0,"Breakfast Bar, Breakfast Nook, Breakfast Room, Dining Area in Family Room","Ceiling Fan, Central Forced Air, Multi-Zone","Central Forced Air, Fireplace, Gas",Public Utilities,2.0,,,4,5,8,2.5,549.0,1377581.0,9892.0,42,Somewhat bikeable,28,Car-dependent,35,Some transit,Minimal,Extreme,Moderate,Minimal,"Places5 groceries, 32 restaurants, 5 parksTransit68, 87, Express 121, L1, L2, L3, L4, L5, L6, Rapid 568, School 287","Aug 30, 2023",Listed (Active)MLSListings #ML81940265,1399000.0,"Jan 2, 2017",ContingentMLSListings #ML81632150,NA,"Nov 17, 2016",Listed (Active)MLSListings #ML81632150,849000.0,,,,https://www.redfin.com/CA/Morgan-Hill/385-Spring-Hill-Dr-95037/home/1380401,,"Double Sinks, Full on Ground Floor, Primary (Stall Shower(s)), 2+ Showers Over Tubs, Stall Shower, Tile","Dryer, In Utility Room, Inside, Washer, Washer/Dryer","Hardwood, Laminate, Tile",,,,,,,,,,,,,,,,
MLS Listing,,Condo/Co-op,17287 St. Anthony Dr,Morgan Hill,CA,95037,1078000,3.0,3.5,MORGAN HILL,1651.0,,2023.0,33.0,653.0,384.0,Active,October-1-2023 11:00 AM,October-1-2023 04:30 PM,https://www.redfin.com/CA/Morgan-Hill/17287-St-Anthony-Dr-95037/home/186468874,MLSListings,ML81940062,N,Y,37.12961,-121.64144,"Attached Garage, Guest/Visitor Parking",2.0,Dining Area in Family Room,Multi-Zone,Heat Pump,"Individual Electric Meters, Solar Panels - Owned",3.0,"Common Area Electricity, Garbage, Insurance (Common Area), Landscaping/Gardening, Maintenance (Common Area), Reserves",Andalusia of Morgan Hill Homeowners Asso,6,5,8,3.0,653.0,1077994.0,8006.0,70,Very bikeable,66,Somewhat walkable,34,Some transit,Minimal,Severe,Moderate,Minimal,"Places8 groceries, 32 restaurants, 2 parksTransit68, 87, Express 121, L1, L2, L3, L4, L5, L6, Rapid 568, School 287","Aug 30, 2023",Listed (Active)NewHomeSource.com #2523604,1078000.0,"Aug 28, 2023",Listed (Active)MLSListings #ML81940062,1078000.0,,,,,,,https://www.redfin.com/CA/Morgan-Hill/17287-St-Anthony-Dr-95037/home/186468874,Monthly,,,,,,,,,,,,,,,,,,,
MLS Listing,,Single Family Residential,2385 Cimarron Dr,Morgan Hill,CA,95037,988000,4.0,2.0,MORGAN HILL,1907.0,8265.0,1977.0,35.0,518.0,,Active,October-1-2023 02:00 PM,October-1-2023 04:00 PM,https://www.redfin.com/CA/Morgan-Hill/2385-Cimarron-Dr-95037/home/1492894,MLSListings,ML81939979,N,Y,37.1376971,-121.6101474,Attached Garage,2.0,"Eat in Kitchen, Formal Dining Room",Ceiling Fan,Central Forced Air,Other (See Remarks),1.0,,,NA,5,5,2.5,518.0,986899.0,6986.0,37,Somewhat bikeable,20,Car-dependent,0,Minimal transit,Minimal,Severe,Moderate,Minimal,"Places8 groceries, 20 restaurants, 5 parksTransit68, 87, Express 121, L1, L2, L3, L4, L5, L6, Rapid 568, School 287","Sep 23, 2023",Relisted (Active)MLSListings #ML81939979,NA,"Aug 31, 2023",ContingentMLSListings #ML81939979,NA,"Aug 26, 2023",Listed (Active)MLSListings #ML81939979,988000.0,,,,https://www.redfin.com/CA/Morgan-Hill/2385-Cimarron-Dr-95037/home/1492894,,,,Laminate,,,,,,,,,,,,,,,,
MLS Listing,,Single Family Residential,16275 Oak Canyon Dr,Morgan Hill,CA,95037,1575000,4.0,3.0,MORGAN HILL,2509.0,20151.0,1974.0,37.0,628.0,37.0,Active,,,https://www.redfin.com/CA/Morgan-Hill/16275-Oak-Canyon-Dr-95037/home/1288367,MLSListings,ML81939741,N,Y,37.1386365,-121.584782,Attached Garage,3.0,"Eat in Kitchen, No Formal Dining Room","Central Forced Air, Multi-Zone","Electric, Heat Pump, Heating (2+ Zones)","Individual Electric Meters, Individual Gas Meters, Public Utilities",2.0,"Common Area Electricity, Pools, Spa, or Tennis",Jackson Oaks Neighborhood Asso,NA,5,5,2.5,628.0,1551902.0,11173.0,2,Somewhat bikeable,5,Car-dependent,0,Minimal transit,Minimal,Extreme,Moderate,Minimal,"Places8 groceries, 18 restaurants, 5 parksTransit68, 87, Express 121, L1, L2, L3, L4, L5, L6, Rapid 568, School 287","Aug 24, 2023",Listed (Active)MLSListings #ML81939741,1575000.0,"Apr 15, 2004",Listing RemovedMLSListings #ML80381072,NA,"Mar 3, 2004",ListedMLSListings #ML80381072,679950.0,,,,https://www.redfin.com/CA/Morgan-Hill/16275-Oak-Canyon-Dr-95037/home/1288367,Annually,"Double Sinks, Full on Ground Floor, Primary (Stall Shower(s)), Shower and Tub, Shower Over Tub, Tile",Inside,"Hardwood, Stone, Tile",,,,,,,,,,,,,,,,
MLS Listing,,Single Family Residential,535 Calle Viento,Morgan Hill,CA,95037,1199888,4.0,2.5,MORGAN HILL,1936.0,4502.0,2002.0,37.0,620.0,415.0,Active,,,https://www.redfin.com/CA/Morgan-Hill/535-Calle-Viento-95037/home/883112,MLSListings,ML81939649,N,Y,37.137931,-121.652515,Attached Garage,2.0,"Dining Area, Formal Dining Room",Central Forced Air,"Central Forced Air, Central Forced Air (Gas)",Public Utilities,2.0,"Common Area Electricity, Common Area Gas, Exterior Painting, Insurance, Insurance (Common Area), Landscaping/Gardening, Maintenance (Common Area), Maintenance (Exterior), Pools, Spa, or Tennis, Recreation Facility, Roof",Central Park of Morgan Hill,6,5,8,2.5,620.0,1191638.0,8899.0,64,Bikeable,44,Car-dependent,33,Some transit,Minimal,Severe,Moderate,Minimal,"Places2 groceries, 31 restaurants, 3 parksTransit68, 87, Express 121, L1, L2, L3, L4, L5, L6, Rapid 568, School 287","Aug 24, 2023",Listed (Active)MLSListings #ML81939649,1199888.0,,,,,,,,,,https://www.redfin.com/CA/Morgan-Hill/535-Calle-Viento-95037/home/883112,Monthly,"Half on Ground Floor, Marble, Jack & Jill, Primary (Tub w/ Jets)",In Utility Room,,,,,,,,,,,,,,,,,
MLS Listing,,Mobile/Manufactured Home,275 Burnett Ave #56,Morgan Hill,CA,95037,519000,3.0,2.0,MORGAN HILL,1584.0,,2017.0,39.0,328.0,,Active,,,https://www.redfin.com/CA/Morgan-Hill/275-Burnett-Ave-95037/unit-56/home/1011214,MLSListings,ML81939448,N,Y,37.1577167,-121.6726452,"Carport, Covered Parking, Tandem Parking",,"Dining Area, Dining Area in Living Room","Ceiling Fan, Central Forced Air",Central Forced Air,"Individual Electric Meters, Individual Gas Meters",,,,4,5,8,3.0,328.0,506312.0,3670.0,55,Bikeable,12,Car-dependent,27,Some transit,Minimal,Extreme,Moderate,Minimal,"Places3 groceries, 30 restaurants, 1 parkTransit68, 87, Express 121, L1, L2, L3, L4, L5, L6, Rapid 568, School 287","Aug 22, 2023",Listed (Active)MLSListings #ML81939448,519000.0,,,,,,,,,,https://www.redfin.com/CA/Morgan-Hill/275-Burnett-Ave-95037/unit-56/home/1011214,,"Double Sinks, Granite, Shower and Tub, Stall Shower, Tile, Tub",Washer/Dryer,"Carpet, Laminate, Vinyl/Linoleum",,,,,,,,,,,,,,,,
MLS Listing,,Single Family Residential,18302 Corte Simon,Morgan Hill,CA,95037,3422750,5.0,5.5,,6089.0,14386.0,2024.0,40.0,562.0,375.0,Active,,,https://www.redfin.com/CA/Morgan-Hill/18302-Corte-Catalina-95037/home/186938441,"bridgeMLS, Bay East AOR, or Contra Costa AOR",41036706,N,Y,37.1608879,-121.6348076,,4.0,,Central Air,Fireplace(s),"Natural Gas Connected, Individual Electric Meter, Individual Gas Meter",,,,6,5,8,1.75,562.0,,24576.0,34,Somewhat bikeable,0,Car-dependent,13,Minimal transit,NA,NA,NA,NA,"Places5 groceries, 38 restaurants, 5 parksTransit68, 87, Express 121, L1, L2, L3, L4, L5, L6, Rapid 568, School 287","Aug 21, 2023","Listed (New)bridgeMLS, Bay East AOR, or Contra Costa AOR #41036706",3422750.0,,,,,,,,,,https://www.redfin.com/CA/Morgan-Hill/18302-Corte-Catalina-95037/home/186938441,,,,,,,,,,,,,,,,,,,,
MLS Listing,,Single Family Residential,397 Bryce Dr,Morgan Hill,CA,95037,1388500,4.0,2.0,,1994.0,6000.0,1997.0,43.0,696.0,110.0,Active,,,https://www.redfin.com/CA/Morgan-Hill/397-Bryce-Dr-95037/home/1190142,"bridgeMLS, Bay East AOR, or Contra Costa AOR",41036430,N,Y,37.1127647,-121.6496776,,3.0,,"Ceiling Fan(s), Central Air","Forced Air, Natural Gas",All Public Utilities,,,,5,5,8,2.5,696.0,1371215.0,9928.0,49,Somewhat bikeable,48,Car-dependent,34,Some transit,Minimal,Extreme,Moderate,Minimal,"Places6 groceries, 28 restaurants, 3 parksTransit68, 87, Express 121, L1, L2, L3, L4, L5, L6, Rapid 568, School 287","Sep 18, 2023","Price ChangedbridgeMLS, Bay East AOR, or Contra Costa AOR #41036430",1388500.0,"Aug 18, 2023","Listed (New)bridgeMLS, Bay East AOR, or Contra Costa AOR #41036430",1488888.0,,,,,,,https://www.redfin.com/CA/Morgan-Hill/397-Bryce-Dr-95037/home/1190142,,,,"Hardwood Flrs Throughout, Tile",,,,,,,,,,,,,,,,
MLS Listing,,Vacant Land,0 New Ave,Morgan Hill,CA,95037,599000,,,MORGAN HILL,,420354.0,,45.0,,,Active,,,https://www.redfin.com/CA/MORGAN-HILL/0-New-AVE-95037/home/186654919,MLSListings,ML81938708,N,Y,37.1305012,-121.6543901,,,,,,,,,,NA,NA,NA,3.0,,,4235.0,83,Very bikeable,88,Very walkable,39,Some transit,NA,NA,NA,NA,"Places1 grocery, 36 restaurants, 2 parksTransit68, 87, Express 121, L1, L2, L3, L4, L5, L6, Rapid 568, School 287","Aug 16, 2023",Listed (Active)MLSListings #ML81938708,599000.0,"Aug 16, 2023",Listed (Active)MLSListings #ML81938705,599000.0,,,,,,,https://www.redfin.com/CA/MORGAN-HILL/0-New-AVE-95037/home/186654919,,,,,,,,,,,,,,,,,,,,
MLS Listing,,Townhouse,17986 Monterey St,Morgan Hill,CA,95037,895000,3.0,2.5,MORGAN HILL,1817.0,1375.0,2017.0,45.0,493.0,360.0,Active,,,https://www.redfin.com/CA/Morgan-Hill/17986-Monterey-St-95037/home/167551229,MLSListings,ML81937371,N,Y,37.1369164,-121.6596403,"Attached Garage, Guest/Visitor Parking",2.0,"Breakfast Bar, Dining Area in Living Room",Central Forced Air,Central Forced Air,Public Utilities,3.0,"Common Area Electricity, Common Area Gas, Exterior Painting, Garbage, Insurance (Common Area), Insurance (Structure), Landscaping/Gardening, Maintenance (Common Area), Maintenance (Exterior), Maintenance (Road), Management Fee, Reserves, Roof, Sewer",Monterey Parque,6,5,8,2.5,493.0,888950.0,6688.0,76,Very bikeable,62,Somewhat walkable,36,Some transit,Minimal,Extreme,Moderate,Minimal,"Places2 groceries, 20 restaurants, 2 parksTransit68, 87, Express 121, L1, L2, L3, L4, L5, L6, Rapid 568, School 287","Sep 21, 2023",Price ChangedMLSListings #ML81937371,895000.0,"Aug 16, 2023",Listed (Active)MLSListings #ML81937371,920000.0,,,,,,,https://www.redfin.com/CA/Morgan-Hill/17986-Monterey-St-95037/home/167551229,Monthly,,Washer/Dryer,"Carpet, Hardwood, Tile",,,,,,,,,,,,,,,,
MLS Listing,,Vacant Land,0 Kalana Ave,Morgan Hill,CA,95037,1449999,,,MORGAN HILL,,397782.0,,47.0,,,Active,,,https://www.redfin.com/CA/Morgan-Hill/0-Kalana-Ave-95037/home/183577158,MLSListings,ML81938403,N,Y,37.1799433,-121.7024617,,,,,,"Electricity (Available at Street), Gas (Available at Street)",,,,4,5,8,2.5,,1374098.0,10252.0,42,Somewhat bikeable,6,Car-dependent,,,NA,NA,NA,NA,"Places4 groceries, 27 restaurants, 7 parksTransit42, 68, 87, Express 121, L1, L2, L3, L4, L5, L6, Rapid 568, School 287","Aug 14, 2023",Listed (Active)MLSListings #ML81938403,1449999.0,,,,,,,,,,https://www.redfin.com/CA/Morgan-Hill/0-Kalana-Ave-95037/home/183577158,,,,,,,,,,,,,,,,,,,,
MLS Listing,,Other,00 Loma Chiquita Rd,Los Gatos,CA,95033,399000,,,LOS GATOS,,98750.0,,54.0,,,Active,,,https://www.redfin.com/CA/Los-Gatos/Loma-Chiquita-Rd-95033/home/999576,MLSListings,ML81937496,N,Y,37.101722,-121.8033659,,,,,,"Electricity (Available at Street), Electricity (On Site), Gas (On Site), Public Utilities",,,,4,5,8,2.5,,,2821.0,,,0,Car-dependent,,,Minimal,Severe,Minimal,Minimal,"Places10 groceries, 10 restaurants, 22 parksTransit64B, 68, 71, 72, 72W, 75, 83","Aug 7, 2023",Listed (Active)MLSListings #ML81937496,399000.0,"Mar 7, 2023",ListedMLSListings #ML81920795,195000.0,"Mar 7, 2023",Listing RemovedMLSListings #ML81920795,NA,,,,https://www.redfin.com/CA/Los-Gatos/Loma-Chiquita-Rd-95033/home/999576,,,,,,,,,,,,,,,,,,,,
MLS Listing,,Single Family Residential,17416 Walnut Grove Dr,Morgan Hill,CA,95037,2485000,4.0,3.5,,3284.0,12001.0,1996.0,58.0,757.0,,Active,,,https://www.redfin.com/CA/Morgan-Hill/17416-Walnut-Grove-Dr-95037/home/1010798,"bridgeMLS, Bay East AOR, or Contra Costa AOR",41035051,N,Y,37.1383647,-121.6397407,,3.0,,Zoned,Central,,,,,6,5,8,2.5,757.0,2419363.0,17570.0,44,Somewhat bikeable,20,Car-dependent,19,Minimal transit,Minimal,Major,Moderate,Minimal,"Places6 groceries, 34 restaurants, 3 parksTransit68, 87, Express 121, L1, L2, L3, L4, L5, L6, Rapid 568, School 287","Aug 3, 2023","Listed (New)bridgeMLS, Bay East AOR, or Contra Costa AOR #41035051",2485000.0,"Mar 8, 2021",Pending (Pending (Do Not Show))MLSListings #ML81818519,NA,"Feb 19, 2021",Relisted (Active)MLSListings #ML81818519,NA,"Feb 17, 2021",Listing RemovedMLSListings #ML81818519,NA,https://www.redfin.com/CA/Morgan-Hill/17416-Walnut-Grove-Dr-95037/home/1010798,,,,"Hardwood, Tile, Carpet","Nov 2, 2020",Listed (Active)MLSListings #ML81818519,1475000.0,,,,,,,,,,,,,
MLS Listing,,Single Family Residential,2220 Via Santa Elena,Morgan Hill,CA,95037,2988888,5.0,5.5,MORGAN HILL,4477.0,12220.0,2019.0,59.0,668.0,375.0,Active,October-1-2023 11:00 AM,October-1-2023 04:00 PM,https://www.redfin.com/CA/Morgan-Hill/2220-Via-Santa-Elena-95037/home/168907961,MLSListings,ML81937042,N,Y,37.1618588,-121.6332566,Attached Garage,3.0,"Dining Area, Eat in Kitchen","Central Forced Air, Multi-Zone","Central Forced Air, Fireplace, Heating (2+ Zones)","Individual Electric Meters, Individual Gas Meters, Public Utilities, Solar Panels - Owned",2.0,"Common Area Electricity, Common Area Gas, Insurance (Common Area), Landscaping/Gardening, Maintenance (Common Area), Management Fee, Pools, Spa, or Tennis, Recreation Facility, Reserves",Homeowner Association Services,6,5,8,2.5,668.0,2940942.0,21508.0,31,Somewhat bikeable,0,Car-dependent,9,Minimal transit,Minimal,Severe,Moderate,Minimal,"Places5 groceries, 37 restaurants, 5 parksTransit68, 87, Express 121, L1, L2, L3, L4, L5, L6, Rapid 568, School 287","Sep 1, 2023",Price ChangedMLSListings #ML81937042,2988888.0,"Aug 2, 2023",Listed (Active)MLSListings #ML81937042,3280850.0,,,,,,,https://www.redfin.com/CA/Morgan-Hill/2220-Via-Santa-Elena-95037/home/168907961,Monthly,"Double Sinks, Primary (Stall Shower(s)), 2+ Showers Over Tubs, 2+ Stall Shower, Tile, Tub in Master Bedroom, 2+ Tubs, Updated Bath(s)","Dryer, Electricity Hookup (220V), Hookup (Gas Dryer), In Utility Room, Inside, Tub/Sink, Upper Floor, Washer, Washer/Dryer","Carpet, Hardwood, Tile",,,,,,,,,,,,,,,,
MLS Listing,,Single Family Residential,16981 Sara Jane Ln,Morgan Hill,CA,95037,949000,3.0,2.0,MORGAN HILL,1446.0,3663.0,1977.0,61.0,656.0,220.0,Active,,,https://www.redfin.com/CA/Morgan-Hill/16981-Sara-Jane-Ln-95037/home/1171694,MLSListings,ML81936696,N,Y,37.1463166,-121.5965961,Attached Garage,2.0,Formal Dining Room,Central Forced Air,Gas,Public Utilities,1.0,Other (See Remarks),Morning Sun Terrace Homeowners Assoc.,6,5,5,2.5,656.0,948929.0,6930.0,5,Somewhat bikeable,10,Car-dependent,0,Minimal transit,Minimal,Severe,Moderate,Minimal,"Places8 groceries, 20 restaurants, 5 parksTransit68, 87, Express 121, L1, L2, L3, L4, L5, L6, Rapid 568, School 287","Aug 16, 2023",Price ChangedMLSListings #ML81936696,949000.0,"Jul 31, 2023",Listed (Active)MLSListings #ML81936696,959000.0,"Jan 4, 2002",Listing RemovedMLSListings #ML80159570,NA,"Nov 6, 2001",ListedMLSListings #ML80159570,399999.0,https://www.redfin.com/CA/Morgan-Hill/16981-Sara-Jane-Ln-95037/home/1171694,Monthly,,,,,,,,,,,,,,,,,,,
MLS Listing,,Condo/Co-op,18143 Rebollo Ln,Morgan Hill,CA,95037,895500,3.0,2.5,,1480.0,,2023.0,62.0,605.0,378.0,Active,,,https://www.redfin.com/CA/Morgan-Hill/18143-Rebollo-Ln-95037/home/181220694,"bridgeMLS, Bay East AOR, or Contra Costa AOR",41034603,N,Y,37.139286,-121.661552,,2.0,,Zoned,"Zoned, Solar","All Electric, All Public Utilities, Cable Available, Individual Electric Meter",,,,6,5,8,3.0,605.0,894601.0,6710.0,72,Very bikeable,50,Somewhat walkable,35,Some transit,NA,NA,NA,NA,"Places5 groceries, 16 restaurants, 2 parksTransit68, 87, Express 121, L1, L2, L3, L4, L5, L6, Rapid 568, School 287","Sep 26, 2023","Price ChangedbridgeMLS, Bay East AOR, or Contra Costa AOR #41034603",895500.0,"Aug 14, 2023","Price ChangedbridgeMLS, Bay East AOR, or Contra Costa AOR #41034603",949500.0,"Jul 30, 2023","Listed (New)bridgeMLS, Bay East AOR, or Contra Costa AOR #41034603",989960.0,,,,https://www.redfin.com/CA/Morgan-Hill/18143-Rebollo-Ln-95037/home/181220694,,,,"Laminate, Carpet",,,,,,,,,,,,,,,,
MLS Listing,,Single Family Residential,16195 Church St,Morgan Hill,CA,95037,1339999,5.0,2.5,MORGAN HILL,2236.0,9827.0,1956.0,65.0,599.0,,Active,,,https://www.redfin.com/CA/Morgan-Hill/16195-Church-St-95037/home/560216,MLSListings,ML81936375,N,Y,37.1160751,-121.6425258,Attached Garage,1.0,No Formal Dining Room,Central Forced Air,Forced Air,Public Utilities,1.0,,,5,5,8,2.5,599.0,1349673.0,9475.0,79,Very bikeable,72,Very walkable,35,Some transit,Minimal,Major,Moderate,Minimal,"Places3 groceries, 26 restaurants, 0 parksTransit68, 87, Express 121, L1, L2, L3, L4, L5, L6, Rapid 568, School 287","Aug 24, 2023",Price ChangedMLSListings #ML81936375,1339999.0,"Jul 27, 2023",Listed (Active)MLSListings #ML81936375,1389999.0,"Apr 22, 2022",Pending (Pending (Do Not Show))MLSListings #ML81888003,NA,"Apr 21, 2022",Listed (Active)MLSListings #ML81888003,1199999.0,https://www.redfin.com/CA/Morgan-Hill/16195-Church-St-95037/home/560216,,,,,,,,,,,,,,,,,,,,
MLS Listing,,Single Family Residential,17481 Holiday Dr,Morgan Hill,CA,95037,1198000,4.0,2.0,MORGAN HILL,2472.0,23572.0,1977.0,68.0,485.0,88.0,Active,,,https://www.redfin.com/CA/Morgan-Hill/17481-Holiday-Dr-95037/home/1750194,MLSListings,ML81935464,N,Y,37.1548022,-121.6045309,Attached Garage,2.0,Dining Area in Living Room,Ceiling Fan,Central Forced Air (Gas),Public Utilities,2.0,"Insurance (Common Area), Maintenance (Common Area), Maintenance (Road)",Holiday Lake Estates,6,5,5,2.5,485.0,1173005.0,8559.0,8,Somewhat bikeable,0,Car-dependent,,,Minimal,Major,Moderate,Minimal,"Places7 groceries, 26 restaurants, 8 parksTransit68, 87, Express 121, L1, L2, L3, L4, L5, L6, Rapid 568, School 287","Sep 8, 2023",Price ChangedMLSListings #ML81935464,1198000.0,"Aug 18, 2023",Price ChangedMLSListings #ML81935464,1250000.0,"Jul 24, 2023",Listed (Active)MLSListings #ML81935464,1288000.0,,,,https://www.redfin.com/CA/Morgan-Hill/17481-Holiday-Dr-95037/home/1750194,Monthly,"Double Sinks, 2+ Showers Over Tubs, Tile","Inside, Washer/Dryer","Carpet, Laminate, Tile, Vinyl/Linoleum",,,,,,,,,,,,,,,,
MLS Listing,,Single Family Residential,17055 Oak Leaf Dr,Morgan Hill,CA,95037,2638000,3.0,3.5,MORGAN HILL,3788.0,28097.0,2017.0,68.0,696.0,,Active,,,https://www.redfin.com/CA/Morgan-Hill/17055-Oak-Leaf-Dr-95037/home/61794529,MLSListings,ML81935954,N,Y,37.1457896,-121.5983124,"Attached Garage, Electric Car Hookup, Room for Oversized Vehicle",4.0,Dining Area,Central Forced Air,Central Forced Air (Gas),"Individual Electric Meters, Individual Gas Meters, Public Utilities, Solar Panels - Owned",2.0,,,NA,5,5,2.5,696.0,2568889.0,18652.0,6,Somewhat bikeable,7,Car-dependent,0,Minimal transit,Minimal,Severe,Moderate,Minimal,"Places8 groceries, 19 restaurants, 5 parksTransit68, 87, Express 121, L1, L2, L3, L4, L5, L6, Rapid 568, School 287","Aug 14, 2023",Price ChangedMLSListings #ML81935954,2638000.0,"Aug 1, 2023",Price ChangedMLSListings #ML81935954,2688000.0,"Jul 24, 2023",Listed (Active)MLSListings #ML81935954,2749000.0,,,,https://www.redfin.com/CA/Morgan-Hill/17055-Oak-Leaf-Dr-95037/home/61794529,,,"Electricity Hookup (220V), Inside, Tub/Sink","Carpet, Tile, Wood",,,,,,,,,,,,,,,,
MLS Listing,,Townhouse,18224 Hale Ave Unit E,Morgan Hill,CA,95037,669000,2.0,1.5,MORGAN HILL,952.0,1097.0,1976.0,70.0,703.0,310.0,Active,,,https://www.redfin.com/CA/Morgan-Hill/18224-Hale-Ave-95037/unit-E/home/1238104,MLSListings,ML81935898,N,Y,37.1379536,-121.664949,"Assigned Spaces, Carport, Guest/Visitor Parking",,"Eat in Kitchen, No Formal Dining Room",Other (See Remarks),Central Forced Air,"Individual Electric Meters, Individual Gas Meters, Public Utilities",2.0,"Fencing, Insurance (Common Area), Maintenance (Exterior)",Del Monte Village HOA,4,5,8,2.5,703.0,666277.0,5040.0,57,Bikeable,30,Car-dependent,35,Some transit,Minimal,Extreme,Moderate,Minimal,"Places3 groceries, 17 restaurants, 4 parksTransit68, 87, Express 121, L1, L2, L3, L4, L5, L6, Rapid 568, School 287","Jul 31, 2023",Price ChangedMLSListings #ML81935898,669000.0,"Jul 22, 2023",Listed (Active)MLSListings #ML81935898,739950.0,"Jun 16, 2020",ContingentMLSListings #ML81793252,NA,"Jun 3, 2020",Price ChangedMLSListings #ML81793252,479000.0,https://www.redfin.com/CA/Morgan-Hill/18224-Hale-Ave-95037/unit-E/home/1238104,Monthly,,"Inside, Washer/Dryer","Carpet, Laminate","May 20, 2020",Listed (Active)MLSListings #ML81793252,499000.0,,,,,,,,,,,,,
MLS Listing,,Vacant Land,150 Kalana Ave,Morgan Hill,CA,95037,750000,,,MORGAN HILL,,422532.0,,72.0,,,Active,,,https://www.redfin.com/CA/Morgan-Hill/150-Kalana-Ave-95037/home/186161226,MLSListings,ML81935672,N,Y,37.174231,-121.7085908,,,,,,"Electricity (On Site), Gas (On Site)",,,,4,5,8,2.5,,731448.0,5303.0,25,Somewhat bikeable,1,Car-dependent,,,Minimal,Extreme,Moderate,Minimal,"Places4 groceries, 26 restaurants, 6 parksTransit42, 68, 87, Express 121, L1, L2, L3, L4, L5, L6, Rapid 568, School 287","Jul 20, 2023",Listed (Active)MLSListings #ML81935672,750000.0,,,,,,,,,,https://www.redfin.com/CA/Morgan-Hill/150-Kalana-Ave-95037/home/186161226,,,,,,,,,,,,,,,,,,,,
MLS Listing,,Single Family Residential,3757 Ridgeview Ct,Morgan Hill,CA,95037,1799000,4.0,2.5,MORGAN HILL,3012.0,55720.0,1989.0,79.0,597.0,38.0,Active,,,https://www.redfin.com/CA/Morgan-Hill/3757-Ridgeview-Ct-95037/home/1394926,MLSListings,ML81934846,N,Y,37.1473382,-121.5900205,"Attached Garage, Workshop in Garage",3.0,Formal Dining Room,Central Forced Air,Central Forced Air (Gas),"Natural Gas, Public Utilities",1.0,"Management Fee, Pools, Spa, or Tennis, Recreation Facility, Reserves",Jackson Oaks Homeowners Association,NA,5,5,2.5,597.0,1762051.0,12758.0,3,Somewhat bikeable,0,Car-dependent,0,Minimal transit,Minimal,Severe,Moderate,Minimal,"Places9 groceries, 18 restaurants, 5 parksTransit68, 87, Express 121, L1, L2, L3, L4, L5, L6, Rapid 568, School 287","Aug 4, 2023",Price ChangedMLSListings #ML81934846,1799000.0,"Jul 13, 2023",Listed (Active)MLSListings #ML81934846,1900000.0,"May 13, 2009",Listing RemovedMLSListings #ML80911414,NA,"Apr 12, 2009",ContingentMLSListings #ML80911414,NA,https://www.redfin.com/CA/Morgan-Hill/3757-Ridgeview-Ct-95037/home/1394926,Annually,,,,"Mar 5, 2009",ListedMLSListings #ML80911414,925000.0,,,,,,,,,,,,,
MLS Listing,,Vacant Land,1655 W Edmundson Ave,Morgan Hill,CA,95037,2198800,,,MORGAN HILL,,373744.0,,86.0,,,Active,,,https://www.redfin.com/CA/Morgan-Hill/1655-W-Edmundson-Ave-95037/home/185972863,MLSListings,ML81934068,N,Y,37.1014521,-121.6684993,,,,,,"Electricity (On Site), Gas (On Site)",,,,5,5,8,2.5,,2005956.0,15547.0,12,Somewhat bikeable,2,Car-dependent,,,Minimal,Extreme,Moderate,Minimal,"Places5 groceries, 21 restaurants, 6 parksTransit68, 87, Express 121, L1, L2, L3, L4, L5, L6, Rapid 568, School 287","Jul 6, 2023",Listed (Active)MLSListings #ML81934068,2198800.0,"Jun 30, 2023","Listed (New)bridgeMLS, Bay East AOR, or Contra Costa AOR #41031864",2198800.0,,,,,,,https://www.redfin.com/CA/Morgan-Hill/1655-W-Edmundson-Ave-95037/home/185972863,,,,,,,,,,,,,,,,,,,,
MLS Listing,,Other,000 Poli Rd,Morgan Hill,CA,95037,199000,,,MORGAN HILL,,580654.0,,87.0,,,Active,,,https://www.redfin.com/CA/MORGAN-HILL/000-Poli-RD-95037/home/181159185,MLSListings,ML81933873,N,Y,37.1305012,-121.6543901,,,,,,,,,,NA,NA,NA,2.5,,,1407.0,83,Very bikeable,88,Very walkable,39,Some transit,NA,NA,NA,NA,"Places1 grocery, 36 restaurants, 2 parksTransit68, 87, Express 121, L1, L2, L3, L4, L5, L6, Rapid 568, School 287","Jul 5, 2023",Listed (Active)MLSListings #ML81933873,199000.0,,,,,,,,,,https://www.redfin.com/CA/MORGAN-HILL/000-Poli-RD-95037/home/181159185,,,,,,,,,,,,,,,,,,,,
MLS Listing,,Vacant Land,18200 Christeph Dr,Morgan Hill,CA,95037,1225000,,,MORGAN HILL,,47539.0,,94.0,,,Active,,,https://www.redfin.com/CA/Morgan-Hill/18200-Christeph-Dr-95037/home/168908363,MLSListings,ML81933453,N,Y,37.135724,-121.669481,,,,,,"Electricity (Available at Street), Gas (Available at Street), Public Utilities",,,,4,5,8,2.5,,1080764.0,8662.0,13,Somewhat bikeable,27,Car-dependent,33,Some transit,Severe,Extreme,Moderate,Minimal,"Places2 groceries, 14 restaurants, 5 parksTransit68, 87, Express 121, L1, L2, L3, L4, L5, L6, Rapid 568, School 287","Jun 28, 2023",Listed (Active)MLSListings #ML81933453,1225000.0,,,,,,,,,,https://www.redfin.com/CA/Morgan-Hill/18200-Christeph-Dr-95037/home/168908363,,,,,,,,,,,,,,,,,,,,
MLS Listing,,Vacant Land,0 Llagas Rd,Morgan Hill,CA,95037,899000,,,MORGAN HILL,,10018800.0,,114.0,,,Active,,,https://www.redfin.com/CA/Morgan-Hill/Llagas-Rd-95037/home/12461857,MLSListings,ML81931175,N,Y,37.133807,-121.682331,,,,,,Other (See Remarks),,,,4,5,8,3.0,,813268.0,6356.0,2,Somewhat bikeable,7,Car-dependent,16,Minimal transit,Severe,Extreme,Moderate,Minimal,"Places3 groceries, 12 restaurants, 6 parksTransit68, 87, Express 121, L1, L2, L3, L4, L5, L6, Rapid 568, School 287","Jun 8, 2023",Listed (Active)MLSListings #ML81931175,899000.0,,,,,,,,,,https://www.redfin.com/CA/Morgan-Hill/Llagas-Rd-95037/home/12461857,,,,,,,,,,,,,,,,,,,,
MLS Listing,,Single Family Residential,16715 Rita Dr,Morgan Hill,CA,95037,659000,2.0,2.0,MORGAN HILL,915.0,2276.0,1995.0,116.0,720.0,220.0,Active,,,https://www.redfin.com/CA/Morgan-Hill/16715-Rita-Dr-95037/home/1171724,MLSListings,ML81929636,N,Y,37.1264347,-121.6361756,Attached Garage,1.0,Eat in Kitchen,Central Forced Air,Central Forced Air,Public Utilities,1.0,"Maintenance (Common Area), Pools, Spa, or Tennis",Modern Management,5,5,8,2.5,720.0,677464.0,4880.0,61,Bikeable,46,Car-dependent,29,Some transit,Minimal,Moderate,Moderate,Minimal,"Places6 groceries, 26 restaurants, 3 parksTransit68, 87, Express 121, L1, L2, L3, L4, L5, L6, Rapid 568, School 287","Sep 16, 2023",Price ChangedMLSListings #ML81929636,659000.0,"Sep 2, 2023",Price ChangedMLSListings #ML81929636,665000.0,"Jul 10, 2023",Price ChangedMLSListings #ML81929636,669000.0,"Jun 6, 2023",Price ChangedMLSListings #ML81929636,689999.0,https://www.redfin.com/CA/Morgan-Hill/16715-Rita-Dr-95037/home/1171724,Monthly,"Shower Over Tub, Stall Shower",In Garage,Laminate,"Jun 6, 2023",Listed (Active)MLSListings #ML81929636,699999.0,,,,,,,,,,,,,
MLS Listing,,Single Family Residential,7360 Croy Rd,Morgan Hill,CA,95037,1350000,5.0,4.0,MORGAN HILL,3616.0,766656.0,1994.0,117.0,373.0,,Active,October-1-2023 02:30 PM,October-1-2023 04:30 PM,https://www.redfin.com/CA/Morgan-Hill/7360-Croy-Rd-95037/home/11893823,MLSListings,ML81927537,N,Y,37.083354,-121.769898,"Attached Garage, Electric Gate, Gate/Door Opener, Parking Area, Room for Oversized Vehicle, Workshop in Garage",2.0,"Dining Area, Formal Dining Room","Ceiling Fan, Central Forced Air, Multi-Zone","Forced Air, Heating (2+ Zones), Propane",Public Utilities,2.0,,,5,5,8,2.5,373.0,1348834.0,9545.0,,,0,Car-dependent,,,Minimal,Moderate,Minor,Minimal,"Places7 groceries, 6 restaurants, 25 parksTransit68, 71, 72, 72W, 75, 87, Rapid 568","Aug 15, 2023",Price ChangedMLSListings #ML81927537,1350000.0,"Jun 5, 2023",Listed (Active)MLSListings #ML81927537,1498000.0,"Sep 4, 2019",Listing RemovedSDMLS #301599352,NA,"Aug 1, 2019",,NA,https://www.redfin.com/CA/Morgan-Hill/7360-Croy-Rd-95037/home/11893823,,"Double Sinks, Full on Ground Floor, Oversized Tub, Primary (Tub w/ Jets), Shower and Tub, 2+ Showers Over Tubs, 2+ Stall Shower, Tub in Master Bedroom, Updated Bath(s)","Electricity Hookup (110V), Inside","Carpet, Granite, Tile, Wood",,,,,,,,,,,,,,,,
MLS Listing,,Single Family Residential,16391 Reynolds Dr,Morgan Hill,CA,95037,4750000,4.0,5.0,MORGAN HILL,6282.0,90571.0,1999.0,120.0,756.0,,Active,,,https://www.redfin.com/CA/Morgan-Hill/16391-Reynolds-Dr-95037/home/1017565,MLSListings,ML81930009,N,Y,37.1036673,-121.6812874,Attached Garage,4.0,"Eat in Kitchen, Formal Dining Room","Central Forced Air, Window/Wall Unit",Central Forced Air,"Propane On Site, Public Utilities",2.0,,,5,5,8,2.5,756.0,4544987.0,33585.0,,,0,Car-dependent,,,Major,Major,Moderate,Minimal,"Places5 groceries, 21 restaurants, 10 parksTransit68, 87, Express 121, L1, L2, L3, L4, L5, L6, Rapid 568, School 287","Aug 7, 2023",Price ChangedMLSListings #ML81930009,4750000.0,"Jun 2, 2023",Listed (Active)MLSListings #ML81930009,4950000.0,"Aug 27, 2001",Listing RemovedMLSListings #ML80141041,NA,"Jul 21, 2001",ListedMLSListings #ML80141041,3800000.0,https://www.redfin.com/CA/Morgan-Hill/16391-Reynolds-Dr-95037/home/1017565,,"Double Sinks, Full on Ground Floor, Half on Ground Floor, Jack & Jill, Primary (Stall Shower(s)), Primary (Tub w/ Jets), 2+ Showers Over Tubs, 2+ Stall Shower, Steam Shower, Tile","In Utility Room, Tub/Sink, Upper Floor","Carpet, Hardwood, Tile, Travertine",,,,,,,,,,,,,,,,
MLS Listing,,Other,15900 Summit Rd,Watsonville,CA,95076,750000,,,WATSONVILLE,,696960.0,,122.0,,,Active,,,https://www.redfin.com/CA/Watsonville/15900-Summit-Rd-95076/home/187551024,MLSListings,ML81930129,N,Y,37.0613129,-121.7843064,,,,,,"Gas (Not On Site), Other (See Remarks)",,,,6,5,5,3.0,,658179.0,5303.0,5,Somewhat bikeable,0,Car-dependent,,,Minimal,Severe,Minimal,Minimal,"Places11 groceries, 10 restaurants, 20 parksTransit71, 72, 72W, 75","Sep 16, 2023",Price ChangedMLSListings #ML81930129,750000.0,"May 31, 2023",Listed (Active)MLSListings #ML81930129,850000.0,,,,,,,https://www.redfin.com/CA/Watsonville/15900-Summit-Rd-95076/home/187551024,,,,,,,,,,,,,,,,,,,,
MLS Listing,,Single Family Residential,1779 Pinion Way,Morgan Hill,CA,95037,799999,2.0,2.0,MORGAN HILL,1280.0,4390.0,1991.0,134.0,625.0,505.0,Active,,,https://www.redfin.com/CA/Morgan-Hill/1779-Pinion-Way-95037/home/752721,MLSListings,ML81928943,N,Y,37.135874,-121.621367,"Attached Garage, Guest/Visitor Parking, On Street",2.0,No Formal Dining Room,"Ceiling Fan, Central Forced Air",Central Forced Air,Public Utilities,1.0,"Landscaping/Gardening, Maintenance (Common Area), Maintenance (Road), Pools, Spa, or Tennis, Roof",Pine Tree Villas Home Owners Assoc.,6,5,5,2.5,625.0,810544.0,6161.0,55,Bikeable,38,Car-dependent,0,Minimal transit,Minimal,Extreme,Moderate,Minimal,"Places7 groceries, 21 restaurants, 4 parksTransit68, 87, Express 121, L1, L2, L3, L4, L5, L6, Rapid 568, School 287","Aug 28, 2023",Price ChangedMLSListings #ML81928943,799999.0,"Aug 13, 2023",Price ChangedMLSListings #ML81928943,811000.0,"Aug 4, 2023",Price ChangedMLSListings #ML81928943,812000.0,"Jul 28, 2023",Price ChangedMLSListings #ML81928943,813000.0,https://www.redfin.com/CA/Morgan-Hill/1779-Pinion-Way-95037/home/752721,Monthly,"Full on Ground Floor, Oversized Tub, Primary - Oversized Tub, Primary (Tub w/ Jets), Shower Over Tub, Stall Shower, Tub in Master Bedroom",Inside,"Carpet, Hardwood, Vinyl/Linoleum","Jul 23, 2023",Price ChangedMLSListings #ML81928943,814000.0,"Jun 29, 2023",Price ChangedMLSListings #ML81928943,815000.0,"May 19, 2023",Listed (Active)MLSListings #ML81928943,825000.0,,,,,,,
MLS Listing,,Single Family Residential,17101 Kruse Ranch Ln,Morgan Hill,CA,95037,3850000,4.0,2.5,MORGAN HILL,2600.0,1721926.0,1989.0,137.0,1481.0,,Active,,,https://www.redfin.com/CA/Morgan-Hill/17101-Kruse-Ranch-Ln-95037/home/173278714,MLSListings,ML81927718,N,Y,37.143769,-121.60768,Attached Garage,3.0,Formal Dining Room,,"Central Forced Air (Gas), Propane","Propane On Site, Public Utilities",1.0,,,NA,5,5,2.5,1481.0,,27222.0,12,Somewhat bikeable,5,Car-dependent,0,Minimal transit,Minimal,Severe,Moderate,Minimal,"Places8 groceries, 20 restaurants, 5 parksTransit68, 87, Express 121, L1, L2, L3, L4, L5, L6, Rapid 568, School 287","Jul 25, 2023",Listed (Active)MLSListings #ML81936093,3850000.0,"May 16, 2023",Listed (Active)MLSListings #ML81927718,3850000.0,,,,,,,https://www.redfin.com/CA/Morgan-Hill/17101-Kruse-Ranch-Ln-95037/home/173278714,,"Double Sinks, Primary - Oversized Tub, Stall Shower","Electricity Hookup (220V), Hookup (Gas Dryer), Tub/Sink","Carpet, Hardwood, Tile",,,,,,,,,,,,,,,,
MLS Listing,,Single Family Residential,16000 Mt. Madonna Rd,Los Gatos,CA,95033,1250000,2.0,1.0,LOS GATOS,1000.0,1742400.0,1970.0,140.0,1250.0,,Active,,,https://www.redfin.com/CA/Los-Gatos/16000-Mt-Madonna-Rd-95033/home/21841956,MLSListings,ML81928163,N,Y,37.067282,-121.7958087,Detached,2.0,"Dining ""L"", No Formal Dining Room",,Forced Air,"Generator, Propane On Site, Solar Panels - Owned",1.0,,,6,5,5,2.5,1250.0,1166265.0,8838.0,2,Somewhat bikeable,0,Car-dependent,,,Severe,Severe,Minimal,Minimal,"Places9 groceries, 10 restaurants, 21 parksTransit71, 72, 72W, 75","Jul 8, 2023",Listed (Active)MLSListings #ML81934351,1250000.0,"Jun 30, 2023",Price ChangedMLSListings #ML81928163,1250000.0,"May 13, 2023",Listed (Active)MLSListings #ML81928163,1450000.0,,,,https://www.redfin.com/CA/Los-Gatos/16000-Mt-Madonna-Rd-95033/home/21841956,,,,,,,,,,,,,,,,,,,,
MLS Listing,,Vacant Land,3005 Tohara,Morgan Hill,CA,95037,599900,,,MORGAN HILL,,118047.0,,150.0,,,Active,,,https://www.redfin.com/CA/Morgan-Hill/3005-Tohara-Way-95037/home/1017169,MLSListings,ML81926785,N,Y,37.083799,-121.682802,,,,,,"Electricity (Available at Street), Gas (Available at Street), Public Utilities",,,,6,5,5,2.5,,558930.0,4242.0,,,0,Car-dependent,,,Minimal,Moderate,Moderate,Minimal,"Places2 groceries, 17 restaurants, 13 parksTransit68, 87, Express 121, L1, L2, L3, L4, L5, L6, Rapid 568, School 287","Sep 18, 2023",Price ChangedMLSListings #ML81926785,599900.0,"Aug 8, 2023",Price ChangedMLSListings #ML81926785,690000.0,"May 3, 2023",Listed (Active)MLSListings #ML81926785,750000.0,"Feb 14, 2016",ListedSDMLS #301808031,298908.0,https://www.redfin.com/CA/Morgan-Hill/3005-Tohara-Way-95037/home/1017169,,,,,,,,,,,,,,,,,,,,
MLS Listing,,Other,15600 Summit Rd,Morgan Hill,CA,95037,750000,,,MORGAN HILL,,926085.0,,158.0,,,Active,,,https://www.redfin.com/CA/Morgan-Hill/15600-Summit-Rd-95037/home/185224985,MLSListings,ML81925908,N,Y,37.0637542,-121.7866882,,,,,,Other (See Remarks),,,,6,5,5,2.5,,,5303.0,4,Somewhat bikeable,0,Car-dependent,,,Minimal,Severe,Minimal,Minimal,"Places9 groceries, 10 restaurants, 23 parksTransit71, 72, 72W, 75","Apr 25, 2023",Listed (Active)MLSListings #ML81925908,750000.0,,,,,,,,,,https://www.redfin.com/CA/Morgan-Hill/15600-Summit-Rd-95037/home/185224985,,,,,,,,,,,,,,,,,,,,
MLS Listing,,Vacant Land,2235 Liberata Dr,Morgan Hill,CA,95037,1199000,,,MORGAN HILL,,229594.0,,171.0,,,Active,,,https://www.redfin.com/CA/Morgan-Hill/2235-Liberata-Dr-95037/home/177893076,MLSListings,ML81924440,N,Y,37.1556179,-121.620836,,,,,,Gas (Available at Street),,,,6,5,5,2.5,,1098992.0,8478.0,8,Somewhat bikeable,0,Car-dependent,,,Minimal,Extreme,Moderate,Minimal,"Places6 groceries, 29 restaurants, 7 parksTransit68, 87, Express 121, L1, L2, L3, L4, L5, L6, Rapid 568, School 287","Apr 12, 2023",Listed (Active)MLSListings #ML81924440,1199000.0,,,,,,,,,,https://www.redfin.com/CA/Morgan-Hill/2235-Liberata-Dr-95037/home/177893076,,,,,,,,,,,,,,,,,,,,
MLS Listing,,Other,4417 Casa Loma Rd,Morgan Hill,CA,95037,375000,,,MORGAN HILL,,971280.0,,195.0,,,Active,,,https://www.redfin.com/CA/Morgan-Hill/4417-Casa-Loma-Rd-95037/home/661131,MLSListings,ML81884348,N,Y,37.1154036,-121.8028099,,,,,,,,,,4,5,8,3.0,,,2651.0,,,0,Car-dependent,,,Minimal,Moderate,Minor,Minimal,"Places4 groceries, 16 restaurants, 22 parksTransit27, 42, 64B, 66, 68, 72W, 83, Blue (Trsa-StJa), Blue Line, Blue Line (Bayp-Capt), Blue Line Modified, Blue Line Special, Blue-Event, Blue-South Portion, BlueS, Event Blue, Event-Blue, Express 102, Levi's - Santa Teresa","Jun 5, 2023",Price ChangedMLSListings #ML81884348,375000.0,"Jun 1, 2023",Relisted (Active)MLSListings #ML81884348,NA,"Jun 10, 2022",Pending (Pending (Do Not Show))MLSListings #ML81884348,NA,"Mar 28, 2022",Listed (Active)MLSListings #ML81884348,359900.0,https://www.redfin.com/CA/Morgan-Hill/4417-Casa-Loma-Rd-95037/home/661131,,,,,"Dec 31, 2018",Listing RemovedSDMLS #301824039,NA,"Jun 27, 2017",,NA,,,,,,,,,,
MLS Listing,,Vacant Land,2101 Dahlberg Dr,Morgan Hill,CA,95037,349000,,,MORGAN HILL,,131291.0,,198.0,,,Active,,,https://www.redfin.com/CA/Morgan-Hill/2101-Dahlberg-Dr-95037/home/102304783,MLSListings,ML81921778,N,Y,37.1170093,-121.6862288,,,,,,Electricity (Available at Street),,,,5,5,8,3.0,,324220.0,2468.0,4,Somewhat bikeable,0,Car-dependent,,,Moderate,Moderate,Moderate,Minimal,"Places2 groceries, 16 restaurants, 8 parksTransit68, 87, Express 121, L1, L2, L3, L4, L5, L6, Rapid 568, School 287","Jun 6, 2023",Price ChangedMLSListings #ML81921778,349000.0,"May 17, 2023",Price ChangedMLSListings #ML81921778,374000.0,"Mar 16, 2023",Listed (Active)MLSListings #ML81921778,399000.0,"Dec 31, 2017",Listing RemovedSDMLS #301804813,NA,https://www.redfin.com/CA/Morgan-Hill/2101-Dahlberg-Dr-95037/home/102304783,,,,,"Sep 16, 2015",,NA,,,,,,,,,,,,,
MLS Listing,,Vacant Land,0 Dahlberg Dr,Morgan Hill,CA,95037,399000,,,MORGAN HILL,,125892.0,,207.0,,,Active,,,https://www.redfin.com/CA/Morgan-Hill/Dahlberg-Dr-95037/home/17494903,MLSListings,ML81920855,N,Y,37.119868,-121.686232,,,,,,Electricity (Available at Street),,,,5,5,8,3.0,,371435.0,2821.0,,,0,Car-dependent,0,Minimal transit,Minimal,Major,Moderate,Minimal,"Places2 groceries, 16 restaurants, 6 parksTransit68, 87, Express 121, L1, L2, L3, L4, L5, L6, Rapid 568, School 287","Mar 7, 2023",Listed (Active)MLSListings #ML81920855,399000.0,"May 13, 2022",Pending (Pending (Do Not Show))MLSListings #ML81891633,NA,"May 13, 2022",Listed (Contingent)MLSListings #ML81891633,NA,"May 13, 2022",ListedMLSListings #ML81891633,799888.0,https://www.redfin.com/CA/Morgan-Hill/Dahlberg-Dr-95037/home/17494903,,,,,,,,,,,,,,,,,,,,
MLS Listing,,Vacant Land,1860 Llagas Rd,Morgan Hill,CA,95037,848000,,,MORGAN HILL,,2230401.0,,233.0,,,Active,,,https://www.redfin.com/CA/Morgan-Hill/1860-Llagas-Rd-95037/home/23468049,MLSListings,ML81918023,N,Y,37.1224585,-121.686243,,,,,,"Electricity (Available at Street), Gas (Available at Street), Public Utilities",,,,4,5,8,2.5,,789191.0,5996.0,,,0,Car-dependent,0,Minimal transit,Minimal,Severe,Moderate,Minimal,"Places2 groceries, 15 restaurants, 6 parksTransit68, 87, Express 121, L1, L2, L3, L4, L5, L6, Rapid 568, School 287","Apr 29, 2023",Price ChangedMLSListings #ML81918023,848000.0,"Feb 9, 2023",Listed (Active)MLSListings #ML81918023,895000.0,"Feb 29, 2016",Listing RemovedMLSListings #ML81519637,NA,"Feb 19, 2016",ContingentMLSListings #ML81519637,NA,https://www.redfin.com/CA/Morgan-Hill/1860-Llagas-Rd-95037/home/23468049,,,,,"Oct 20, 2015",Listed (Active)MLSListings #ML81519637,699000.0,,,,,,,,,,,,,
MLS Listing,,Other,0 Croy,Morgan Hill,CA,95037,240000,,,MORGAN HILL,,435600.0,,234.0,,,Active,,,https://www.redfin.com/CA/Morgan-Hill/Croy-Unknown/home/176142939,MLSListings,ML81918269,N,Y,37.1305012,-121.6543901,,,,,,Gas (Not On Site),,,,NA,NA,NA,3.0,,,1697.0,83,Very bikeable,88,Very walkable,39,Some transit,NA,NA,NA,NA,"Places1 grocery, 36 restaurants, 2 parksTransit68, 87, Express 121, L1, L2, L3, L4, L5, L6, Rapid 568, School 287","Jun 5, 2023",Price ChangedMLSListings #ML81918269,240000.0,"Feb 8, 2023",Listed (Active)MLSListings #ML81918269,250000.0,,,,,,,https://www.redfin.com/CA/Morgan-Hill/Croy-Unknown/home/176142939,,,,,,,,,,,,,,,,,,,,
MLS Listing,,Other,1 Little Uvas,Morgan Hill,CA,95037,480000,,,MORGAN HILL,,1742400.0,,242.0,,,Active,,,https://www.redfin.com/CA/Unknown/1-Little-Uvas-Rd-95037/home/169756814,MLSListings,ML81917592,N,Y,37.1114312,-121.7570368,,,,,,Gas (On Site),,,,NA,NA,NA,2.5,,,3394.0,,,1,Car-dependent,,,NA,NA,NA,NA,"Places3 groceries, 7 restaurants, 21 parksTransit68, 83, 87, Express 121, L1, L2, L3, L4, L5, L6, Rapid 568, School 287","Mar 6, 2023",Price ChangedMLSListings #ML81917592,480000.0,"Jan 31, 2023",Listed (Active)MLSListings #ML81917592,499000.0,"Aug 26, 2016",ListedSDMLS #301822496,486000.0,,,,https://www.redfin.com/CA/Unknown/1-Little-Uvas-Rd-95037/home/169756814,,,,,,,,,,,,,,,,,,,,
MLS Listing,,Other,0 Poli Rd,Morgan Hill,CA,95037,360000,,,MORGAN HILL,,1742400.0,,286.0,,,Active,,,https://www.redfin.com/CA/MORGAN-HILL/0-Poli-RD-95037/home/163393686,MLSListings,ML81915041,N,Y,37.1305012,-121.6543901,,,,,,"Electricity (Available at Street), Gas (TBD)",,,,NA,NA,NA,4.0,,,2545.0,83,Very bikeable,88,Very walkable,39,Some transit,NA,NA,NA,NA,"Places1 grocery, 36 restaurants, 2 parksTransit68, 87, Express 121, L1, L2, L3, L4, L5, L6, Rapid 568, School 287","Jun 2, 2023",Price ChangedMLSListings #ML81915041,360000.0,"Dec 18, 2022",Listed (Active)MLSListings #ML81915041,350000.0,"Feb 22, 2020",Pending (Pending (Do Not Show))MLSListings #ML81748401,NA,"Nov 25, 2019",Relisted (Active)MLSListings #ML81748401,NA,https://www.redfin.com/CA/MORGAN-HILL/0-Poli-RD-95037/home/163393686,,,,,"Nov 19, 2019",Pending (Pending (Do Not Show))MLSListings #ML81748401,NA,"Apr 23, 2019",Listed (Active)MLSListings #ML81748401,289000.0,,,,,,,,,,
MLS Listing,,Other,1730 Tennant Ave,Morgan Hill,CA,95037,2495000,,,MORGAN HILL,,435600.0,,306.0,,,Active,,,https://www.redfin.com/CA/Morgan-Hill/1730-Tennant-Ave-95037/home/1162491,MLSListings,ML81913796,N,Y,37.1234549,-121.6142481,,,,,,Other (See Remarks),,,,NA,5,5,2.5,,,17641.0,36,Somewhat bikeable,11,Car-dependent,,,Minimal,Severe,Moderate,Minimal,"Places5 groceries, 23 restaurants, 3 parksTransit68, 87, Express 121, L1, L2, L3, L4, L5, L6, Rapid 568, School 287","Nov 28, 2022",Listed (Active)MLSListings #ML81913796,2495000.0,,,,,,,,,,https://www.redfin.com/CA/Morgan-Hill/1730-Tennant-Ave-95037/home/1162491,,,,,,,,,,,,,,,,,,,,
MLS Listing,,Single Family Residential,18600 Castle Ridge Dr,Morgan Hill,CA,95037,2799000,5.0,6.5,MORGAN HILL,6200.0,104279.0,2002.0,318.0,451.0,66.0,Active,,,https://www.redfin.com/CA/Morgan-Hill/18600-Castle-Ridge-Dr-95037/home/1643190,MLSListings,ML81910632,N,Y,37.1360124,-121.6842274,"Attached Garage, Gate/Door Opener, Guest/Visitor Parking, Off-Site Parking",5.0,"Breakfast Bar, Breakfast Nook, Dining Area, Formal Dining Room",Central Forced Air,Central Forced Air,Public Utilities,3.0,"Maintenance (Common Area), Maintenance (Road)",Castle Ridge HOA,4,5,8,2.25,451.0,2694609.0,19857.0,2,Somewhat bikeable,5,Car-dependent,12,Minimal transit,Minimal,Extreme,Moderate,Minimal,"Places3 groceries, 11 restaurants, 6 parksTransit68, 87, Express 121, L1, L2, L3, L4, L5, L6, Rapid 568, School 287","Aug 2, 2023",Price ChangedMLSListings #ML81910632,2799000.0,"Jun 5, 2023",Price ChangedMLSListings #ML81910632,2999000.0,"Nov 16, 2022",Listed (Active)MLSListings #ML81910632,3199000.0,"Jan 31, 2007",Listing RemovedMLSListings #ML80657646,NA,https://www.redfin.com/CA/Morgan-Hill/18600-Castle-Ridge-Dr-95037/home/1643190,Monthly,"Double Sinks, Full on Ground Floor, Half on Ground Floor, Oversized Tub, Primary - Oversized Tub, Tub w/Jets","Electricity Hookup (110V), Hookup (Gas Dryer), Tub/Sink","Carpet, Hardwood, Marble, Stone, Tile","Sep 12, 2006",ListedMLSListings #ML80657646,1998875.0,,,,,,,,,,,,,
MLS Listing,,Vacant Land,14500 Monterey Hwy,Unincorporated,CA,95406,895000,,,Unincorporated,,10000.0,,337.0,,,Active,,,https://www.redfin.com/CA/Santa-Rosa/14500-Monterey-HWY-95406/home/182534901,CRMLS,PI22231487,N,Y,37.099892,-121.621312,,,,,,,,,,NA,5,5,2.0,,816416.0,5431.0,34,Somewhat bikeable,16,Car-dependent,,,Moderate,Severe,Moderate,Minimal,"Places5 groceries, 19 restaurants, 1 parkTransit68, 87, Express 121, L1, L2, L3, L4, L5, L6, Rapid 568, School 287","Oct 28, 2022",Listed (Active)CRMLS #PI22231487,895000.0,,,,,,,,,,https://www.redfin.com/CA/Santa-Rosa/14500-Monterey-HWY-95406/home/182534901,,,,,,,,,,,,,,,,,,,,
MLS Listing,,Vacant Land,0 Palm Ave,Morgan Hill,CA,95037,1399900,,,MORGAN HILL,,66938.0,,430.0,,,Active,,,https://www.redfin.com/CA/Morgan-Hill/0-Palm-Ave-95037/home/183047374,MLSListings,ML81901786,N,Y,37.1839165,-121.7057971,,,,,,,,,,4,5,8,2.5,,1296079.0,9898.0,48,Somewhat bikeable,7,Car-dependent,,,NA,NA,NA,NA,"Places4 groceries, 27 restaurants, 8 parksTransit42, 68, 87, Express 121, L1, L2, L3, L4, L5, L6, Rapid 568, School 287","Sep 18, 2023",Relisted (Active)MLSListings #ML81901786,NA,"Sep 5, 2023",ContingentMLSListings #ML81901786,NA,"Jul 27, 2022",Listed (Active)MLSListings #ML81901786,1399900.0,"Sep 4, 2018",Pending (Pending (Do Not Show))MLSListings #ML81718976,NA,https://www.redfin.com/CA/Morgan-Hill/0-Palm-Ave-95037/home/183047374,,,,,"Aug 14, 2018",Listed (Active)MLSListings #ML81718976,1349000.0,,,,,,,,,,,,,
MLS Listing,,Other,0 Dunne Ave,Morgan Hill,CA,95037,499888,,,MORGAN HILL,,984623.0,,442.0,,650.0,Active,,,https://www.redfin.com/CA/Morgan-Hill/Dunne-Ave-95037/home/23468444,MLSListings,ML81900436,N,Y,37.148441,-121.557952,,,,,,Other (See Remarks),,Maintenance (Road),LARA,NA,5,5,2.5,,,4185.0,,,0,Car-dependent,,,Minimal,Severe,Minor,Minimal,"Places8 groceries, 18 restaurants, 6 parksTransit68, 87, Express 121, L1, L2, L3, L4, L5, L6, Rapid 568, School 287","Feb 8, 2023",Price ChangedMLSListings #ML81900436,499888.0,"Jul 15, 2022",Listed (Active)MLSListings #ML81900436,899000.0,"Aug 11, 2011",Pending (Pending Without Release)MLSListings #ML81131165,NA,"Jul 15, 2011",Listed (Active)MLSListings #ML81131165,385000.0,https://www.redfin.com/CA/Morgan-Hill/Dunne-Ave-95037/home/23468444,,,,,,,,,,,,,,,,,,,,
MLS Listing,,Single Family Residential,2215 Liberata Dr,Morgan Hill,CA,95037,9850000,5.0,6.0,MORGAN HILL,7490.0,486095.0,2005.0,508.0,1315.0,,Active,,,https://www.redfin.com/CA/Morgan-Hill/2215-Liberata-Dr-95037/home/35656250,MLSListings,ML81890987,N,Y,37.1534993,-121.6230063,"Attached Garage, Detached",4.0,"Breakfast Room, Dining Area, Formal Dining Room",Central Forced Air,Central Forced Air,"Individual Electric Meters, Individual Gas Meters",2.0,,,6,5,5,2.5,1315.0,9097548.0,69646.0,10,Somewhat bikeable,2,Car-dependent,,,Minimal,Major,Moderate,Minimal,"Places6 groceries, 29 restaurants, 7 parksTransit68, 87, Express 121, L1, L2, L3, L4, L5, L6, Rapid 568, School 287","May 9, 2023",Price ChangedMLSListings #ML81890987,9850000.0,"Aug 17, 2022",Price ChangedMLSListings #ML81890987,11500000.0,"May 10, 2022",Listed (Active)MLSListings #ML81890987,11888000.0,"Dec 22, 1998",Listing RemovedMLSListings #ML89815352,NA,https://www.redfin.com/CA/Morgan-Hill/2215-Liberata-Dr-95037/home/35656250,,"Marble, Primary (Tub w/ Jets), Shower and Tub","Hookup (Gas Dryer), Washer/Dryer","Carpet, Hardwood, Marble","Apr 20, 1998",ListedMLSListings #ML89815352,639000.0,,,,,,,,,,,,,
MLS Listing,,Vacant Land,0 Sleepy Valley Rd,Morgan Hill,CA,95037,2777000,,,MORGAN HILL,,11345128.0,,552.0,,,Active,,,https://www.redfin.com/CA/Unincorporated/00-SLEEPY-VALLEY-RD-95037/home/187366922,MLSListings,ML81884184,N,Y,37.2187714,-121.5826642,,,,,,"Electricity (Available at Street), Electricity (Not On Site)",,,,NA,NA,NA,2.5,,,19635.0,,,0,Car-dependent,,,Minimal,Severe,Minor,Minimal,"Places4 groceries, 35 restaurants, 7 parksTransit68, 87, Express 121, L1, L2, L3, L4, L5, L6, Rapid 568, School 287","Mar 27, 2022",Listed (Active)MLSListings #ML81884184,2777000.0,,,,,,,,,,https://www.redfin.com/CA/Unincorporated/00-SLEEPY-VALLEY-RD-95037/home/187366922,,,,,,,,,,,,,,,,,,,,
MLS Listing,,Other,19900 Dougherty Ave,Morgan Hill,CA,95037,1899000,,,MORGAN HILL,,522053.0,,556.0,,,Active,,,https://www.redfin.com/CA/Morgan-Hill/19900-Dougherty-Ave-95037/home/21838693,MLSListings,ML81883082,N,Y,37.158738,-121.682588,,,,,,Electricity (Available at Street),,,,4,5,8,2.5,,,13427.0,39,Somewhat bikeable,3,Car-dependent,,,Minimal,Extreme,Moderate,Minimal,"Places3 groceries, 28 restaurants, 3 parksTransit68, 87, Express 121, L1, L2, L3, L4, L5, L6, Rapid 568, School 287","Sep 28, 2022",Relisted (Active)MLSListings #ML81883082,NA,"Sep 23, 2022",Listing RemovedMLSListings #ML81883082,NA,"Mar 18, 2022",Listed (Active)MLSListings #ML81883082,1899000.0,"Sep 1, 2015",Listing RemovedSDMLS #301820456,NA,https://www.redfin.com/CA/Morgan-Hill/19900-Dougherty-Ave-95037/home/21838693,,,,,"Mar 2, 2015",,NA,,,,,,,,,,,,,
MLS Listing,,Other,10868 Dougherty Ave,Morgan Hill,CA,95037,1649000,,,MORGAN HILL,,435835.0,,561.0,,,Active,,,https://www.redfin.com/CA/Morgan-Hill/10868-Dougherty-Ave-95037/home/807367,MLSListings,ML81883083,N,Y,37.162888,-121.686841,,,,,,"Electricity (Available at Street), Gas (Available at Street)",,,,4,5,8,2.5,,,11659.0,36,Somewhat bikeable,3,Car-dependent,30,Some transit,Minimal,Extreme,Moderate,Minimal,"Places3 groceries, 30 restaurants, 2 parksTransit68, 87, Express 121, L1, L2, L3, L4, L5, L6, Rapid 568, School 287","Mar 18, 2022",Listed (Active)MLSListings #ML81883083,1649000.0,,,,,,,,,,https://www.redfin.com/CA/Morgan-Hill/10868-Dougherty-Ave-95037/home/807367,,,,,,,,,,,,,,,,,,,,
MLS Listing,,Vacant Land,5070 Fallen Oak Dr,Morgan Hill,CA,95037,950000,,,MORGAN HILL,,1742400.0,,661.0,,,Active,,,https://www.redfin.com/CA/Morgan-Hill/5070-Fallen-Oak-Dr-95037/home/21838226,MLSListings,ML81869685,N,Y,37.1024984,-121.7501567,,,,,,"Electricity (LESS than 500 feet away), Gas (Not On Site), Generator, Natural Gas, Public Utilities, Wind",,,,5,5,8,2.5,,869491.0,6717.0,,,6,Car-dependent,,,Minimal,Major,Moderate,Minimal,"Places2 groceries, 6 restaurants, 24 parksTransit68, 87, Express 121, L1, L2, L3, L4, L5, L6, Rapid 568, School 287","Feb 14, 2023",Price ChangedMLSListings #ML81869685,950000.0,"Jan 9, 2023",Relisted (Active)MLSListings #ML81869685,NA,"Jan 1, 2023",Listing RemovedMLSListings #ML81869685,NA,"Apr 7, 2022",Relisted (Active)MLSListings #ML81869685,NA,https://www.redfin.com/CA/Morgan-Hill/5070-Fallen-Oak-Dr-95037/home/21838226,,,,,"Mar 8, 2022",Listing RemovedMLSListings #ML81869685,NA,"Jan 28, 2022",Price ChangedMLSListings #ML81869685,1250000.0,"Nov 30, 2021",Listed (Active)MLSListings #ML81869685,1350000.0,"Apr 26, 2014",900000.0,,,,,ListedSDMLS #301895434
For-Sale-by-Owner Listing,,Mobile/Manufactured Home,275 Burnett Ave,Morgan Hill,CA,95037,325000,2.0,2.0,Morgan Hill,1600.0,,1975.0,67.0,203.0,,Active,,,https://www.redfin.com/CA/Morgan-Hill/275-Burnett-Ave-95037/home/1207260,Fizber.com,11497662,N,Y,37.1577167,-121.6726452,,,,,,,,,,4,5,8,,203.0,309682.0,2298.0,55,Bikeable,12,Car-dependent,27,Some transit,Minimal,Extreme,Moderate,Minimal,"Places3 groceries, 30 restaurants, 1 parkTransit68, 87, Express 121, L1, L2, L3, L4, L5, L6, Rapid 568, School 287","Jul 24, 2023",Listed (Active)Fizber.com #11497662,325000.0,"May 18, 2016","ListedbridgeMLS, Bay East AOR, or Contra Costa AOR #51879567",75000.0,,,,,,,https://www.redfin.com/CA/Morgan-Hill/275-Burnett-Ave-95037/home/1207260,,,,,,,,,,,,,,,,,,,,
New Construction Home,,Townhouse,17277 St. Anthony Dr,Morgan Hill,CA,95037,1036000,3.0,2.5,Andalusia,1731.0,,2023.0,46.0,598.0,,Active,,,https://www.redfin.com/CA/Morgan-Hill/17277-St-Anthony-Dr-95037/home/186468873,NewHomeSource.com,2512277,N,Y,37.12961,-121.64144,,,,,,,3.0,,,6,5,8,,598.0,1035680.0,7325.0,70,Very bikeable,66,Somewhat walkable,34,Some transit,Minimal,Severe,Moderate,Minimal,"Places8 groceries, 32 restaurants, 2 parksTransit68, 87, Express 121, L1, L2, L3, L4, L5, L6, Rapid 568, School 287",,,,,,,,,,,,,https://www.redfin.com/CA/Morgan-Hill/17277-St-Anthony-Dr-95037/home/186468873,,,,,,,,,,,,,,,,,,,,
New Construction Home,,Townhouse,17217 St. Anthony Dr,Morgan Hill,CA,95037,1043000,3.0,2.5,Andalusia,,,2023.0,46.0,,,Active,,,https://www.redfin.com/CA/Morgan-Hill/17217-St-Anthony-Dr-95037/home/185814694,NewHomeSource.com,2512278,N,Y,37.12961,-121.64144,,,,,,,3.0,,,6,5,8,,,1035380.0,7375.0,70,Very bikeable,66,Somewhat walkable,34,Some transit,Minimal,Severe,Moderate,Minimal,"Places8 groceries, 32 restaurants, 2 parksTransit68, 87, Express 121, L1, L2, L3, L4, L5, L6, Rapid 568, School 287",,,,,,,,,,,,,https://www.redfin.com/CA/Morgan-Hill/17217-St-Anthony-Dr-95037/home/185814694,,,,,,,,,,,,,,,,,,,,
New Construction Plan,,Single Family Residential,Venice,Morgan Hill,CA,95037,3324995,5.0,5.5,Borello Ranch Estates,6089.0,,,,546.0,,Active,,,https://www.redfin.com/CA/Morgan-Hill/Borello-Ranch-Estates/Venice/home/182485115,NewHomeSource.com,Plan-251958531,N,Y,37.157138,-121.632887,,,,,,,2.0,,,6,5,5,,546.0,,23510.0,37,Somewhat bikeable,0,Car-dependent,15,Minimal transit,Minimal,Severe,Moderate,Minimal,"Places5 groceries, 39 restaurants, 5 parksTransit68, 87, Express 121, L1, L2, L3, L4, L5, L6, Rapid 568, School 287",,,,,,,,,,,,,https://www.redfin.com/CA/Morgan-Hill/Borello-Ranch-Estates/Venice/home/182485115,,,,,,,,,,,,,,,,,,,,
New Construction Plan,,Single Family Residential,Simona,Morgan Hill,CA,95037,2924995,5.0,5.5,Borello Ranch Estates,5333.0,,,,548.0,,Active,,,https://www.redfin.com/CA/Morgan-Hill/Borello-Ranch-Estates/Simona/home/182485118,NewHomeSource.com,Plan-251958530,N,Y,37.157138,-121.632887,,,,,,,2.0,,,6,5,5,,548.0,,20682.0,37,Somewhat bikeable,0,Car-dependent,15,Minimal transit,Minimal,Severe,Moderate,Minimal,"Places5 groceries, 39 restaurants, 5 parksTransit68, 87, Express 121, L1, L2, L3, L4, L5, L6, Rapid 568, School 287",,,,,,,,,,,,,https://www.redfin.com/CA/Morgan-Hill/Borello-Ranch-Estates/Simona/home/182485118,,,,,,,,,,,,,,,,,,,,
New Construction Plan,,Single Family Residential,Naples,Morgan Hill,CA,95037,2824995,5.0,5.5,Borello Ranch Estates,5122.0,,,,552.0,,Active,,,https://www.redfin.com/CA/Morgan-Hill/Borello-Ranch-Estates/Naples/home/182485119,NewHomeSource.com,Plan-241958529,N,Y,37.157138,-121.632887,,,,,,,2.0,,,6,5,5,,552.0,,19974.0,37,Somewhat bikeable,0,Car-dependent,15,Minimal transit,Minimal,Severe,Moderate,Minimal,"Places5 groceries, 39 restaurants, 5 parksTransit68, 87, Express 121, L1, L2, L3, L4, L5, L6, Rapid 568, School 287",,,,,,,,,,,,,https://www.redfin.com/CA/Morgan-Hill/Borello-Ranch-Estates/Naples/home/182485119,,,,,,,,,,,,,,,,,,,,
New Construction Plan,,Single Family Residential,Milazzo,Morgan Hill,CA,95037,3024995,5.0,5.5,Borello Ranch Estates,4865.0,,,,622.0,,Active,,,https://www.redfin.com/CA/Morgan-Hill/Borello-Ranch-Estates/Milazzo/home/182485120,NewHomeSource.com,Plan-241958528,N,Y,37.157138,-121.632887,,,,,,,1.0,,,6,5,5,,622.0,,21389.0,37,Somewhat bikeable,0,Car-dependent,15,Minimal transit,Minimal,Severe,Moderate,Minimal,"Places5 groceries, 39 restaurants, 5 parksTransit68, 87, Express 121, L1, L2, L3, L4, L5, L6, Rapid 568, School 287",,,,,,,,,,,,,https://www.redfin.com/CA/Morgan-Hill/Borello-Ranch-Estates/Milazzo/home/182485120,,,,,,,,,,,,,,,,,,,,
