SALE TYPE,SOLD DATE,PROPERTY TYPE,ADDRESS,CITY,STATE OR PROVINCE,ZIP OR POSTAL CODE,PRICE,BEDS,BATHS,LOCATION,SQUARE FEET,LOT SIZE,YEAR BUILT,DAYS ON MARKET,$/SQUARE FEET,HOA/MONTH,STATUS,NEXT OPEN HOUSE START TIME,NEXT OPEN HOUSE END TIME,URL,SOURCE,MLS#,FAVORITE,INTERESTED,LATITUDE,LONGITUDE,PARK_DESCRIPTION,HAS_GARAGE,BATH_DESCRIPTION,DINNING_DESC,LAUNDARY_FEATURES,FLOORING_FEATURES,COOLING_FEATURES,HEATING_FEATURES,UTILITIES,NUM_STORIES,FEES_INCLUDE,HOA_FEE_FREQ,HOA_NAME,ELEMENTARY_SCHOOL_RATING,MIDDLE_SCHOOL_RATING,HIGH_SCHOOL_RATING,BUYER_AGENCY_COMPENSATION,PRICE_PR_SQFT,REDFIN_ESTIMATE,EST_MONTHLY_PAY,Bike Score,Bike Score_type,Walk Score,Walk Score_type,Flood Factor,Fire Factor,Heat Factor,Wind Factor,OVERALL_NEARBY_PLACES,PRICE_HISTORY1_EVENT_DATE,PRICE_HISTORY1_EVENT_TYPE,PRICE_HISTORY1_PRICE,PRICE_HISTORY2_EVENT_DATE,PRICE_HISTORY2_EVENT_TYPE,PRICE_HISTORY2_PRICE,PRICE_HISTORY3_EVENT_DATE,PRICE_HISTORY3_PRICE,url,PRICE_HISTORY3_EVENT_TYPE,PRICE_HISTORY4_EVENT_DATE,PRICE_HISTORY4_EVENT_TYPE,PRICE_HISTORY4_PRICE,PRICE_HISTORY5_EVENT_DATE,PRICE_HISTORY5_EVENT_TYPE,PRICE_HISTORY5_PRICE,PRICE_HISTORY6_EVENT_DATE,PRICE_HISTORY6_EVENT_TYPE,PRICE_HISTORY6_PRICE,PRICE_HISTORY7_EVENT_DATE,PRICE_HISTORY7_EVENT_TYPE,PRICE_HISTORY7_PRICE,PRICE_HISTORY8_EVENT_DATE,PRICE_HISTORY8_EVENT_TYPE,PRICE_HISTORY8_PRICE,PRICE_HISTORY9_EVENT_DATE,PRICE_HISTORY9_EVENT_TYPE,PRICE_HISTORY9_PRICE,PRICE_HISTORY10_EVENT_DATE,PRICE_HISTORY10_EVENT_TYPE,PRICE_HISTORY10_PRICE,PRICE_HISTORY11_EVENT_DATE,PRICE_HISTORY11_EVENT_TYPE,PRICE_HISTORY11_PRICE,PRICE_HISTORY12_EVENT_DATE,PRICE_HISTORY12_EVENT_TYPE,PRICE_HISTORY12_PRICE
MLS Listing,,Single Family Residential,8911 Del Rio Cir,Gilroy,CA,95020,880000,3.0,2.5,GILROY,1886.0,3239.0,2000.0,15.0,467.0,79.0,Active,October-1-2023 01:30 PM,October-1-2023 04:00 PM,https://www.redfin.com/CA/Gilroy/8911-Del-Rio-Cir-95020/home/1695327,MLSListings,ML81942075,N,Y,37.0259216,-121.5833107,"Attached Garage, Common Parking Area, Guest/Visitor Parking, Parking Restrictions",2.0,"Double Sinks, Primary (Stall Shower(s)), Tub in Master Bedroom",Dining Area in Living Room,"Dryer, Electricity Hookup (220V), In Utility Room, Inside, Washer","Carpet, Laminate, Tile, Vinyl/Linoleum",Central Forced Air,Central Forced Air (Gas),Public Utilities,2.0,"Common Area Electricity, Insurance (Common Area), Landscaping/Gardening, Maintenance (Common Area), Maintenance (Road)",Monthly,Santa Fe of Gilroy,5,5,6,2.0,467.0,884831.0,6301.0,70,Very bikeable,44,Car-dependent,Minimal,Moderate,Moderate,Minimal,"Places8 groceries, 20 restaurants, 2 parksTransit68, 84, 85, 86, Express 121, Intercounty, L1, L2, L3, L4, L5, L6, Rapid 568","Sep 15, 2023",Listed (Active)MLSListings #ML81942075,880000.0,"Aug 15, 2023",Listing RemovedCRMLS #FR23116907,NA,"Jun 29, 2023",NA,https://www.redfin.com/CA/Gilroy/8911-Del-Rio-Cir-95020/home/1695327,,,,,,,,,,,,,,,,,,,,,,,,,,,,
MLS Listing,,Single Family Residential,767 Maria Way,Gilroy,CA,95020,699500,4.0,2.5,GILROY,1924.0,6000.0,1965.0,1.0,364.0,,Active,October-1-2023 01:00 PM,October-1-2023 04:00 PM,https://www.redfin.com/CA/Gilroy/767-Maria-Way-95020/home/961796,MLSListings,ML81942254,N,Y,37.022163,-121.5877095,Attached Garage,2.0,"Half on Ground Floor, Stall Shower, Tub","Breakfast Nook, Dining Area, Eat in Kitchen","Hookup (Gas Dryer), In Garage","Carpet, Hardwood, Tile, Vinyl/Linoleum",Ceiling Fan,"Central Forced Air, Fireplace, Gas",Public Utilities,2.0,,,,5,5,6,2.5,364.0,702849.0,4946.0,73,Very bikeable,53,Somewhat walkable,Minimal,Moderate,Moderate,Minimal,"Places10 groceries, 27 restaurants, 1 parkTransit68, 84, 85, 86, Express 121, Intercounty, L1, L2, L3, L4, L5, L6, Rapid 568","Sep 30, 2023",Listed (Active)MLSListings #ML81942254,699500.0,,,,,,https://www.redfin.com/CA/Gilroy/767-Maria-Way-95020/home/961796,,,,,,,,,,,,,,,,,,,,,,,,,,,,
MLS Listing,,Single Family Residential,936 Martiri Ct,Gilroy,CA,95020,1247777,4.0,2.5,GILROY,2274.0,6401.0,2000.0,1.0,549.0,,Active,October-1-2023 02:00 PM,October-1-2023 04:00 PM,https://www.redfin.com/CA/Gilroy/936-Martiri-Ct-95020/home/1721322,MLSListings,ML81943651,N,Y,37.0266028,-121.5972711,"Assigned Spaces, Attached Garage",3.0,,Formal Dining Room,,,Central Forced Air,Central Forced Air (Gas),Public Utilities,2.0,,,,5,4,6,2.5,549.0,1248251.0,8823.0,57,Bikeable,23,Car-dependent,Minimal,Severe,Moderate,Minimal,"Places7 groceries, 29 restaurants, 4 parksTransit68, 84, 85, 86, Express 121, Intercounty, L1, L2, L3, L4, L5, L6, Rapid 568","Sep 29, 2023",Listed (Active)MLSListings #ML81943651,1247777.0,"Oct 15, 2019",ContingentMLSListings #ML81766642,NA,"Oct 2, 2019",865000.0,https://www.redfin.com/CA/Gilroy/936-Martiri-Ct-95020/home/1721322,Price ChangedMLSListings #ML81766642,"Sep 23, 2019",Price ChangedMLSListings #ML81766642,869000.0,"Aug 30, 2019",Listed (Active)MLSListings #ML81766642,879000.0,,,,,,,,,,,,,,,,,,,,,
MLS Listing,,Single Family Residential,8120 Catalina Ct,Gilroy,CA,95020,1299888,4.0,2.0,GILROY,3489.0,10046.0,1974.0,2.0,373.0,,Active,,,https://www.redfin.com/CA/Gilroy/8120-Catalina-Ct-95020/home/1812322,MLSListings,ML81943512,N,Y,37.0143155,-121.6005636,Attached Garage,2.0,"Double Sinks, Full on Ground Floor, Shower and Tub, 2+ Showers Over Tubs, Skylight, 2+ Stall Shower, Updated Bath(s)","Dining Area, Eat in Kitchen, Skylight(s)",,"Carpet, Hardwood, Tile",Central Forced Air,Central Forced Air,Public Utilities,1.0,,,,4,5,6,2.5,373.0,1298644.0,9191.0,60,Bikeable,60,Somewhat walkable,Minimal,Severe,Moderate,Minimal,"Places7 groceries, 31 restaurants, 4 parksTransit68, 84, 85, 86, Express 121, Intercounty, L1, L2, L3, L4, L5, L6, Rapid 568","Sep 28, 2023",Listed (Active)MLSListings #ML81943512,1299888.0,"Aug 10, 2022",Pending (Pending (Do Not Show))MLSListings #ML81901012,NA,"Jul 20, 2022",1675000.0,https://www.redfin.com/CA/Gilroy/8120-Catalina-Ct-95020/home/1812322,Listed (Active)MLSListings #ML81901012,,,,,,,,,,,,,,,,,,,,,,,,,,,
MLS Listing,,Single Family Residential,1838 Rosemary Dr,Gilroy,CA,95020,1350000,5.0,4.5,GILROY,3008.0,5023.0,2016.0,2.0,449.0,101.0,Active,October-1-2023 01:00 PM,October-1-2023 04:00 PM,https://www.redfin.com/CA/Gilroy/1838-Rosemary-Dr-95020/home/143041751,MLSListings,ML81943269,N,Y,37.0086459,-121.6100137,"Attached Garage, Common Parking Area, Guest/Visitor Parking, On Street",3.0,"Double Sinks, Full on Ground Floor, Half on Ground Floor, Oversized Tub, Primary - Oversized Tub, Primary (Stall Shower(s)), Shower and Tub, Tub in Master Bedroom",Formal Dining Room,"Inside, Tub/Sink, Upper Floor","Carpet, Laminate, Tile",Central Forced Air,Central Forced Air (Gas),"Individual Electric Meters, Individual Gas Meters, Public Utilities, Solar Panels - Owned",2.0,"Common Area Electricity, Insurance (Common Area), Maintenance (Common Area)",Monthly,Vierra Moore,5,5,4,2.5,449.0,1347684.0,9646.0,18,Somewhat bikeable,10,Car-dependent,Minimal,Severe,Moderate,Minimal,"Places5 groceries, 29 restaurants, 6 parksTransit68, 84, 85, 86, Express 121, Intercounty, L1, L2, L3, L4, L5, L6, Rapid 568","Sep 28, 2023",Listed (Active)MLSListings #ML81943269,1350000.0,,,,,,https://www.redfin.com/CA/Gilroy/1838-Rosemary-Dr-95020/home/143041751,,,,,,,,,,,,,,,,,,,,,,,,,,,,
MLS Listing,,Single Family Residential,8559 Silvia St,Gilroy,CA,95020,999000,4.0,2.0,GILROY,2034.0,6300.0,1985.0,2.0,491.0,,Active,October-1-2023 01:30 PM,October-1-2023 04:30 PM,https://www.redfin.com/CA/Gilroy/8559-Silvia-St-95020/home/1632536,MLSListings,ML81943423,N,Y,37.018785,-121.5951696,Attached Garage,2.0,"Double Sinks, Shower Over Tub, Stall Shower, Tile, Tub","Breakfast Bar, No Formal Dining Room",Electricity Hookup (220V),"Carpet, Hardwood, Tile","Ceiling Fan, Central Forced Air, Whole House Fan","Forced Air, Solar",Public Utilities,2.0,,,,5,4,6,2.5,491.0,1002576.0,7064.0,76,Very bikeable,45,Car-dependent,Minimal,Severe,Moderate,Minimal,"Places7 groceries, 34 restaurants, 1 parkTransit68, 84, 85, 86, Express 121, Intercounty, L1, L2, L3, L4, L5, L6, Rapid 568","Sep 28, 2023",Listed (Active)MLSListings #ML81943423,999000.0,"May 26, 2011",Pending (Contingent)MLSListings #ML81121852,NA,"May 21, 2011",357000.0,https://www.redfin.com/CA/Gilroy/8559-Silvia-St-95020/home/1632536,Price ChangedMLSListings #ML81121852,"May 16, 2011",Listed (Active)MLSListings #ML81121852,349900.0,,,,,,,,,,,,,,,,,,,,,,,,
MLS Listing,,Single Family Residential,1767 Fennel Pl,Gilroy,CA,95020,1248000,4.0,3.0,GILROY,2656.0,5076.0,2015.0,3.0,470.0,101.0,Active,October-1-2023 12:00 PM,October-1-2023 03:00 PM,https://www.redfin.com/CA/Gilroy/1767-Fennel-Pl-95020/home/112869062,MLSListings,ML81943332,N,Y,37.0089821,-121.6064477,"Attached Garage, Gate/Door Opener, Guest/Visitor Parking, On Street",3.0,,"Dining Area in Family Room, Eat in Kitchen, No Formal Dining Room","Electricity Hookup (220V), Upper Floor, Washer/Dryer","Carpet, Tile, Other (See Remarks)","Ceiling Fan, Central Forced Air, Multi-Zone","Central Forced Air (Gas), Heating (2+ Zones)","Public Utilities, Solar Panels - Owned",2.0,"Common Area Electricity, Insurance (Common Area), Maintenance (Common Area), Reserves, Other (See Remarks)",Monthly,Grayson Community Management,5,5,4,2.5,470.0,1254703.0,8925.0,32,Somewhat bikeable,8,Car-dependent,Minimal,Severe,Moderate,Minimal,"Places6 groceries, 29 restaurants, 5 parksTransit68, 84, 85, 86, Express 121, Intercounty, L1, L2, L3, L4, L5, L6, Rapid 568","Sep 27, 2023",Listed (Active)MLSListings #ML81943332,1248000.0,"Oct 15, 2021",Pending (Pending (Do Not Show))MLSListings #ML81858939,NA,"Sep 24, 2021",1099000.0,https://www.redfin.com/CA/Gilroy/1767-Fennel-Pl-95020/home/112869062,Price ChangedMLSListings #ML81858939,"Aug 25, 2021",Listed (Active)MLSListings #ML81858939,1150000.0,,,,,,,,,,,,,,,,,,,,,,,,
MLS Listing,,Single Family Residential,751 Tennyson Dr,Gilroy,CA,95020,739950,2.0,2.0,GILROY,1055.0,3500.0,2005.0,3.0,701.0,197.0,Active,October-1-2023 01:00 PM,October-1-2023 04:00 PM,https://www.redfin.com/CA/Gilroy/751-Tennyson-Dr-95020/home/2122298,MLSListings,ML81941104,N,Y,37.0121666,-121.5852102,"Attached Garage, Guest/Visitor Parking",1.0,"Shower Over Tub, Stall Shower",Dining Area in Living Room,"Inside, Washer/Dryer","Carpet, Hardwood, Tile, Vinyl/Linoleum","Ceiling Fan, Central Forced Air",Central Forced Air,Public Utilities,1.0,"Maintenance (Common Area), Pools, Spa, or Tennis",Monthly,Compass Management,4,5,4,2.5,701.0,752732.0,5429.0,73,Very bikeable,75,Very walkable,Minimal,Severe,Moderate,Minimal,"Places8 groceries, 29 restaurants, 3 parksTransit68, 84, 85, 86, Express 121, Intercounty, L1, L2, L3, L4, L5, L6, Rapid 568","Sep 27, 2023",Listed (Active)MLSListings #ML81941104,739950.0,"Feb 26, 2016",Pending (Pending (Do Not Show))MLSListings #ML81549021,NA,"Feb 9, 2016",NA,https://www.redfin.com/CA/Gilroy/751-Tennyson-Dr-95020/home/2122298,ContingentMLSListings #ML81549021,"Feb 1, 2016",Listed (Active)MLSListings #ML81549021,495000.0,,,,,,,,,,,,,,,,,,,,,,,,
MLS Listing,,Single Family Residential,1140 Bonino Way,Gilroy,CA,95020,1126000,4.0,3.0,GILROY,2489.0,3836.0,2016.0,4.0,452.0,153.0,Active,October-1-2023 01:00 PM,October-1-2023 04:00 PM,https://www.redfin.com/CA/Gilroy/1140-Bonino-Way-95020/home/143042536,MLSListings,ML81943220,N,Y,36.9895343,-121.5828552,"Attached Garage, Off-Street Parking",2.0,"Double Sinks, Full on Ground Floor, Primary (Stall Shower(s)), Shower Over Tub, Solid Surface, 2+ Stall Shower, Tile, Tub in Master Bedroom, 2+ Tubs","Breakfast Bar, Dining Area in Family Room, Dining Bar, Eat in Kitchen, No Formal Dining Room","In Utility Room, Upper Floor, Washer/Dryer","Carpet, Tile","Central Forced Air, Multi-Zone",Central Forced Air (Gas),Public Utilities,2.0,"Maintenance (Common Area), Management Fee, Reserves, Other (See Remarks)",,Glen Loma Ranch Master Association,5,5,4,2.5,452.0,1138985.0,8115.0,47,Somewhat bikeable,7,Car-dependent,Minimal,Severe,Moderate,Minimal,"Places2 groceries, 22 restaurants, 9 parksTransit68, 84, 85, 86, Express 121, Intercounty, L1, L2, L3, L4, L5, L6, Rapid 568","Sep 26, 2023",Listed (Active)MLSListings #ML81943220,1126000.0,,,,,,https://www.redfin.com/CA/Gilroy/1140-Bonino-Way-95020/home/143042536,,,,,,,,,,,,,,,,,,,,,,,,,,,,
MLS Listing,,Single Family Residential,823 Sunrise Dr,Gilroy,CA,95020,1289000,4.0,3.5,GILROY,3449.0,9272.0,2013.0,4.0,374.0,,Active,October-1-2023 12:00 PM,October-1-2023 02:00 PM,https://www.redfin.com/CA/Gilroy/823-Sunrise-Dr-95020/home/40176200,MLSListings,ML81940703,N,Y,37.0333474,-121.5985747,"Attached Garage, Detached",3.0,"Granite, Half on Ground Floor, Primary (Stall Shower(s)), Shower Over Tub, Stall Shower, 2+ Stall Shower, Tile, Tub, Tub in Master Bedroom","Dining Area, Dining Area in Family Room, Eat in Kitchen","Dryer, Inside, Washer","Carpet, Hardwood, Tile",Central Forced Air,"Central Forced Air, Heating (2+ Zones)",Public Utilities,2.0,,,,4,5,6,2.5,374.0,1314075.0,9114.0,49,Somewhat bikeable,15,Car-dependent,Minimal,Extreme,Moderate,Minimal,"Places8 groceries, 28 restaurants, 4 parksTransit68, 84, 85, 86, Express 121, Intercounty, L1, L2, L3, L4, L5, L6, Rapid 568","Sep 26, 2023",Listed (Active)MLSListings #ML81940703,1289000.0,"Sep 24, 2013",Pending (Pending (Do Not Show))MLSListings #ML81329535,NA,"Aug 12, 2013",853489.0,https://www.redfin.com/CA/Gilroy/823-Sunrise-Dr-95020/home/40176200,Listed (Active)MLSListings #ML81329535,,,,,,,,,,,,,,,,,,,,,,,,,,,
MLS Listing,,Vacant Land,0 Hecker Pass Hwy,Gilroy,CA,95020,999000,,,GILROY,,540579.0,,4.0,,,Active,,,https://www.redfin.com/CA/Gilroy/Hecker-Pass-Hwy-95020/home/40272027,MLSListings,ML81943130,N,Y,37.013397,-121.630746,,,,,,,,,Electricity (Available at Street),,,,,5,5,6,2.0,,984202.0,7064.0,26,Somewhat bikeable,10,Car-dependent,Major,Moderate,Moderate,Minimal,"Places5 groceries, 23 restaurants, 4 parksTransit68, 84, 85, 86, Express 121, Intercounty, L1, L2, L3, L4, L5, L6, Rapid 568","Sep 26, 2023",Listed (Active)MLSListings #ML81943130,999000.0,"May 22, 2018",Delisted (Off-Market)BAREIS #21805690,NA,"Mar 4, 2018",NA,https://www.redfin.com/CA/Gilroy/Hecker-Pass-Hwy-95020/home/40272027,,,,,,,,,,,,,,,,,,,,,,,,,,,,
MLS Listing,,Single Family Residential,7180 Orchard Dr,Gilroy,CA,95020,1050000,4.0,2.0,GILROY,2014.0,7383.0,1976.0,4.0,521.0,,Active,,,https://www.redfin.com/CA/Gilroy/7180-Orchard-Dr-95020/home/1068477,MLSListings,ML81943124,N,Y,36.9998608,-121.5787693,"Attached Garage, On Street",2.0,Shower and Tub,"Breakfast Nook, Dining Area",,Laminate,,Central Forced Air,Public Utilities,1.0,,,,2,5,4,2.5,521.0,1054067.0,7424.0,63,Bikeable,38,Car-dependent,Minimal,Severe,Moderate,Minimal,"Places3 groceries, 23 restaurants, 8 parksTransit68, 84, 85, 86, Express 121, Intercounty, L1, L2, L3, L4, L5, L6, Rapid 568","Sep 26, 2023",Listed (Active)MLSListings #ML81943124,1050000.0,"Dec 5, 2022",ContingentMLSListings #ML81904340,NA,"Nov 22, 2022",950000.0,https://www.redfin.com/CA/Gilroy/7180-Orchard-Dr-95020/home/1068477,Price ChangedMLSListings #ML81904340,"Sep 1, 2022",Price ChangedMLSListings #ML81904340,999000.0,"Aug 18, 2022",Listed (Active)MLSListings #ML81904340,1049000.0,,,,,,,,,,,,,,,,,,,,,
MLS Listing,,Single Family Residential,7281 Miller Ave,Gilroy,CA,95020,1049900,3.0,2.0,GILROY,2107.0,7700.0,1971.0,5.0,498.0,,Active,October-1-2023 01:00 PM,October-1-2023 04:00 PM,https://www.redfin.com/CA/Gilroy/7281-Miller-Ave-95020/home/1470541,MLSListings,ML81943023,N,Y,37.0014737,-121.5822526,Attached Garage,2.0,,Dining Area in Family Room,Inside,Hardwood,Central Forced Air,Central Forced Air,Public Utilities,1.0,,,,4,5,4,2.5,498.0,1059745.0,7423.0,58,Bikeable,34,Car-dependent,Moderate,Severe,Moderate,Minimal,"Places6 groceries, 26 restaurants, 8 parksTransit68, 84, 85, 86, Express 121, Intercounty, L1, L2, L3, L4, L5, L6, Rapid 568","Sep 25, 2023",Listed (Active)MLSListings #ML81943023,1049900.0,"Nov 18, 2020",Pending (Pending (Do Not Show))MLSListings #ML81820604,NA,"Nov 18, 2020",699000.0,https://www.redfin.com/CA/Gilroy/7281-Miller-Ave-95020/home/1470541,Listed (Active)MLSListings #ML81820604,,,,,,,,,,,,,,,,,,,,,,,,,,,
MLS Listing,,Single Family Residential,761 Tatum Ave,Gilroy,CA,95020,899900,4.0,2.5,Gilroy,1422.0,3443.0,2000.0,7.0,633.0,,Active,,,https://www.redfin.com/CA/Gilroy/761-Tatum-Ave-95020/home/1021298,CRMLS,PI23178355,N,Y,37.0273978,-121.5925672,,2.0,,,,,,,,2.0,,,,4,5,6,2.5,633.0,940921.0,6363.0,50,Bikeable,21,Car-dependent,Minimal,Severe,Moderate,Minimal,"Places7 groceries, 30 restaurants, 2 parksTransit68, 84, 85, 86, Express 121, Intercounty, L1, L2, L3, L4, L5, L6, Rapid 568","Sep 23, 2023",Listed (Active)CRMLS #PI23178355,899900.0,,,,,,https://www.redfin.com/CA/Gilroy/761-Tatum-Ave-95020/home/1021298,,,,,,,,,,,,,,,,,,,,,,,,,,,,
MLS Listing,,Single Family Residential,1554 Bianca Way,Gilroy,CA,95020,648500,3.0,2.0,GILROY,1293.0,1175.0,2003.0,8.0,502.0,253.0,Active,,,https://www.redfin.com/CA/Gilroy/1554-Bianca-Way-95020/home/1693064,MLSListings,ML81942862,N,Y,37.0098952,-121.6011542,"Attached Garage, Common Parking Area, Guest/Visitor Parking, On Street",1.0,"Double Sinks, Full on Ground Floor, Primary (Stall Shower(s)), Shower Over Tub",No Formal Dining Room,"In Garage, Washer/Dryer","Carpet, Hardwood","Ceiling Fan, Central Forced Air",Central Forced Air,Public Utilities,2.0,"Common Area Electricity, Common Area Gas, Fencing, Insurance (Common Area), Landscaping/Gardening, Maintenance (Common Area), Maintenance (Road), Management Fee, Pools, Spa, or Tennis, Recreation Facility, Reserves",Monthly,Management Cost Controls,5,5,4,2.0,502.0,650987.0,4838.0,49,Somewhat bikeable,50,Somewhat walkable,Minimal,Severe,Moderate,Minimal,"Places7 groceries, 33 restaurants, 3 parksTransit68, 84, 85, 86, Express 121, Intercounty, L1, L2, L3, L4, L5, L6, Rapid 568","Sep 22, 2023",Listed (Active)MLSListings #ML81942862,648500.0,,,,,,https://www.redfin.com/CA/Gilroy/1554-Bianca-Way-95020/home/1693064,,,,,,,,,,,,,,,,,,,,,,,,,,,,
MLS Listing,,Single Family Residential,8540 El Matador Dr,Gilroy,CA,95020,1350000,3.0,2.5,GILROY,2394.0,73420.0,1977.0,9.0,564.0,,Active,October-1-2023 01:00 PM,October-1-2023 04:00 PM,https://www.redfin.com/CA/Gilroy/8540-El-Matador-Dr-95020/home/1325392,MLSListings,ML81942805,N,Y,37.0190091,-121.6563612,Attached Garage,2.0,"Half on Ground Floor, Primary (Stall Shower(s))",Dining Area,"Inside, Washer/Dryer","Carpet, Hardwood",Central Forced Air,Other (See Remarks),Propane On Site,2.0,,,,5,5,6,2.5,564.0,1364486.0,9545.0,,,3,Car-dependent,Minimal,Major,Moderate,Minimal,"Places2 groceries, 19 restaurants, 10 parksTransit68, 84, 85, 86, Express 121, L1, L2, L3, L4, L5, L6, Rapid 568, School 287","Sep 21, 2023",Listed (Active)MLSListings #ML81942805,1350000.0,,,,,,https://www.redfin.com/CA/Gilroy/8540-El-Matador-Dr-95020/home/1325392,,,,,,,,,,,,,,,,,,,,,,,,,,,,
MLS Listing,,Single Family Residential,4680 Meritage Ct,Gilroy,CA,95020,2499950,4.0,4.5,GILROY,4327.0,106767.0,1999.0,10.0,578.0,215.0,Active,October-1-2023 01:00 PM,October-1-2023 04:00 PM,https://www.redfin.com/CA/Gilroy/4680-Meritage-Ct-95020/home/1025355,MLSListings,ML81942622,N,Y,37.0117818,-121.654022,Attached Garage,3.0,"Full on Ground Floor, Primary - Oversized Tub, Primary (Stall Shower(s)), Shower Over Tub, 2+ Showers Over Tubs, Tile",Formal Dining Room,Inside,Tile,Central Forced Air,Central Forced Air,"Individual Electric Meters, Individual Gas Meters, Propane On Site",1.0,"Maintenance (Common Area), Maintenance (Road)",Monthly,Meritage Homeowner Association,5,5,4,2.5,578.0,2482517.0,17891.0,4,Somewhat bikeable,2,Car-dependent,Minimal,Major,Moderate,Minimal,"Places4 groceries, 19 restaurants, 10 parksTransit68, 84, 85, 86, Express 121, Intercounty, L1, L2, L3, L4, L5, L6, Rapid 568, School 287","Sep 20, 2023",Listed (Active)MLSListings #ML81942622,2499950.0,,,,,,https://www.redfin.com/CA/Gilroy/4680-Meritage-Ct-95020/home/1025355,,,,,,,,,,,,,,,,,,,,,,,,,,,,
MLS Listing,,Multi-Family (2-4 Unit),7101 Rosanna St,Gilroy,CA,95020,1299000,6.0,3.0,GILROY,2080.0,6792.0,1959.0,11.0,625.0,,Active,,,https://www.redfin.com/CA/Gilroy/7101-Rosanna-St-95020/home/1604420,MLSListings,ML81942514,N,Y,37.0007977,-121.5704719,"Attached Garage, Detached, Lighted Parking Area, On Street",1.0,,,Hookups Only,Laminate,,Wall Furnace,"Individual Electric Meters, Individual Gas Meters, Natural Gas, Public Utilities",1.0,,,,2,5,4,2.5,625.0,1300183.0,9185.0,82,Very bikeable,74,Very walkable,Minimal,Severe,Moderate,Minimal,"Places3 groceries, 29 restaurants, 4 parksTransit68, 84, 85, 86, Express 121, Intercounty, L1, L2, L3, L4, L5, L6, Rapid 568","Sep 19, 2023",Listed (Active)MLSListings #ML81942514,1299000.0,"Jul 24, 2018",ListedSDMLS #301743080,899950.0,,,https://www.redfin.com/CA/Gilroy/7101-Rosanna-St-95020/home/1604420,,,,,,,,,,,,,,,,,,,,,,,,,,,,
MLS Listing,,Single Family Residential,1391 3rd St,Gilroy,CA,95020,899000,3.0,2.0,GILROY,1207.0,7717.0,1977.0,15.0,745.0,,Active,,,https://www.redfin.com/CA/Gilroy/1391-3rd-St-95020/home/1023489,MLSListings,ML81942021,N,Y,37.0086601,-121.5966305,Attached Garage,2.0,"Shower and Tub, Shower Over Tub, Stall Shower","Breakfast Nook, Dining Area","Electricity Hookup (220V), Hookup (Gas Dryer), In Garage",Other (See Remarks),Central Forced Air,Central Forced Air,Public Utilities,1.0,,,,4,5,4,2.5,745.0,910425.0,6356.0,50,Bikeable,52,Somewhat walkable,Minimal,Severe,Moderate,Minimal,"Places7 groceries, 33 restaurants, 3 parksTransit68, 84, 85, 86, Express 121, Intercounty, L1, L2, L3, L4, L5, L6, Rapid 568","Sep 15, 2023",Listed (Active)MLSListings #ML81942021,899000.0,"Jul 26, 2013",Pending (Pending (Do Not Show))MLSListings #ML81322388,NA,"Jul 3, 2013",NA,https://www.redfin.com/CA/Gilroy/1391-3rd-St-95020/home/1023489,Pending (Pending Without Release)MLSListings #ML81322388,"Jun 22, 2013",Listed (Active)MLSListings #ML81322388,458800.0,,,,,,,,,,,,,,,,,,,,,,,,
MLS Listing,,Single Family Residential,9579 Via Del Cielo,Gilroy,CA,95020,2950000,4.0,3.5,GILROY,5000.0,435600.0,2001.0,16.0,590.0,167.0,Active,October-1-2023 01:00 PM,October-1-2023 04:00 PM,https://www.redfin.com/CA/Gilroy/9579-Via-Del-Cielo-95020/home/23472773,MLSListings,ML81940697,N,Y,37.0627491,-121.5320493,"Attached Garage, Detached, Gate/Door Opener, Guest/Visitor Parking, Room for Oversized Vehicle",3.0,"Double Sinks, Primary - Oversized Tub, 2+ Stall Shower","Breakfast Bar, Breakfast Nook, Dining Area in Living Room","Electricity Hookup (220V), Inside, Washer/Dryer","Carpet, Tile","Central Forced Air, Multi-Zone","Central Forced Air, Heating (2+ Zones), Propane","Propane On Site, Public Utilities, Solar Panels - Owned",1.0,"Maintenance (Road), Reserves, Other (See Remarks)",Annually,Golden Heights,4,5,6,2.5,590.0,2941437.0,21025.0,3,Somewhat bikeable,0,Car-dependent,Minimal,Severe,Moderate,Minimal,"Places4 groceries, 14 restaurants, 3 parksTransit68, 84, 85, 86, Express 121, Intercounty, L1, L2, L3, L4, L5, L6, Rapid 568","Sep 14, 2023",Listed (Active)MLSListings #ML81940697,2950000.0,"Dec 16, 2015",Pending (Pending (Do Not Show))MLSListings #ML81486372,NA,"Nov 19, 2015",NA,https://www.redfin.com/CA/Gilroy/9579-Via-Del-Cielo-95020/home/23472773,ContingentMLSListings #ML81486372,"Nov 4, 2015",Price ChangedMLSListings #ML81486372,1399950.0,"Jul 22, 2015",Listed (Active)MLSListings #ML81486372,1599000.0,,,,,,,,,,,,,,,,,,,,,
MLS Listing,,Single Family Residential,8415 Marcella Ave,Gilroy,CA,95020,1395000,4.0,3.0,GILROY,1588.0,112634.0,1976.0,16.0,878.0,,Active,,,https://www.redfin.com/CA/Gilroy/8415-Marcella-Ave-95020/home/765978,MLSListings,ML81941382,N,Y,37.0286211,-121.5533014,"No Garage, Parking Area, Uncovered Parking",,"Double Sinks, Full on Ground Floor, Primary (Stall Shower(s)), Shower Over Tub, Skylight, Stall Shower, Stone",Dining Area,"Electricity Hookup (110V), Electricity Hookup (220V), In Utility Room, Washer/Dryer","Laminate, Tile",Central Forced Air,Central Forced Air (Gas),Public Utilities,1.0,,,,4,5,6,2.25,878.0,1403030.0,9864.0,29,Somewhat bikeable,14,Car-dependent,Moderate,Moderate,Moderate,Minimal,"Places2 groceries, 22 restaurants, 1 parkTransit68, 84, 85, 86, Express 121, Intercounty, L1, L2, L3, L4, L5, L6, Rapid 568","Sep 14, 2023",Listed (Active)MLSListings #ML81941382,1395000.0,"Aug 1, 2017",Pending (Pending (Do Not Show))MLSListings #ML81670086,NA,"Jul 22, 2017",NA,https://www.redfin.com/CA/Gilroy/8415-Marcella-Ave-95020/home/765978,ContingentMLSListings #ML81670086,"Jul 14, 2017",Listed (Active)MLSListings #ML81670086,815900.0,,,,,,,,,,,,,,,,,,,,,,,,
MLS Listing,,Single Family Residential,1301 Peregrine Dr,Gilroy,CA,95020,1250000,5.0,2.5,GILROY,2635.0,7592.0,1997.0,17.0,474.0,,Active,October-1-2023 01:30 PM,October-1-2023 04:00 PM,https://www.redfin.com/CA/Gilroy/1301-Peregrine-Dr-95020/home/1573408,MLSListings,ML81941383,N,Y,37.0325357,-121.6062396,Attached Garage,2.0,,Formal Dining Room,Inside,"Laminate, Tile",Central Forced Air,Central Forced Air,"Public Utilities, Solar Panels - Leased",2.0,,,,4,5,6,2.5,474.0,1304829.0,8838.0,50,Bikeable,18,Car-dependent,Minimal,Extreme,Moderate,Minimal,"Places7 groceries, 27 restaurants, 4 parksTransit68, 84, 85, 86, Express 121, Intercounty, L1, L2, L3, L4, L5, L6, Rapid 568","Sep 28, 2023",Price ChangedMLSListings #ML81941383,1250000.0,"Sep 13, 2023",Listed (Active)MLSListings #ML81941383,1299000.0,"Aug 18, 2006",NA,https://www.redfin.com/CA/Gilroy/1301-Peregrine-Dr-95020/home/1573408,Listing RemovedMLSListings #ML80631524,"Jul 31, 2006",Price ChangedMLSListings #ML80631524,844000.0,"Jul 31, 2006",Price ChangedMLSListings #ML80631524,848000.0,"Jul 9, 2006",Price ChangedMLSListings #ML80631524,859999.0,"Jun 12, 2006",Price ChangedMLSListings #ML80631524,868888.0,"May 27, 2006",ListedMLSListings #ML80631524,879999.0,,,,,,,,,,,,
MLS Listing,,Vacant Land,0 Roop Rd,Gilroy,CA,95020,798000,,,GILROY,,217800.0,,17.0,,,Active,,,https://www.redfin.com/CA/Gilroy/Roop-Rd-95020/home/161058803,MLSListings,ML81941793,N,Y,37.050563,-121.533484,,,,,,,,,"Available (Not On Site), Electricity (Available at Street)",,,,,4,5,6,2.75,,769939.0,5642.0,20,Somewhat bikeable,4,Car-dependent,Minimal,Extreme,Moderate,Minimal,"Places3 groceries, 18 restaurants, 2 parksTransit68, 84, 85, 86, Express 121, Intercounty, L1, L2, L3, L4, L5, L6, Rapid 568","Sep 13, 2023",Listed (Active)MLSListings #ML81941793,798000.0,,,,,,https://www.redfin.com/CA/Gilroy/Roop-Rd-95020/home/161058803,,,,,,,,,,,,,,,,,,,,,,,,,,,,
MLS Listing,,Vacant Land,0 Roop Rd,Gilroy,CA,95020,661500,,,GILROY,,108900.0,,17.0,,,Active,,,https://www.redfin.com/CA/Gilroy/Roop-Rd-95020/home/161081847,MLSListings,ML81941792,N,Y,37.049768,-121.533021,,,,,,,,,"Available (Not On Site), Electricity (Available at Street)",,,,,4,5,6,2.75,,637157.0,4677.0,20,Somewhat bikeable,4,Car-dependent,Minimal,Extreme,Moderate,Minimal,"Places3 groceries, 21 restaurants, 2 parksTransit68, 84, 85, 86, Express 121, Intercounty, L1, L2, L3, L4, L5, L6, Rapid 568","Sep 13, 2023",Listed (Active)MLSListings #ML81941792,661500.0,,,,,,https://www.redfin.com/CA/Gilroy/Roop-Rd-95020/home/161081847,,,,,,,,,,,,,,,,,,,,,,,,,,,,
MLS Listing,,Vacant Land,0 Roop Rd,Gilroy,CA,95020,693000,,,GILROY,,108900.0,,17.0,,,Active,,,https://www.redfin.com/CA/Gilroy/Roop-Rd-95020/home/21838300,MLSListings,ML81941791,N,Y,37.049192,-121.532758,,,,,,,,,"Available (Not On Site), Electricity (Available at Street)",,,,,4,5,6,2.75,,659704.0,4900.0,18,Somewhat bikeable,6,Car-dependent,Minimal,Extreme,Moderate,Minimal,"Places3 groceries, 21 restaurants, 2 parksTransit68, 84, 85, 86, Express 121, Intercounty, L1, L2, L3, L4, L5, L6, Rapid 568","Sep 13, 2023",Listed (Active)MLSListings #ML81941791,693000.0,"Jun 23, 2017",Pending (Pending (Do Not Show))MLSListings #ML81667303,NA,"Jun 23, 2017",245000.0,https://www.redfin.com/CA/Gilroy/Roop-Rd-95020/home/21838300,Listed (Active)MLSListings #ML81667303,,,,,,,,,,,,,,,,,,,,,,,,,,,
MLS Listing,,Vacant Land,2885 Roop Rd,Gilroy,CA,95020,483000,,,GILROY,,162478.0,,17.0,,,Active,,,https://www.redfin.com/CA/Gilroy/2885-Roop-Rd-95020/home/1220774,MLSListings,ML81941790,N,Y,37.0479772,-121.5338558,,,,,,,,,"Available (Not On Site), Electricity (Available at Street)",,,,,4,5,6,2.75,,483507.0,3415.0,15,Somewhat bikeable,5,Car-dependent,Minimal,Extreme,Moderate,Minimal,"Places3 groceries, 21 restaurants, 2 parksTransit68, 84, 85, 86, Express 121, Intercounty, L1, L2, L3, L4, L5, L6, Rapid 568","Sep 13, 2023",Listed (Active)MLSListings #ML81941790,483000.0,,,,,,https://www.redfin.com/CA/Gilroy/2885-Roop-Rd-95020/home/1220774,,,,,,,,,,,,,,,,,,,,,,,,,,,,
MLS Listing,,Single Family Residential,1601 Mantelli Dr,Gilroy,CA,95020,1188000,4.0,3.0,GILROY,2407.0,7299.0,1985.0,18.0,494.0,,Active,October-1-2023 01:00 PM,October-1-2023 04:00 PM,https://www.redfin.com/CA/Gilroy/1601-Mantelli-Dr-95020/home/1019308,MLSListings,ML81941500,N,Y,37.0207631,-121.6058029,Attached Garage,2.0,"Shower and Tub, 2+ Showers Over Tubs, Stall Shower, Tub in Master Bedroom, 2+ Tubs",Dining Area,Inside,"Carpet, Laminate, Tile",Central Forced Air,Central Forced Air,"Individual Electric Meters, Individual Gas Meters",2.0,,,,4,5,6,2.5,494.0,1187729.0,8400.0,34,Somewhat bikeable,16,Car-dependent,Minimal,Severe,Moderate,Minimal,"Places6 groceries, 29 restaurants, 4 parksTransit68, 84, 85, 86, Express 121, Intercounty, L1, L2, L3, L4, L5, L6, Rapid 568","Sep 12, 2023",Listed (Active)MLSListings #ML81941500,1188000.0,,,,,,https://www.redfin.com/CA/Gilroy/1601-Mantelli-Dr-95020/home/1019308,,,,,,,,,,,,,,,,,,,,,,,,,,,,
MLS Listing,,Single Family Residential,7950 Princevalle St,Gilroy,CA,95020,799900,2.0,1.0,GILROY,1100.0,6790.0,1941.0,19.0,727.0,,Active,,,https://www.redfin.com/CA/Gilroy/7950-Princevalle-St-95020/home/1490862,MLSListings,ML81940312,N,Y,37.0128439,-121.580591,"Detached, Off-Street Parking, On Street",1.0,Shower Over Tub,"Breakfast Nook, No Formal Dining Room",,Laminate,,Central Forced Air,Public Utilities,1.0,,,,4,5,4,2.5,727.0,803173.0,5656.0,73,Very bikeable,85,Very walkable,Minimal,Moderate,Moderate,Minimal,"Places6 groceries, 23 restaurants, 3 parksTransit68, 84, 85, 86, Express 121, Intercounty, L1, L2, L3, L4, L5, L6, Rapid 568","Sep 11, 2023",Listed (Active)MLSListings #ML81940312,799900.0,,,,,,https://www.redfin.com/CA/Gilroy/7950-Princevalle-St-95020/home/1490862,,,,,,,,,,,,,,,,,,,,,,,,,,,,
MLS Listing,,Single Family Residential,180 Churchill Pl,Gilroy,CA,95020,975000,5.0,3.0,GILROY,2590.0,6867.0,1984.0,23.0,376.0,,Active,,,https://www.redfin.com/CA/Gilroy/180-Churchill-Pl-95020/home/867144,MLSListings,ML81937504,N,Y,36.9940478,-121.5654779,"Attached Garage, On Street",3.0,,Formal Dining Room,In Utility Room,"Carpet, Laminate",Central Forced Air,Central Forced Air,"Public Utilities, Solar Panels - Owned",2.0,,,,2,5,4,2.5,376.0,978382.0,6894.0,72,Very bikeable,57,Somewhat walkable,Moderate,Severe,Moderate,Minimal,"Places3 groceries, 27 restaurants, 5 parksTransit68, 84, 85, 86, Express 121, Intercounty, L1, L2, L3, L4, L5, L6, Rapid 568","Sep 21, 2023",Relisted (Active)MLSListings #ML81937504,NA,"Sep 19, 2023",ContingentMLSListings #ML81937504,NA,"Sep 7, 2023",975000.0,https://www.redfin.com/CA/Gilroy/180-Churchill-Pl-95020/home/867144,Listed (Active)MLSListings #ML81937504,,,,,,,,,,,,,,,,,,,,,,,,,,,
MLS Listing,,Single Family Residential,5841 San Justo Ct,Gilroy,CA,95020,1399000,4.0,3.5,GILROY,3334.0,6302.0,2007.0,24.0,420.0,157.0,Active,October-1-2023 01:00 PM,October-1-2023 04:00 PM,https://www.redfin.com/CA/Gilroy/5841-San-Justo-Ct-95020/home/23043651,MLSListings,ML81939064,N,Y,36.9815859,-121.5759986,"Attached Garage, Parking Area",2.0,"Double Sinks, Primary (Tub w/ Jets), Stall Shower, Tile","Eat in Kitchen, Formal Dining Room",In Utility Room,"Carpet, Tile","Ceiling Fan, Central Forced Air",Central Forced Air,Public Utilities,2.0,"Common Area Electricity, Insurance (Common Area), Maintenance (Common Area)",Monthly,Mesa Ridge of Gilroy HOA,5,5,4,2.5,420.0,1396713.0,10049.0,31,Somewhat bikeable,1,Car-dependent,Severe,Severe,Moderate,Minimal,"Places4 groceries, 25 restaurants, 7 parksTransit68, 84, 85, 86, Express 121, Intercounty, L1, L2, L3, L4, L5, L6, Rapid 568","Sep 6, 2023",Listed (Active)MLSListings #ML81939064,1399000.0,,,,,,https://www.redfin.com/CA/Gilroy/5841-San-Justo-Ct-95020/home/23043651,,,,,,,,,,,,,,,,,,,,,,,,,,,,
MLS Listing,,Single Family Residential,550 Adams Ct,Gilroy,CA,95020,749000,3.0,2.0,GILROY,1190.0,5516.0,1977.0,25.0,629.0,,Active,,,https://www.redfin.com/CA/Gilroy/550-Adams-Ct-95020/home/1081374,MLSListings,ML81940778,N,Y,37.0175839,-121.5655755,Parking Area,1.0,,Dining Area,Washer/Dryer,Laminate,Ceiling Fan,"Fireplace, Other (See Remarks)",Public Utilities,1.0,,,,4,5,6,2.5,629.0,748297.0,5296.0,72,Very bikeable,58,Somewhat walkable,Moderate,Major,Moderate,Minimal,"Places3 groceries, 23 restaurants, 1 parkTransit68, 84, 85, 86, Express 121, Intercounty, L1, L2, L3, L4, L5, L6, Rapid 568","Sep 5, 2023",Listed (Active)MLSListings #ML81940778,749000.0,"Oct 21, 2016",Pending (Pending (Do Not Show))MLSListings #ML81601290,NA,"Oct 11, 2016",439999.0,https://www.redfin.com/CA/Gilroy/550-Adams-Ct-95020/home/1081374,Price ChangedMLSListings #ML81601290,"Sep 20, 2016",Relisted (Active)MLSListings #ML81601290,NA,"Sep 14, 2016",Pending (Pending (Do Not Show))MLSListings #ML81601290,NA,"Aug 23, 2016",Listed (Active)MLSListings #ML81601290,449999.0,,,,,,,,,,,,,,,,,,
MLS Listing,,Vacant Land,1810 Carob Ct,Gilroy,CA,95020,650000,,,GILROY,,37908.0,,28.0,,93.0,Active,,,https://www.redfin.com/CA/Gilroy/1810-Carob-Ct-95020/home/21839991,MLSListings,ML81940631,N,Y,37.026174,-121.615835,,,,,,,,,"Electricity (Available at Street), Gas (Available at Street), Public Utilities",,Maintenance (Common Area),,Gilroy Country Oaks Estates HOA,4,5,6,3.0,,616886.0,4689.0,14,Somewhat bikeable,6,Car-dependent,Minimal,Extreme,Moderate,Minimal,"Places5 groceries, 26 restaurants, 4 parksTransit68, 84, 85, 86, Express 121, Intercounty, L1, L2, L3, L4, L5, L6, Rapid 568","Sep 2, 2023",Listed (Active)MLSListings #ML81940631,650000.0,"Aug 13, 2019",Listing RemovedSDMLS #301844827,NA,"Jul 26, 2018",NA,https://www.redfin.com/CA/Gilroy/1810-Carob-Ct-95020/home/21839991,,,,,,,,,,,,,,,,,,,,,,,,,,,,
MLS Listing,,Single Family Residential,6671 Bogiala Way,Gilroy,CA,95020,1350000,4.0,4.5,GILROY,3581.0,6994.0,2016.0,29.0,377.0,145.0,Active,October-1-2023 02:00 PM,October-1-2023 04:00 PM,https://www.redfin.com/CA/Gilroy/6671-Bogiala-Way-95020/home/143041680,MLSListings,ML81940311,N,Y,36.9924893,-121.5826419,Attached Garage,3.0,"Double Sinks, Full on Ground Floor, Primary - Oversized Tub, Updated Bath(s)","Dining Area, Eat in Kitchen","Inside, Washer/Dryer","Carpet, Laminate",Central Forced Air,Central Forced Air (Gas),Public Utilities,2.0,"Common Area Electricity, Insurance (Common Area)",Monthly,Glen Loma Ranch,5,5,4,2.5,377.0,1358511.0,9690.0,34,Somewhat bikeable,7,Car-dependent,Minimal,Severe,Moderate,Minimal,"Places2 groceries, 24 restaurants, 8 parksTransit68, 84, 85, 86, Express 121, Intercounty, L1, L2, L3, L4, L5, L6, Rapid 568","Aug 31, 2023",Listed (Active)MLSListings #ML81940311,1350000.0,,,,,,https://www.redfin.com/CA/Gilroy/6671-Bogiala-Way-95020/home/143041680,,,,,,,,,,,,,,,,,,,,,,,,,,,,
MLS Listing,,Townhouse,754 Gettysburg Way,Gilroy,CA,95020,699950,2.0,2.5,GILROY,1645.0,1371.0,1985.0,30.0,426.0,393.0,Active,,,https://www.redfin.com/CA/Gilroy/754-Gettysburg-Way-95020/home/1272551,MLSListings,ML81940440,N,Y,36.9975048,-121.5762608,"Attached Garage, Common Parking Area, Gate/Door Opener, On Street",2.0,"Double Sinks, Half on Ground Floor, Primary (Stall Shower(s)), Shower and Tub",Dining Area in Living Room,"Electricity Hookup (220V), Inside, Upper Floor","Carpet, Laminate",Central Forced Air,Central Forced Air (Gas),"Natural Gas, Public Utilities",2.0,"Common Area Electricity, Insurance (Common Area), Landscaping/Gardening, Maintenance (Common Area), Pools, Spa, or Tennis",Monthly,Princevalle HOA,2,5,4,2.5,426.0,697731.0,5342.0,57,Bikeable,43,Car-dependent,Major,Severe,Moderate,Minimal,"Places4 groceries, 22 restaurants, 8 parksTransit68, 84, 85, 86, Express 121, Intercounty, L1, L2, L3, L4, L5, L6, Rapid 568","Aug 31, 2023",Listed (Active)MLSListings #ML81940440,699950.0,"Jul 3, 1998",ListedMLSListings #ML89829325,190000.0,"Jul 3, 1998",NA,https://www.redfin.com/CA/Gilroy/754-Gettysburg-Way-95020/home/1272551,Listing RemovedMLSListings #ML89829325,,,,,,,,,,,,,,,,,,,,,,,,,,,
MLS Listing,,Single Family Residential,1590 El Dorado Dr,Gilroy,CA,95020,1159900,4.0,2.0,GILROY,2377.0,14019.0,1973.0,30.0,488.0,,Active,,,https://www.redfin.com/CA/Gilroy/1590-El-Dorado-Dr-95020/home/1409801,MLSListings,ML81940369,N,Y,37.0146372,-121.6015073,"Attached Garage, On Street",2.0,"Granite, Shower Over Tub, Stall Shower","Breakfast Bar, Dining Area, Formal Dining Room",Inside,"Hardwood, Tile",Central Forced Air,Forced Air,"Public Utilities, Solar Panels - Owned",1.0,,,,4,5,6,2.5,488.0,1165569.0,8201.0,37,Somewhat bikeable,59,Somewhat walkable,Minimal,Severe,Moderate,Minimal,"Places6 groceries, 31 restaurants, 5 parksTransit68, 84, 85, 86, Express 121, Intercounty, L1, L2, L3, L4, L5, L6, Rapid 568","Aug 31, 2023",Listed (Active)MLSListings #ML81940369,1159900.0,"Jun 17, 2013",Pending (Pending Without Release)MLSListings #ML81316457,NA,"May 14, 2013",699000.0,https://www.redfin.com/CA/Gilroy/1590-El-Dorado-Dr-95020/home/1409801,Listed (Active)MLSListings #ML81316457,,,,,,,,,,,,,,,,,,,,,,,,,,,
MLS Listing,,Single Family Residential,741 W 6th St,Gilroy,CA,95020,999000,4.0,2.5,GILROY,1567.0,8015.0,1961.0,30.0,638.0,,Active,,,https://www.redfin.com/CA/Gilroy/741-W-6th-St-95020/home/661476,MLSListings,ML81934665,N,Y,37.0041175,-121.5787502,"Attached Garage, On Street",2.0,"Double Sinks, Primary (Stall Shower(s)), Shower Over Tub, Solid Surface, Updated Bath(s)","Eat in Kitchen, No Formal Dining Room","Electricity Hookup (220V), Hookup (Gas Dryer), In Garage",Laminate,,"Forced Air, Gas",Public Utilities,1.0,,,,4,5,4,2.5,638.0,1008113.0,7064.0,65,Bikeable,51,Somewhat walkable,Moderate,Severe,Moderate,Minimal,"Places3 groceries, 23 restaurants, 8 parksTransit68, 84, 85, 86, Express 121, Intercounty, L1, L2, L3, L4, L5, L6, Rapid 568","Sep 14, 2023",Price ChangedMLSListings #ML81934665,999000.0,"Aug 31, 2023",Listed (Active)MLSListings #ML81934665,1049999.0,,,https://www.redfin.com/CA/Gilroy/741-W-6th-St-95020/home/661476,,,,,,,,,,,,,,,,,,,,,,,,,,,,
MLS Listing,,Single Family Residential,9245 El Caminito,Gilroy,CA,95020,1125000,3.0,2.5,GILROY,1800.0,5795.0,1986.0,32.0,625.0,,Active,,,https://www.redfin.com/CA/Gilroy/9245-El-Caminito-95020/home/1390555,MLSListings,ML81939575,N,Y,37.0266532,-121.6018141,"Attached Garage, Gate/Door Opener",2.0,"Double Sinks, Dual Flush Toilet, Granite, Half on Ground Floor, Shower Over Tub, Tile","Breakfast Bar, Dining Area in Living Room, No Formal Dining Room","Electricity Hookup (220V), Hookup (Gas Dryer), In Utility Room, Inside","Carpet, Tile, Wood",Central Forced Air,Central Forced Air (Gas),"Individual Electric Meters, Individual Gas Meters, Public Utilities, Solar Panels - Owned",2.0,,,,4,5,6,2.5,625.0,1127968.0,7954.0,61,Bikeable,19,Car-dependent,Minimal,Severe,Moderate,Minimal,"Places6 groceries, 29 restaurants, 4 parksTransit68, 84, 85, 86, Express 121, Intercounty, L1, L2, L3, L4, L5, L6, Rapid 568","Sep 30, 2023",Price ChangedMLSListings #ML81939575,1125000.0,"Sep 7, 2023",Price ChangedMLSListings #ML81939575,1150000.0,"Aug 29, 2023",1100000.0,https://www.redfin.com/CA/Gilroy/9245-El-Caminito-95020/home/1390555,Listed (Active)MLSListings #ML81939575,,,,,,,,,,,,,,,,,,,,,,,,,,,
MLS Listing,,Single Family Residential,11480 Columbet Ave,Gilroy,CA,95020,1999888,5.0,2.5,GILROY,1999.0,173154.0,1977.0,35.0,1000.0,,Active,,,https://www.redfin.com/CA/Gilroy/11480-Columbet-Ave-95020/home/1537214,MLSListings,ML81939136,N,Y,37.0698392,-121.5778713,"Attached Garage, Drive Through, Room for Oversized Vehicle",2.0,"Double Sinks, Primary (Stall Shower(s)), Shower and Tub, Tile",Dining Area,"Electricity Hookup (220V), Washer/Dryer","Carpet, Hardwood, Laminate","Ceiling Fan, Central Forced Air","Central Forced Air, Heat Pump",Public Utilities,1.0,,,,4,5,6,2.5,1000.0,1974552.0,14140.0,25,Somewhat bikeable,13,Car-dependent,Major,Extreme,Moderate,Minimal,"Places7 groceries, 8 restaurants, 2 parksTransit68, 84, 85, Express 121, L1, L2, L3, L4, L5, L6, Rapid 568, School 287","Sep 20, 2023",Price ChangedMLSListings #ML81939136,1999888.0,"Sep 13, 2023",Price ChangedMLSListings #ML81939136,2079000.0,"Aug 26, 2023",2179000.0,https://www.redfin.com/CA/Gilroy/11480-Columbet-Ave-95020/home/1537214,Listed (Active)MLSListings #ML81939136,,,,,,,,,,,,,,,,,,,,,,,,,,,
MLS Listing,,Single Family Residential,2490 3rd St,Gilroy,CA,95020,1499900,5.0,4.5,GILROY,3035.0,7257.0,2016.0,35.0,494.0,,Active,,,https://www.redfin.com/CA/Gilroy/2490-3rd-St-95020/home/109306691,"bridgeMLS, Bay East AOR, or Contra Costa AOR",41037338,N,Y,37.0104234,-121.6167887,,2.0,,,,Tile,Zoned,Zoned,All Public Utilities,,,,,5,5,4,3.0,494.0,1495502.0,10605.0,30,Somewhat bikeable,13,Car-dependent,Moderate,Major,Moderate,Minimal,"Places4 groceries, 26 restaurants, 6 parksTransit68, 84, 85, 86, Express 121, Intercounty, L1, L2, L3, L4, L5, L6, Rapid 568","Aug 26, 2023","Listed (New)bridgeMLS, Bay East AOR, or Contra Costa AOR #41037338",1499900.0,"Nov 11, 2021",ContingentMLSListings #ML81866511,NA,"Oct 25, 2021",1399000.0,https://www.redfin.com/CA/Gilroy/2490-3rd-St-95020/home/109306691,Price ChangedMLSListings #ML81866511,"Oct 12, 2021",Listed (Active)MLSListings #ML81866511,1450000.0,,,,,,,,,,,,,,,,,,,,,,,,
MLS Listing,,Condo/Co-op,1555 Hecker Pass Rd Unit A103,Gilroy,CA,95020,539900,2.0,1.5,GILROY,1136.0,704.0,1984.0,35.0,475.0,422.0,Active,,,https://www.redfin.com/CA/Gilroy/1555-Hecker-Pass-Rd-95020/unit-A103/home/619096,MLSListings,ML81939953,N,Y,37.0132055,-121.6006082,Detached,1.0,Shower Over Tub,Dining Area in Living Room,Inside,"Carpet, Laminate, Vinyl/Linoleum",,Central Forced Air (Gas),Public Utilities,2.0,"Common Area Electricity, Exterior Painting, Garbage, Insurance (Common Area), Maintenance (Common Area), Pools, Spa, or Tennis, Roof",Monthly,Oak TreeCorner,5,5,6,2.5,475.0,558931.0,4239.0,59,Bikeable,64,Somewhat walkable,NA,NA,NA,NA,"Places7 groceries, 31 restaurants, 3 parksTransit68, 84, 85, 86, Express 121, Intercounty, L1, L2, L3, L4, L5, L6, Rapid 568","Sep 30, 2023",Price ChangedMLSListings #ML81939953,539900.0,"Sep 19, 2023",Relisted (Active)MLSListings #ML81939953,NA,"Sep 13, 2023",NA,https://www.redfin.com/CA/Gilroy/1555-Hecker-Pass-Rd-95020/unit-A103/home/619096,ContingentMLSListings #ML81939953,"Aug 26, 2023",Listed (Active)MLSListings #ML81939953,559900.0,,,,,,,,,,,,,,,,,,,,,,,,
MLS Listing,,Single Family Residential,9230 Braquet Ln,Gilroy,CA,95020,2550000,3.0,2.0,GILROY,2607.0,101995.0,1975.0,39.0,978.0,,Active,October-1-2023 01:00 PM,October-1-2023 04:00 PM,https://www.redfin.com/CA/Gilroy/9230-Braquet-Ln-95020/home/1018748,MLSListings,ML81938726,N,Y,37.0261666,-121.6414563,Attached Garage,2.0,Shower and Tub,Dining Area,Inside,"Carpet, Hardwood, Tile",Central Forced Air,Central Forced Air,Public Utilities,1.0,,,,5,5,6,2.5,978.0,2513238.0,18030.0,21,Somewhat bikeable,1,Car-dependent,Minimal,Extreme,Moderate,Minimal,"Places5 groceries, 18 restaurants, 9 parksTransit68, 84, 85, 86, Express 121, L1, L2, L3, L4, L5, L6, Rapid 568, School 287","Sep 25, 2023",Price ChangedMLSListings #ML81938726,2550000.0,"Aug 22, 2023",Listed (Active)MLSListings #ML81938726,2700000.0,"Jul 12, 2002",NA,https://www.redfin.com/CA/Gilroy/9230-Braquet-Ln-95020/home/1018748,Listing RemovedMLSListings #ML80221397,"May 2, 2002",ListedMLSListings #ML80221397,1100000.0,,,,,,,,,,,,,,,,,,,,,,,,
MLS Listing,,Condo/Co-op,718 Gettysburg Way Unit B,Gilroy,CA,95020,449950,1.0,1.0,GILROY,921.0,,1985.0,43.0,489.0,307.0,Active,October-1-2023 01:00 PM,October-1-2023 04:00 PM,https://www.redfin.com/CA/Gilroy/718-Gettysburg-Way-95020/unit-B/home/1270834,MLSListings,ML81938424,N,Y,36.9978797,-121.5752183,Detached,1.0,Shower Over Tub,Dining Area in Living Room,"Inside, Washer/Dryer","Carpet, Laminate, Vinyl/Linoleum",Central Forced Air,Central Forced Air,"Individual Electric Meters, Individual Gas Meters",1.0,"Common Area Electricity, Exterior Painting, Insurance (Common Area), Insurance (Structure), Maintenance (Common Area), Management Fee, Pools, Spa, or Tennis",Monthly,Princevalle,2,5,4,2.5,489.0,454410.0,3488.0,59,Bikeable,51,Somewhat walkable,NA,NA,NA,NA,"Places4 groceries, 24 restaurants, 8 parksTransit68, 84, 85, 86, Express 121, Intercounty, L1, L2, L3, L4, L5, L6, Rapid 568","Sep 25, 2023",Price ChangedMLSListings #ML81938424,449950.0,"Sep 11, 2023",Price ChangedMLSListings #ML81938424,489950.0,"Aug 18, 2023",499950.0,https://www.redfin.com/CA/Gilroy/718-Gettysburg-Way-95020/unit-B/home/1270834,Listed (Active)MLSListings #ML81938424,"Feb 23, 2019",ContingentMLSListings #ML81731327,NA,"Feb 15, 2019",Relisted (Active)MLSListings #ML81731327,NA,"Feb 15, 2019",Listing RemovedMLSListings #ML81731327,NA,"Dec 31, 2018",Price ChangedMLSListings #ML81731327,410000.0,"Nov 15, 2018",Listed (Active)MLSListings #ML81731327,439000.0,,,,,,,,,,,,
MLS Listing,,Condo/Co-op,7037 Mount Vernon Way,Gilroy,CA,95020,745000,3.0,2.5,699 - Not Defined,1663.0,1779.0,1985.0,45.0,448.0,359.0,Active,,,https://www.redfin.com/CA/Gilroy/7037-Mount-Vernon-Way-95020/home/778266,CRMLS,TR23153000,N,Y,36.997575,-121.577288,,2.0,,,,,,,,2.0,,,,2,5,4,2.25,448.0,743328.0,5627.0,55,Bikeable,37,Car-dependent,Moderate,Severe,Moderate,Minimal,"Places4 groceries, 22 restaurants, 9 parksTransit68, 84, 85, 86, Express 121, Intercounty, L1, L2, L3, L4, L5, L6, Rapid 568","Aug 16, 2023",Listed (Active)CRMLS #TR23153000,745000.0,,,,,,https://www.redfin.com/CA/Gilroy/7037-Mount-Vernon-Way-95020/home/778266,,,,,,,,,,,,,,,,,,,,,,,,,,,,
MLS Listing,,Single Family Residential,1610 Dovetail Way,Gilroy,CA,95020,1399950,5.0,3.0,GILROY,3012.0,7429.0,2000.0,50.0,465.0,,Active,October-1-2023 01:30 PM,October-1-2023 04:00 PM,https://www.redfin.com/CA/Gilroy/1610-Dovetail-Way-95020/home/1559000,MLSListings,ML81938072,N,Y,37.0338469,-121.6133989,Attached Garage,3.0,,Formal Dining Room,In Garage,"Carpet, Hardwood, Tile",Central Forced Air,Central Forced Air,Public Utilities,2.0,,,,4,5,6,2.5,465.0,1387150.0,9899.0,10,Somewhat bikeable,4,Car-dependent,Minimal,Extreme,Moderate,Minimal,"Places7 groceries, 24 restaurants, 4 parksTransit68, 84, 85, 86, Express 121, Intercounty, L1, L2, L3, L4, L5, L6, Rapid 568, School 287","Sep 27, 2023",Price ChangedMLSListings #ML81938072,1399950.0,"Aug 11, 2023",Listed (Active)MLSListings #ML81938072,1445000.0,,,https://www.redfin.com/CA/Gilroy/1610-Dovetail-Way-95020/home/1559000,,,,,,,,,,,,,,,,,,,,,,,,,,,,
MLS Listing,,Single Family Residential,293 Windsong Way,Gilroy,CA,95020,1150888,4.0,3.5,GILROY,2729.0,9337.0,2014.0,54.0,422.0,60.0,Active,,,https://www.redfin.com/CA/Gilroy/293-Windsong-Way-95020/home/95954376,MLSListings,ML81937554,N,Y,37.0337796,-121.588839,"Attached Garage, Off-Street Parking",2.0,,"Breakfast Nook, Dining Area",,,"Central Forced Air, Multi-Zone","Central Forced Air, Heating (2+ Zones)","Individual Electric Meters, Public Utilities",2.0,Maintenance (Common Area),,Harvest Park,4,5,6,2.5,422.0,1135215.0,8197.0,47,Somewhat bikeable,17,Car-dependent,Moderate,Severe,Moderate,Minimal,"Places10 groceries, 21 restaurants, 3 parksTransit68, 84, 85, 86, Express 121, Intercounty, L1, L2, L3, L4, L5, L6, Rapid 568","Sep 19, 2023",Price ChangedMLSListings #ML81937554,1150888.0,"Sep 19, 2023",Price ChangedMLSListings #ML81937554,1120888.0,"Sep 7, 2023",NA,https://www.redfin.com/CA/Gilroy/293-Windsong-Way-95020/home/95954376,Relisted (Active)MLSListings #ML81937554,"Aug 26, 2023",ContingentMLSListings #ML81937554,NA,"Aug 7, 2023",Listed (Active)MLSListings #ML81937554,1220888.0,,,,,,,,,,,,,,,,,,,,,
MLS Listing,,Condo/Co-op,1221 Juniper Dr Unit A,Gilroy,CA,95020,499000,2.0,1.0,GILROY,864.0,,1973.0,57.0,578.0,495.0,Active,,,https://www.redfin.com/CA/Gilroy/1221-Juniper-Dr-95020/unit-A/home/782026,MLSListings,ML81937373,N,Y,37.0114912,-121.5947239,Carport,,,Eat in Kitchen,,Laminate,Central Forced Air,Central Forced Air,Public Utilities,1.0,"Garbage, Insurance (Common Area), Maintenance (Common Area), Roof, Water",Monthly,Westridge Townhouse  Association,4,5,4,2.5,578.0,496302.0,4023.0,67,Bikeable,70,Very walkable,Minimal,Severe,Moderate,Minimal,"Places7 groceries, 34 restaurants, 3 parksTransit68, 84, 85, 86, Express 121, Intercounty, L1, L2, L3, L4, L5, L6, Rapid 568","Aug 4, 2023",Listed (Active)MLSListings #ML81937373,499000.0,,,,,,https://www.redfin.com/CA/Gilroy/1221-Juniper-Dr-95020/unit-A/home/782026,,,,,,,,,,,,,,,,,,,,,,,,,,,,
MLS Listing,,Other,0 Rancho Hills Dr Dr,Gilroy,CA,95020,3998000,,,GILROY,,430289.0,,57.0,,,Active,,,https://www.redfin.com/CA/Gilroy/Rancho-Hills-Dr-95020/home/105415793,MLSListings,ML81926115,N,Y,37.0295252,-121.610349,,,,,,,,,Electricity (On Site),,,,,NA,NA,NA,2.5,,,28268.0,18,Somewhat bikeable,11,Car-dependent,NA,NA,NA,NA,"Places7 groceries, 26 restaurants, 4 parksTransit68, 84, 85, 86, Express 121, Intercounty, L1, L2, L3, L4, L5, L6, Rapid 568","Sep 6, 2023",Price ChangedMLSListings #ML81926115,3998000.0,"Sep 6, 2023",Relisted (Active)MLSListings #ML81926115,NA,"Jul 17, 2023",NA,https://www.redfin.com/CA/Gilroy/Rancho-Hills-Dr-95020/home/105415793,Listing RemovedMLSListings #ML81926115,"Jun 14, 2023",Listed (Active)MLSListings #ML81926115,4400000.0,"Apr 25, 2016",ListedSDMLS #301812726,380000.0,,,,,,,,,,,,,,,,,,,,,
MLS Listing,,Single Family Residential,7470 Sunningdale Way,Gilroy,CA,95020,1598000,4.0,3.0,GILROY,3230.0,8077.0,2001.0,60.0,495.0,180.0,Active,October-1-2023 02:00 PM,October-1-2023 04:00 PM,https://www.redfin.com/CA/Gilroy/7470-Sunningdale-Way-95020/home/1618731,MLSListings,ML81936884,N,Y,37.0013889,-121.614471,"Attached Garage, Off-Street Parking",3.0,"Double Sinks, Full on Ground Floor, Primary (Tub w/ Jets), 2+ Stall Shower","Breakfast Nook, Eat in Kitchen, Formal Dining Room","Electricity Hookup (110V), Electricity Hookup (220V)",Laminate,"Central Forced Air, Multi-Zone","Central Forced Air, Central Forced Air (Gas)",Public Utilities,2.0,"Common Area Electricity, Maintenance (Common Area), Maintenance (Road), Management Fee, Pools, Spa, or Tennis, Security Service",Monthly,Eagle Ridge Homeowners Association,5,5,4,2.5,495.0,1579566.0,11479.0,,,12,Car-dependent,Minimal,Major,Moderate,Minimal,"Places5 groceries, 29 restaurants, 8 parksTransit68, 84, 85, 86, Express 121, Intercounty, L1, L2, L3, L4, L5, L6, Rapid 568","Sep 19, 2023",Price ChangedMLSListings #ML81936884,1598000.0,"Aug 24, 2023",Price ChangedMLSListings #ML81936884,1649000.0,"Aug 1, 2023",1699000.0,https://www.redfin.com/CA/Gilroy/7470-Sunningdale-Way-95020/home/1618731,Listed (Active)MLSListings #ML81936884,,,,,,,,,,,,,,,,,,,,,,,,,,,
MLS Listing,,Other,00 00 Redwood Retreat,Gilroy,CA,95020,799000,,,GILROY,,6969600.0,,64.0,,,Active,,,https://www.redfin.com/CA/Gilroy/Redwood-Retreat-Rd-95020/home/113789329,MLSListings,ML81936446,N,Y,37.0323017,-121.6850132,,,,,,,,,Other (See Remarks),,,,,NA,NA,NA,2.5,,,5676.0,5,Somewhat bikeable,0,Car-dependent,NA,NA,NA,NA,"Places4 groceries, 7 restaurants, 12 parksTransit68, 72, 72W, 75, 79, 79F, 85, 87, Express 121, L1, L2, L3, L4, L5, L6, Rapid 568, School 287","Jul 28, 2023",Listed (Active)MLSListings #ML81936446,799000.0,,,,,,https://www.redfin.com/CA/Gilroy/Redwood-Retreat-Rd-95020/home/113789329,,,,,,,,,,,,,,,,,,,,,,,,,,,,
MLS Listing,,Other,6505-6695 Eagle Ridge Ct,Gilroy,CA,95020,4800000,,,GILROY,,143791.0,,69.0,,184.0,Active,,,https://www.redfin.com/CA/Gilroy/6505-Eagle-Ridge-Ct-95020/home/112973307,MLSListings,ML81935928,N,Y,36.988408,-121.591558,,,,,,,,,"Electricity (Available at Street), Gas (Available at Street), Public Utilities",,"Common Area Electricity, Common Area Gas, Door Person, Insurance (Common Area), Maintenance (Common Area), Maintenance (Road), Pools, Spa, or Tennis, Reserves, Security Service, Water/Sewer",,The Community of Eagle Ridge,5,5,4,2.5,,,34123.0,24,Somewhat bikeable,1,Car-dependent,Minimal,Major,Moderate,Minimal,"Places6 groceries, 31 restaurants, 6 parksTransit68, 84, 85, 86, Express 121, Intercounty, L1, L2, L3, L4, L5, L6, Rapid 568","Aug 14, 2023",Price ChangedMLSListings #ML81935928,4800000.0,"Jul 23, 2023",Listed (Active)MLSListings #ML81935928,5040000.0,,,https://www.redfin.com/CA/Gilroy/6505-Eagle-Ridge-Ct-95020/home/112973307,,,,,,,,,,,,,,,,,,,,,,,,,,,,
MLS Listing,,Single Family Residential,8090 Springdale Ct,Gilroy,CA,95020,855900,4.0,2.5,GILROY,1670.0,5110.0,1980.0,71.0,513.0,,Active,,,https://www.redfin.com/CA/Gilroy/8090-Springdale-Ct-95020/home/1869295,"bridgeMLS, Bay East AOR, or Contra Costa AOR",41033946,N,Y,37.0173463,-121.5685523,,2.0,,,,Tile,No Air Conditioning,,,,,,,4,5,6,2.0,513.0,862535.0,6052.0,72,Very bikeable,55,Somewhat walkable,Severe,Major,Moderate,Minimal,"Places3 groceries, 23 restaurants, 1 parkTransit68, 84, 85, 86, Express 121, Intercounty, L1, L2, L3, L4, L5, L6, Rapid 568","Sep 30, 2023","Price ChangedbridgeMLS, Bay East AOR, or Contra Costa AOR #41033946",855900.0,"Jul 21, 2023","Listed (Active-REO)bridgeMLS, Bay East AOR, or Contra Costa AOR #41033946",869900.0,"Oct 6, 2000",NA,https://www.redfin.com/CA/Gilroy/8090-Springdale-Ct-95020/home/1869295,Listing RemovedMLSListings #ML80019668,"May 12, 2000",ListedMLSListings #ML80019668,319913.0,,,,,,,,,,,,,,,,,,,,,,,,
MLS Listing,,Vacant Land,9045 Tea Tree Way,Gilroy,CA,95020,550000,,,GILROY,,34789.0,,73.0,,100.0,Active,,,https://www.redfin.com/CA/Gilroy/9045-Tea-Tree-Way-95020/home/21839981,MLSListings,ML81935491,N,Y,37.0248459,-121.615708,,,,,,,,,"Electricity (Available at Street), Gas (Available at Street), Public Utilities",,Maintenance (Road),,Country Estates,4,5,6,2.5,,512301.0,3989.0,14,Somewhat bikeable,5,Car-dependent,Minimal,Extreme,Moderate,Minimal,"Places5 groceries, 27 restaurants, 4 parksTransit68, 84, 85, 86, Express 121, Intercounty, L1, L2, L3, L4, L5, L6, Rapid 568","Jul 19, 2023",Listed (Active)MLSListings #ML81935491,550000.0,"Sep 30, 2013",Pending (Pending Without Release)MLSListings #ML81317658,NA,"May 22, 2013",199000.0,https://www.redfin.com/CA/Gilroy/9045-Tea-Tree-Way-95020/home/21839981,Listed (Active)MLSListings #ML81317658,,,,,,,,,,,,,,,,,,,,,,,,,,,
MLS Listing,,Single Family Residential,8581 Amanda Ave,Gilroy,CA,95020,978888,4.0,3.0,GILROY,1976.0,6000.0,1965.0,79.0,495.0,,Active,,,https://www.redfin.com/CA/Gilroy/8581-Amanda-Ave-95020/home/867012,MLSListings,ML81934904,N,Y,37.0216564,-121.5897475,Attached Garage,2.0,"Shower and Tub, Stall Shower",Eat in Kitchen,Hookup (Gas Dryer),Laminate,Central Forced Air,Central Forced Air,"Individual Electric Meters, Individual Gas Meters",2.0,,,,5,5,6,2.5,495.0,969799.0,6921.0,67,Bikeable,41,Car-dependent,Moderate,Severe,Moderate,Minimal,"Places7 groceries, 34 restaurants, 1 parkTransit68, 84, 85, 86, Express 121, Intercounty, L1, L2, L3, L4, L5, L6, Rapid 568","Sep 12, 2023",Price ChangedMLSListings #ML81934904,978888.0,"Jul 13, 2023",Listed (Active)MLSListings #ML81934904,988786.0,"Apr 7, 2023",NA,https://www.redfin.com/CA/Gilroy/8581-Amanda-Ave-95020/home/867012,Pending (Pending (Do Not Show))MLSListings #ML81923101,"Mar 30, 2023",Listed (Active)MLSListings #ML81923101,629000.0,,,,,,,,,,,,,,,,,,,,,,,,
MLS Listing,,Single Family Residential,1501 Welburn Ave,Gilroy,CA,95020,1599000,4.0,3.5,GILROY,3461.0,24725.0,1988.0,83.0,462.0,,Active,,,https://www.redfin.com/CA/Gilroy/1501-Welburn-Ave-95020/home/836074,MLSListings,ML81934073,N,Y,37.0184824,-121.602823,"Attached Garage, Electric Gate, Gate/Door Opener, Guest/Visitor Parking, Parking Area, Room for Oversized Vehicle",3.0,"Double Sinks, Dual Flush Toilet, Full on Ground Floor, Half on Ground Floor, Primary - Oversized Tub, Primary (Stall Shower(s)), Primary (Tub w/ Jets), Shower and Tub, Tub in Master Bedroom, Updated Bath(s)","Breakfast Room, Formal Dining Room","Dryer, Electricity Hookup (220V), In Utility Room, Inside, Washer/Dryer","Hardwood, Stone, Tile","Ceiling Fan, Central Forced Air, Multi-Zone","Fireplace, Forced Air, Gas, Heating (2+ Zones), Radiant Floors","Natural Gas, Public Utilities",2.0,,,,4,5,6,2.5,462.0,1558620.0,11306.0,39,Somewhat bikeable,39,Car-dependent,Minimal,Severe,Moderate,Minimal,"Places6 groceries, 31 restaurants, 4 parksTransit68, 84, 85, 86, Express 121, Intercounty, L1, L2, L3, L4, L5, L6, Rapid 568","Jul 20, 2023",Relisted (Active)MLSListings #ML81934073,NA,"Jul 17, 2023",Listing RemovedMLSListings #ML81934073,NA,"Jul 6, 2023",1599000.0,https://www.redfin.com/CA/Gilroy/1501-Welburn-Ave-95020/home/836074,Listed (Active)MLSListings #ML81934073,"Jun 23, 2023",,NA,,,,,,,,,,,,,,,,,,,,,,,,
MLS Listing,,Townhouse,6361 Paysar Ln,Gilroy,CA,95020,765000,2.0,2.0,GILROY,1178.0,,2023.0,84.0,649.0,450.0,Active,,,https://www.redfin.com/CA/Gilroy/6361-Paysar-Ln-95020/home/185984999,MLSListings,ML81934358,N,Y,36.9882331,-121.587924,Attached Garage,1.0,,Dining Area in Living Room,,,Central Forced Air,Central Forced Air,Public Utilities,,"Insurance (Hazard), Maintenance (Common Area), Maintenance (Exterior), Management Fee, Reserves, Roof",,Ascent at Glen Loma Ranch,5,5,4,2.5,649.0,763422.0,5859.0,26,Somewhat bikeable,3,Car-dependent,Minimal,Severe,Moderate,Minimal,"Places3 groceries, 29 restaurants, 8 parksTransit68, 84, 85, 86, Express 121, Intercounty, L1, L2, L3, L4, L5, L6, Rapid 568","Sep 20, 2023",Price ChangedNewHomeSource.com #2528578,765000.0,"Sep 7, 2023",Listed (Active)NewHomeSource.com #2528578,782166.0,"Sep 17, 2023",765000.0,https://www.redfin.com/CA/Gilroy/6361-Paysar-Ln-95020/home/185984999,Price ChangedMLSListings #ML81934358,"Jul 8, 2023",Listed (Active)MLSListings #ML81934358,782166.0,,,,,,,,,,,,,,,,,,,,,,,,
MLS Listing,,Single Family Residential,5929 Frazier Lake Rd,Gilroy,CA,95020,1499500,3.0,1.0,GILROY,1000.0,613760.0,1944.0,85.0,1500.0,,Active,,,https://www.redfin.com/CA/Gilroy/5929-Frazier-Lake-Rd-95020/home/23471146,MLSListings,ML81934231,N,Y,36.9939318,-121.5210916,No Garage,,,Dining Area in Living Room,,,,Central Forced Air,Individual Electric Meters,,,,,4,5,4,2.5,1500.0,1407463.0,10602.0,26,Somewhat bikeable,5,Car-dependent,Minimal,Minor,Moderate,Minimal,"Places6 groceries, 32 restaurants, 1 parkTransit68, 84, 85, 86, Express 121, Intercounty, L1, L2, L3, L4, L5, L6, Rapid 568","Jul 7, 2023",Listed (Active)MLSListings #ML81934247,1499500.0,"Jul 7, 2023",Listed (Active)MLSListings #ML81934231,1499500.0,,,https://www.redfin.com/CA/Gilroy/5929-Frazier-Lake-Rd-95020/home/23471146,,,,,,,,,,,,,,,,,,,,,,,,,,,,
MLS Listing,,Single Family Residential,2700 Day Rd,Gilroy,CA,95020,1799950,3.0,2.0,GILROY,1280.0,1009895.0,2004.0,85.0,1406.0,,Active,,,https://www.redfin.com/CA/Gilroy/2700-Day-Rd-95020/home/186034090,MLSListings,ML81934069,N,Y,37.0446798,-121.6402754,"Carport, Room for Oversized Vehicle",,"Full on Ground Floor, Oversized Tub, Primary (Stall Shower(s)), Shower Over Tub, Tile","Breakfast Nook, Eat in Kitchen, No Formal Dining Room",In Utility Room,Laminate,,"Baseboard, Forced Air",Individual Electric Meters,,,,,4,5,6,2.5,1406.0,1739578.0,12727.0,3,Somewhat bikeable,3,Car-dependent,Minimal,Extreme,Moderate,Minimal,"Places4 groceries, 11 restaurants, 10 parksTransit68, 84, 85, Express 121, L1, L2, L3, L4, L5, L6, Rapid 568, School 287","Jul 7, 2023",Listed (Active)MLSListings #ML81934069,1799950.0,,,,,,https://www.redfin.com/CA/Gilroy/2700-Day-Rd-95020/home/186034090,,,,,,,,,,,,,,,,,,,,,,,,,,,,
MLS Listing,,Single Family Residential,2440 Bridle Path Ct,Gilroy,CA,95020,2648000,5.0,3.5,GILROY,3643.0,438213.0,2000.0,85.0,727.0,,Active,,,https://www.redfin.com/CA/Gilroy/2440-Bridle-Path-Ct-95020/home/1366240,MLSListings,ML81934169,N,Y,37.0704887,-121.5519412,"Attached Garage, Gate/Door Opener, Off-Street Parking, Parking Area, Room for Oversized Vehicle, Uncovered Parking",3.0,,Formal Dining Room,In Utility Room,"Carpet, Hardwood, Tile",Central Forced Air,"Central Forced Air, Electric","Public Utilities, Solar Panels - Owned",1.0,,,,4,5,6,2.5,727.0,2529982.0,18723.0,2,Somewhat bikeable,1,Car-dependent,Minimal,Extreme,Moderate,Minimal,"Places5 groceries, 13 restaurants, 3 parksTransit68, 84, 85, 86, Express 121, Intercounty, L1, L2, L3, L4, L5, L6, Rapid 568, School 287","Sep 18, 2023",Price ChangedMLSListings #ML81934169,2648000.0,"Jul 27, 2023",Price ChangedMLSListings #ML81934169,2799000.0,"Jul 7, 2023",2899000.0,https://www.redfin.com/CA/Gilroy/2440-Bridle-Path-Ct-95020/home/1366240,Listed (Active)MLSListings #ML81934169,,,,,,,,,,,,,,,,,,,,,,,,,,,
MLS Listing,,Single Family Residential,3003 Val Ct,Gilroy,CA,95020,2498000,5.0,5.0,GILROY,4104.0,202811.0,1987.0,99.0,609.0,,Active,,,https://www.redfin.com/CA/Gilroy/3003-Val-Ct-95020/home/1609653,MLSListings,ML81931757,N,Y,37.0570485,-121.5403455,"Attached Garage, Guest/Visitor Parking, Room for Oversized Vehicle",3.0,"Double Sinks, Full on Ground Floor, Primary - Oversized Tub, Primary (Stall Shower(s)), Shower Over Tub, 2+ Stall Shower, Tile, Updated Bath(s)","Breakfast Nook, Eat in Kitchen, Formal Dining Room","Electricity Hookup (220V), In Utility Room, Inside, Tub/Sink, Washer/Dryer","Carpet, Hardwood, Tile","Central Forced Air, Multi-Zone, Other (See Remarks)","Central Forced Air, Fireplace, Forced Air, Heating (2+ Zones), Propane","Propane On Site, Public Utilities",2.0,,,,4,5,6,2.5,609.0,2375337.0,17662.0,3,Somewhat bikeable,1,Car-dependent,Minimal,Extreme,Moderate,Minimal,"Places2 groceries, 14 restaurants, 3 parksTransit68, 84, 85, 86, Express 121, Intercounty, L1, L2, L3, L4, L5, L6, Rapid 568","Sep 15, 2023",Relisted (Active)MLSListings #ML81931757,NA,"Sep 15, 2023",Listing RemovedMLSListings #ML81931757,NA,"Aug 26, 2023",2498000.0,https://www.redfin.com/CA/Gilroy/3003-Val-Ct-95020/home/1609653,Price ChangedMLSListings #ML81931757,"Jun 23, 2023",Listed (Active)MLSListings #ML81931757,2588000.0,"Jul 21, 2014",Pending (Pending (Do Not Show))MLSListings #ML81401773,NA,"May 19, 2014",Price ChangedMLSListings #ML81401773,1225000.0,"May 19, 2014",Pending (Pending Without Release)MLSListings #ML81401773,NA,"May 19, 2014",Pending (Pending Without Release)MLSListings #ML81401773,NA,"Feb 27, 2014",Price ChangedMLSListings #ML81401773,1350000.0,"Jan 20, 2014",Listed (Active)MLSListings #ML81401773,1595000.0,,,,,,
MLS Listing,,Single Family Residential,6720 Church St,Gilroy,CA,95020,1145000,4.0,3.5,GILROY,1630.0,6074.0,1964.0,102.0,702.0,,Active,,,https://www.redfin.com/CA/Gilroy/6720-Church-St-95020/home/1032318,MLSListings,ML81932531,N,Y,36.9960035,-121.5666717,"Attached Garage, Off-Street Parking, On Street, Uncovered Parking",,"Shower Over Tub, Stall Shower","Eat in Kitchen, No Formal Dining Room",,"Laminate, Tile",,Central Forced Air (Gas),Public Utilities,1.0,,,,2,5,4,2.5,702.0,1120542.0,8096.0,77,Very bikeable,63,Somewhat walkable,Major,Severe,Moderate,Minimal,"Places3 groceries, 28 restaurants, 5 parksTransit68, 84, 85, 86, Express 121, Intercounty, L1, L2, L3, L4, L5, L6, Rapid 568","Jun 20, 2023",Listed (Active)MLSListings #ML81932531,1145000.0,"May 6, 2010",Pending (Pending Without Release)MLSListings #ML81020977,NA,"Apr 28, 2010",259900.0,https://www.redfin.com/CA/Gilroy/6720-Church-St-95020/home/1032318,Listed (Active)MLSListings #ML81020977,,,,,,,,,,,,,,,,,,,,,,,,,,,
MLS Listing,,Vacant Land,10075 New Ave,Gilroy,CA,95020,1999999,,,GILROY,,326700.0,,108.0,,,Active,,,https://www.redfin.com/CA/Gilroy/10075-New-Ave-95020/home/144051882,MLSListings,ML81931691,N,Y,37.0538604,-121.5492877,,,,,,,,,Electricity (On Site),,,,,4,5,6,2.5,,1833171.0,14141.0,26,Somewhat bikeable,3,Car-dependent,Minimal,Extreme,Moderate,Minimal,"Places3 groceries, 14 restaurants, 3 parksTransit68, 84, 85, 86, Express 121, Intercounty, L1, L2, L3, L4, L5, L6, Rapid 568","Jun 14, 2023",Listed (Active)MLSListings #ML81931691,1999999.0,,,,,,https://www.redfin.com/CA/Gilroy/10075-New-Ave-95020/home/144051882,,,,,,,,,,,,,,,,,,,,,,,,,,,,
MLS Listing,,Single Family Residential,1555 Zephyr Pl,Gilroy,CA,95020,1149900,4.0,3.0,GILROY,2590.0,3524.0,2019.0,108.0,444.0,153.0,Active,,,https://www.redfin.com/CA/Gilroy/1555-Zephyr-Pl-95020/home/168910948,MLSListings,ML81921083,N,Y,37.0000197,-121.5924947,Attached Garage,2.0,"Double Sinks, Half on Ground Floor","Dining Area, Dining Bar","Upper Floor, Washer/Dryer",Laminate,Central Forced Air,Central Forced Air,Public Utilities,2.0,Maintenance (Common Area),Monthly,Glen Loma Ranch,5,5,4,2.5,444.0,1138087.0,8284.0,46,Somewhat bikeable,10,Car-dependent,Minimal,Severe,Moderate,Minimal,"Places6 groceries, 34 restaurants, 4 parksTransit68, 84, 85, 86, Express 121, Intercounty, L1, L2, L3, L4, L5, L6, Rapid 568","Sep 7, 2023",Price ChangedMLSListings #ML81921083,1149900.0,"Jul 26, 2023",Price ChangedMLSListings #ML81921083,1199000.0,"Jun 14, 2023",1249000.0,https://www.redfin.com/CA/Gilroy/1555-Zephyr-Pl-95020/home/168910948,Listed (Active)MLSListings #ML81921083,,,,,,,,,,,,,,,,,,,,,,,,,,,
MLS Listing,,Vacant Land,9500 Via Del Oro,Gilroy,CA,95020,875000,,,GILROY,,425307.0,,109.0,,150.0,Active,,,https://www.redfin.com/CA/Gilroy/9500-Via-Del-Oro-95020/home/17494696,MLSListings,ML81931593,N,Y,37.056761,-121.530507,,,,,,,,,"Electricity (Available at Street), Gas (Available at Street)",,Other (See Remarks),,Golden Heights,4,5,6,2.5,,818608.0,6337.0,3,Somewhat bikeable,3,Car-dependent,Minimal,Severe,Moderate,Minimal,"Places3 groceries, 18 restaurants, 3 parksTransit68, 84, 85, 86, Express 121, Intercounty, L1, L2, L3, L4, L5, L6, Rapid 568","Jun 13, 2023",Listed (Active)MLSListings #ML81931593,875000.0,"Dec 7, 2009",Pending (Contingent)MLSListings #ML80900223,NA,"Dec 2, 2009",NA,https://www.redfin.com/CA/Gilroy/9500-Via-Del-Oro-95020/home/17494696,Relisted (Active)MLSListings #ML80900223,"Nov 30, 2009",Pending (Contingent)MLSListings #ML80900223,NA,"Nov 24, 2009",Price ChangedMLSListings #ML80900223,195000.0,"Nov 23, 2009",Price ChangedMLSListings #ML80900223,249000.0,"Nov 4, 2009",Relisted (Active)MLSListings #ML80900223,NA,"Jul 9, 2009",ContingentMLSListings #ML80900223,NA,"May 20, 2009",Price ChangedMLSListings #ML80900223,349000.0,"Mar 13, 2009",Price ChangedMLSListings #ML80900223,449000.0,"Feb 13, 2009",Price ChangedMLSListings #ML80900223,499000.0,"Jan 3, 2009",ListedMLSListings #ML80900223,549000.0
MLS Listing,,Vacant Land,5829 Frazier Lake Rd,Gilroy,CA,95020,1599500,,,GILROY,,1549374.0,,120.0,,,Active,,,https://www.redfin.com/CA/Gilroy/5829-Frazier-Lake-Rd-95020/home/185593899,MLSListings,ML81930410,N,Y,36.991386,-121.523576,,,,,,,,,Electricity (Available at Street),,,,,4,5,4,2.5,,1477325.0,11309.0,25,Somewhat bikeable,1,Car-dependent,Moderate,Minor,Moderate,Minimal,"Places6 groceries, 33 restaurants, 1 parkTransit68, 84, 85, 86, Express 121, Intercounty, L1, L2, L3, L4, L5, L6, Rapid 568","Jun 2, 2023",Listed (Active)MLSListings #ML81930410,1599500.0,,,,,,https://www.redfin.com/CA/Gilroy/5829-Frazier-Lake-Rd-95020/home/185593899,,,,,,,,,,,,,,,,,,,,,,,,,,,,
MLS Listing,,Vacant Land,8951 Tea Tree Way,Gilroy,CA,95020,649000,,,GILROY,,37821.0,,122.0,,93.0,Active,,,https://www.redfin.com/CA/Gilroy/8951-Tea-Tree-Way-95020/home/23472304,MLSListings,ML81930115,N,Y,37.022308,-121.614986,,,,,,,,,"Electricity (Available at Street), Gas (Available at Street), Public Utilities",,"Insurance, Management Fee",,Gilroy Country Oaks Estates,4,5,6,2.5,,603279.0,4682.0,18,Somewhat bikeable,4,Car-dependent,Minimal,Severe,Moderate,Minimal,"Places4 groceries, 27 restaurants, 4 parksTransit68, 84, 85, 86, Express 121, Intercounty, L1, L2, L3, L4, L5, L6, Rapid 568","Sep 27, 2023",Price ChangedMLSListings #ML81930115,649000.0,"May 31, 2023",Listed (Active)MLSListings #ML81930115,749000.0,"Mar 29, 2007",NA,https://www.redfin.com/CA/Gilroy/8951-Tea-Tree-Way-95020/home/23472304,Listing RemovedMLSListings #ML80661175,"Sep 29, 2006",ListedMLSListings #ML80661175,525000.0,,,,,,,,,,,,,,,,,,,,,,,,
MLS Listing,,Vacant Land,1920 Mantelli Dr,Gilroy,CA,95020,599900,,,Gilroy,,55055.0,,122.0,,22.0,Active,,,https://www.redfin.com/CA/Gilroy/1920-Mantelli-Dr-95020/home/21837861,MetroList,223048881,N,Y,37.019664,-121.611912,,,,,,,,,"Cable Available, Internet Available, Water Available, Phone Available",,,,,4,5,6,,,551132.0,4264.0,22,Somewhat bikeable,10,Car-dependent,Minimal,Severe,Moderate,Minimal,"Places5 groceries, 28 restaurants, 4 parksTransit68, 84, 85, 86, Express 121, Intercounty, L1, L2, L3, L4, L5, L6, Rapid 568","Feb 3, 2022",Pending (Pending (Do Not Show))MLSListings #ML81838954,NA,"Jan 6, 2022",ContingentMLSListings #ML81838954,NA,"Jul 9, 2021",365000.0,https://www.redfin.com/CA/Gilroy/1920-Mantelli-Dr-95020/home/21837861,Price ChangedMLSListings #ML81838954,"Apr 14, 2021",Listed (Active)MLSListings #ML81838954,385000.0,,,,,,,,,,,,,,,,,,,,,,,,
MLS Listing,,Vacant Land,0000 New Lot #4 Ave,Gilroy,CA,95020,649000,,,GILROY,,85988.0,,144.0,,,Active,,,https://www.redfin.com/CA/Gilroy/4th-St-95020/home/12337206,MLSListings,ML81927646,N,Y,37.0078837,-121.5774154,,,,,,,,,,,,,,NA,NA,NA,2.5,,,4589.0,73,Very bikeable,73,Very walkable,NA,NA,NA,NA,"Places3 groceries, 23 restaurants, 6 parksTransit68, 84, 85, 86, Express 121, Intercounty, L1, L2, L3, L4, L5, L6, Rapid 568","May 9, 2023",Listed (Active)MLSListings #ML81927646,649000.0,,,,,,https://www.redfin.com/CA/Gilroy/4th-St-95020/home/12337206,,,,,,,,,,,,,,,,,,,,,,,,,,,,
MLS Listing,,Other,6201 Thomas Rd,Gilroy,CA,95020,799000,,,GILROY,,10454.0,,150.0,,,Active,,,https://www.redfin.com/CA/Gilroy/6201-Thomas-Rd-95020/home/161014195,MLSListings,ML81926845,N,Y,36.9881451,-121.5736685,,,,,,,,,,,,,,5,5,4,2.5,,,5649.0,49,Somewhat bikeable,14,Car-dependent,Moderate,Moderate,Moderate,Minimal,"Places3 groceries, 28 restaurants, 6 parksTransit68, 84, 85, 86, Express 121, Intercounty, L1, L2, L3, L4, L5, L6, Rapid 568","May 3, 2023",Listed (Active)MLSListings #ML81926845,799000.0,,,,,,https://www.redfin.com/CA/Gilroy/6201-Thomas-Rd-95020/home/161014195,,,,,,,,,,,,,,,,,,,,,,,,,,,,
MLS Listing,,Other,9555 Santa Teresa Blvd,Gilroy,CA,95020,1199999,,,GILROY,,34304.0,,155.0,,,Active,,,https://www.redfin.com/CA/Gilroy/9555-Santa-Teresa-Blvd-95020/home/1390496,MLSListings,ML81923609,N,Y,37.0319558,-121.5981318,,,,,,,,,"Electricity (On Site), Gas (Not On Site)",,,,,4,5,6,2.5,,,8485.0,49,Somewhat bikeable,23,Car-dependent,Minimal,Extreme,Moderate,Minimal,"Places6 groceries, 29 restaurants, 4 parksTransit68, 84, 85, 86, Express 121, Intercounty, L1, L2, L3, L4, L5, L6, Rapid 568","Jun 21, 2023",Relisted (Active)MLSListings #ML81923609,NA,"May 28, 2023",Pending (Pending (Do Not Show))MLSListings #ML81923609,NA,"May 1, 2023",1199999.0,https://www.redfin.com/CA/Gilroy/9555-Santa-Teresa-Blvd-95020/home/1390496,Price ChangedMLSListings #ML81923609,"Apr 4, 2023",Listed (Active)MLSListings #ML81923609,1350000.0,,,,,,,,,,,,,,,,,,,,,,,,
MLS Listing,,Mobile/Manufactured Home,5878 - 6653 Garlic Farms Dr #64,Gilroy,CA,95020,89950,2.0,1.0,The Garlic Farms Rv Park,380.0,,2023.0,156.0,237.0,,Active,,,https://www.redfin.com/CA/Gilroy/5878-Garlic-Farm-Dr-95020/unit-64/home/185245675,MetroList,223035846,N,Y,36.983405,-121.5565948,,,,,,"Carpet, Laminate",Wall Unit(s),Electric,"Individual Electric Meter, Other",,,,,5,5,4,,237.0,89698.0,636.0,40,Somewhat bikeable,19,Car-dependent,Minimal,Minor,Moderate,Minimal,"Places6 groceries, 30 restaurants, 2 parksTransit68, 84, 85, 86, Express 121, Intercounty, L1, L2, L3, L4, L5, L6, Rapid 568",,,,,,,,,https://www.redfin.com/CA/Gilroy/5878-Garlic-Farm-Dr-95020/unit-64/home/185245675,,,,,,,,,,,,,,,,,,,,,,,,,,,,
MLS Listing,,Single Family Residential,4385 Davidson Ave,Gilroy,CA,95020,1988000,5.0,2.5,GILROY,3000.0,443831.0,1900.0,166.0,663.0,,Active,,,https://www.redfin.com/CA/Gilroy/4385-Davidson-Ave-95020/home/185138164,MLSListings,ML81920047,N,Y,36.9684419,-121.518577,"Detached, Room for Oversized Vehicle",1.0,"Oversized Tub, Primary (Stall Shower(s)), Primary (Tub w/ Jets), Shower and Tub, Tile, Tub w/Jets",Dining Area,In Utility Room,"Hardwood, Tile",Ceiling Fan,Wall Furnace,"Individual Electric Meters, Propane On Site, Public Utilities",1.0,,,,4,5,4,2.5,663.0,1850984.0,14056.0,25,Somewhat bikeable,1,Car-dependent,Severe,Minor,Moderate,Minimal,"Places12 groceries, 30 restaurants, 2 parksTransit68, 84, 85, 86, Express 121, Intercounty, L1, L2, L3, L4, L5, L6, Rapid 568","Sep 15, 2023",ContingentMLSListings #ML81917866,NA,"Aug 12, 2023",Price ChangedMLSListings #ML81917866,600000.0,"Jun 25, 2023",650000.0,https://www.redfin.com/CA/Gilroy/4385-Davidson-Ave-95020/home/185138164,Price ChangedMLSListings #ML81917866,"May 7, 2023",Price ChangedMLSListings #ML81917866,675000.0,"Apr 17, 2023",Listed (Active)MLSListings #ML81917866,600000.0,"Aug 12, 2023",Price ChangedMLSListings #ML81920047,1988000.0,"May 7, 2023",Price ChangedMLSListings #ML81920047,2100000.0,"Apr 17, 2023",Listed (Active)MLSListings #ML81920047,2300000.0,,,,,,,,,,,,
MLS Listing,,Single Family Residential,3455 Susie Ln,Gilroy,CA,95020,1890000,4.0,3.5,GILROY,2504.0,117585.0,1973.0,169.0,755.0,,Active,,,https://www.redfin.com/CA/Gilroy/3455-Susie-Ln-95020/home/1351993,MLSListings,ML81923601,N,Y,37.0127426,-121.5066889,"Attached Garage, Common Parking Area, Detached, Room for Oversized Vehicle",2.0,,Dining Area,,,Central Forced Air,Central Forced Air,"Generator, Natural Gas, Public Utilities",1.0,,,,4,5,4,2.5,755.0,1823667.0,13363.0,25,Somewhat bikeable,16,Car-dependent,Minimal,Moderate,Moderate,Minimal,"Places7 groceries, 31 restaurants, 1 parkTransit68, 84, 85, 86, Express 121, Intercounty, L1, L2, L3, L4, L5, L6, Rapid 568","Jul 10, 2023",Price ChangedMLSListings #ML81923601,1890000.0,"Apr 14, 2023",Listed (Active)MLSListings #ML81923601,1998880.0,"Mar 14, 2005",NA,https://www.redfin.com/CA/Gilroy/3455-Susie-Ln-95020/home/1351993,Listing RemovedMLSListings #ML80507240,"Feb 15, 2005",ListedMLSListings #ML80507240,1299000.0,,,,,,,,,,,,,,,,,,,,,,,,
MLS Listing,,Single Family Residential,9402 Rodeo Dr,Gilroy,CA,95020,1450000,6.0,3.0,GILROY,2930.0,6232.0,1998.0,173.0,495.0,,Active,,,https://www.redfin.com/CA/Gilroy/9402-Rodeo-Dr-95020/home/1640588,MLSListings,ML81924183,N,Y,37.0297126,-121.6001624,Attached Garage,3.0,"Double Sinks, Half on Ground Floor, Oversized Tub, Updated Bath(s)",Formal Dining Room,Inside,,"Ceiling Fan, Central Forced Air",Central Forced Air (Gas),"Public Utilities, Solar Panels - Owned",2.0,,,,4,5,6,2.0,495.0,1416169.0,10252.0,56,Bikeable,21,Car-dependent,Minimal,Extreme,Moderate,Minimal,"Places6 groceries, 29 restaurants, 4 parksTransit68, 84, 85, 86, Express 121, Intercounty, L1, L2, L3, L4, L5, L6, Rapid 568","Apr 10, 2023",Listed (Active)MLSListings #ML81924183,1450000.0,"Sep 7, 2019",ContingentMLSListings #ML81759809,NA,"Aug 6, 2019",NA,https://www.redfin.com/CA/Gilroy/9402-Rodeo-Dr-95020/home/1640588,Pending (Pending (Do Not Show))MLSListings #ML81759809,"Aug 4, 2019",Price ChangedMLSListings #ML81759809,919000.0,"Jul 10, 2019",Listed (Active)MLSListings #ML81759809,929000.0,,,,,,,,,,,,,,,,,,,,,
MLS Listing,,Vacant Land,1875 Pacheco Pass Hwy,Gilroy,CA,95020,4950000,,,GILROY,,2020748.0,,177.0,,,Active,,,https://www.redfin.com/CA/Gilroy/1875-Pacheco-Pass-Hwy-95020/home/184982362,MLSListings,ML81923846,N,Y,37.0008512,-121.5278187,,,,,,,,,Electricity (On Site),,,,,4,5,4,2.5,,,35000.0,32,Somewhat bikeable,15,Car-dependent,Minimal,Moderate,Moderate,Minimal,"Places6 groceries, 33 restaurants, 1 parkTransit68, 84, 85, 86, Express 121, Intercounty, L1, L2, L3, L4, L5, L6, Rapid 568","Sep 26, 2023",Relisted (Active)MLSListings #ML81923846,NA,"Sep 26, 2023",Listing RemovedMLSListings #ML81923846,NA,"Apr 6, 2023",4950000.0,https://www.redfin.com/CA/Gilroy/1875-Pacheco-Pass-Hwy-95020/home/184982362,Listed (Active)MLSListings #ML81923846,,,,,,,,,,,,,,,,,,,,,,,,,,,
MLS Listing,,Mobile/Manufactured Home,5878 Garlic Farms Dr #39,Gilroy,CA,95020,89950,1.0,1.0,The Garlic Farm Rv Park,400.0,,2021.0,207.0,225.0,,Active,,,https://www.redfin.com/CA/Gilroy/5878-Garlic-Farm-Dr-95020/unit-39/home/178288336,MetroList,223018493,N,Y,36.983405,-121.5565948,,,,,,Laminate,Wall Unit(s),Electric,"Propane, Individual Electric Meter, Other",,,,,5,5,4,,225.0,88848.0,636.0,40,Somewhat bikeable,19,Car-dependent,Minimal,Minor,Moderate,Minimal,"Places6 groceries, 30 restaurants, 2 parksTransit68, 84, 85, 86, Express 121, Intercounty, L1, L2, L3, L4, L5, L6, Rapid 568",,,,,,,,,https://www.redfin.com/CA/Gilroy/5878-Garlic-Farm-Dr-95020/unit-39/home/178288336,,,,,,,,,,,,,,,,,,,,,,,,,,,,
MLS Listing,,Mobile/Manufactured Home,5878 - 6653 Garlic Farms Dr #111,Gilroy,CA,95020,89950,2.0,1.0,The Garlic Farms Rv Park,400.0,,2022.0,207.0,225.0,,Active,,,https://www.redfin.com/CA/Gilroy/5878-Garlic-Farm-Dr-95020/unit-111/home/178288238,MetroList,223018461,N,Y,36.983405,-121.5565948,,,,,,Laminate,Wall Unit(s),Electric,"Individual Electric Meter, Other",,,,,5,5,4,,225.0,88944.0,636.0,40,Somewhat bikeable,19,Car-dependent,Minimal,Minor,Moderate,Minimal,"Places6 groceries, 30 restaurants, 2 parksTransit68, 84, 85, 86, Express 121, Intercounty, L1, L2, L3, L4, L5, L6, Rapid 568",,,,,,,,,https://www.redfin.com/CA/Gilroy/5878-Garlic-Farm-Dr-95020/unit-111/home/178288238,,,,,,,,,,,,,,,,,,,,,,,,,,,,
MLS Listing,,Vacant Land,8745 Wild Iris Dr,Gilroy,CA,95020,347000,,,Gilroy,,12849.0,,225.0,,125.0,Active,,,https://www.redfin.com/CA/Gilroy/8745-Wild-Iris-Dr-95020/home/1412542,CRMLS,IV23028097,N,Y,37.0213759,-121.614189,,,,,,,,,,,,,,4,5,6,3.0,,336713.0,2579.0,22,Somewhat bikeable,7,Car-dependent,Minimal,Severe,Moderate,Minimal,"Places4 groceries, 27 restaurants, 4 parksTransit68, 84, 85, 86, Express 121, Intercounty, L1, L2, L3, L4, L5, L6, Rapid 568","Feb 17, 2023",Listed (Active)CRMLS #IV23028097,347000.0,"Dec 9, 2020",Pending (Pending (Do Not Show))MLSListings #ML81785538,NA,"Dec 9, 2020",NA,https://www.redfin.com/CA/Gilroy/8745-Wild-Iris-Dr-95020/home/1412542,Listing RemovedMLSListings #ML81785538,"Jul 8, 2020",Relisted (Active)MLSListings #ML81785538,NA,"Jul 5, 2020",Listing RemovedMLSListings #ML81785538,NA,"Apr 30, 2020",Price ChangedMLSListings #ML81785538,339550.0,"Apr 28, 2020",Price ChangedMLSListings #ML81785538,348950.0,"Mar 5, 2020",Listed (Active)MLSListings #ML81785538,359000.0,,,,,,,,,,,,
MLS Listing,,Vacant Land,7265 Eagle Ridge Dr,Gilroy,CA,95020,448000,,,GILROY,,37605.0,,226.0,,184.0,Active,,,https://www.redfin.com/CA/Gilroy/7265-Eagle-Ridge-Dr-95020/home/161081333,MLSListings,ML81919113,N,Y,36.99857,-121.608242,,,,,,,,,"Electricity (Available at Street), Gas (Available at Street)",,"Common Area Electricity, Insurance (Common Area), Maintenance (Common Area), Pools, Spa, or Tennis, Security Service, Other (See Remarks)",,Eagle Ridge,5,5,4,2.5,,413772.0,3352.0,1,Somewhat bikeable,12,Car-dependent,Minimal,Severe,Moderate,Minimal,"Places6 groceries, 32 restaurants, 6 parksTransit68, 84, 85, 86, Express 121, Intercounty, L1, L2, L3, L4, L5, L6, Rapid 568","May 5, 2023",Price ChangedMLSListings #ML81919113,448000.0,"Feb 16, 2023",Listed (Active)MLSListings #ML81919113,498000.0,,,https://www.redfin.com/CA/Gilroy/7265-Eagle-Ridge-Dr-95020/home/161081333,,,,,,,,,,,,,,,,,,,,,,,,,,,,
MLS Listing,,Other,0 Hollyhock Ln,Gilroy,CA,95020,11999950,,,GILROY,,6534000.0,,233.0,,,Active,,,https://www.redfin.com/CA/Gilroy/Hollyhock-Ln-95020/home/21840451,MLSListings,ML81918445,N,Y,37.0177834,-121.6139021,,,,,,,,,Electricity (Not On Site),,,,,NA,NA,NA,2.5,,,84847.0,19,Somewhat bikeable,6,Car-dependent,NA,NA,NA,NA,"Places5 groceries, 27 restaurants, 4 parksTransit68, 84, 85, 86, Express 121, Intercounty, L1, L2, L3, L4, L5, L6, Rapid 568","Feb 9, 2023",Listed (Active)MLSListings #ML81918445,11999950.0,,,,,,https://www.redfin.com/CA/Gilroy/Hollyhock-Ln-95020/home/21840451,,,,,,,,,,,,,,,,,,,,,,,,,,,,
MLS Listing,,Vacant Land,2030 Portmarnock Way,Gilroy,CA,95020,429000,,,GILROY,,18730.0,,253.0,,185.0,Active,,,https://www.redfin.com/CA/Gilroy/2030-Portmarnock-Way-95020/home/113790614,MLSListings,ML81916719,N,Y,36.99698,-121.603597,,,,,,,,,"Electricity (Available at Street), Gas (Available at Street)",,"Insurance (Common Area), Maintenance (Common Area), Pools, Spa, or Tennis, Security Service",,Eagle Ridge HOA,5,5,4,2.5,,403728.0,3218.0,9,Somewhat bikeable,8,Car-dependent,Minimal,Severe,Moderate,Minimal,"Places6 groceries, 32 restaurants, 5 parksTransit68, 84, 85, 86, Express 121, Intercounty, L1, L2, L3, L4, L5, L6, Rapid 568","Jul 19, 2023",Price ChangedMLSListings #ML81916719,429000.0,"May 17, 2023",Price ChangedMLSListings #ML81916719,449000.0,"Jan 20, 2023",499000.0,https://www.redfin.com/CA/Gilroy/2030-Portmarnock-Way-95020/home/113790614,Listed (Active)MLSListings #ML81916719,"Jun 14, 2020",ContingentMLSListings #ML81748422,NA,"May 27, 2020",Price ChangedMLSListings #ML81748422,299000.0,"Apr 23, 2019",Listed (Active)MLSListings #ML81748422,385000.0,,,,,,,,,,,,,,,,,,
MLS Listing,,Vacant Land,2920 Club Dr,Gilroy,CA,95020,449000,,,GILROY,,72752.0,,263.0,,185.0,Active,,,https://www.redfin.com/CA/Gilroy/2920-Club-Dr-95020/home/86720715,MLSListings,ML81915894,N,Y,37.0022331,-121.6143311,,,,,,,,,"Electricity (Available at Street), Gas (Available at Street)",,"Common Area Electricity, Common Area Gas, Door Person, Insurance, Maintenance (Common Area), Management Fee, Pools, Spa, or Tennis, Reserves",,Eagle Ridge Community HOA,5,5,4,2.5,,416089.0,3360.0,,,12,Car-dependent,NA,NA,NA,NA,"Places5 groceries, 29 restaurants, 8 parksTransit68, 84, 85, 86, Express 121, Intercounty, L1, L2, L3, L4, L5, L6, Rapid 568","May 17, 2023",Price ChangedMLSListings #ML81915894,449000.0,"Jan 10, 2023",Listed (Active)MLSListings #ML81915894,499000.0,"Dec 29, 2017",NA,https://www.redfin.com/CA/Gilroy/2920-Club-Dr-95020/home/86720715,Listing RemovedSDMLS #301800997,"Apr 3, 2017",,NA,,,,,,,,,,,,,,,,,,,,,,,,
MLS Listing,,Vacant Land,0 Pacheco Pass Hwy,Gilroy,CA,95020,3500000,,,GILROY,,63379800.0,,396.0,,,Active,,,https://www.redfin.com/CA/Gilroy/0-Pacheco-Pass-Hwy-95020/home/187197696,MLSListings,ML81905641,N,Y,37.0031865,-121.5558949,,,,,,,,,Generator,,,,,4,5,4,2.5,,3009091.0,24747.0,64,Bikeable,55,Somewhat walkable,NA,NA,NA,NA,"Places3 groceries, 38 restaurants, 1 parkTransit68, 84, 85, 86, Express 121, Intercounty, L1, L2, L3, L4, L5, L6, Rapid 568","Aug 30, 2022",Listed (Active)MLSListings #ML81905641,3500000.0,,,,,,https://www.redfin.com/CA/Gilroy/0-Pacheco-Pass-Hwy-95020/home/187197696,,,,,,,,,,,,,,,,,,,,,,,,,,,,
MLS Listing,,Vacant Land,2547 Butch Dr,Gilroy,CA,95020,649000,,,GILROY,,594944.0,,484.0,,,Active,,,https://www.redfin.com/CA/Gilroy/2547-Butch-Dr-95020/home/23470142,MLSListings,ML81894709,N,Y,37.072849,-121.539783,,,,,,,,,,,,,,4,5,6,2.5,,598852.0,4589.0,3,Somewhat bikeable,4,Car-dependent,Minimal,Extreme,Moderate,Minimal,"Places5 groceries, 14 restaurants, 3 parksTransit68, 84, 85, 86, Express 121, Intercounty, L1, L2, L3, L4, L5, L6, Rapid 568, School 287","May 22, 2023",Price ChangedMLSListings #ML81894709,649000.0,"Aug 5, 2022",Price ChangedMLSListings #ML81894709,749000.0,"Jul 4, 2022",778999.0,https://www.redfin.com/CA/Gilroy/2547-Butch-Dr-95020/home/23470142,Price ChangedMLSListings #ML81894709,"Jun 3, 2022",Listed (Active)MLSListings #ML81894709,799000.0,"Oct 20, 2019",Listing RemovedSDMLS #301865637,NA,"Nov 20, 2018",,NA,,,,,,,,,,,,,,,,,,
MLS Listing,,Vacant Land,9820 Burchell Rd,Gilroy,CA,95020,675000,,,GILROY,,1132560.0,,485.0,,,Active,,,https://www.redfin.com/CA/Gilroy/9820-Burchell-Rd-95020/home/23468356,MLSListings,ML81890491,N,Y,37.030932,-121.649446,,,,,,,,,Electricity (Available at Street),,,,,5,5,6,2.5,,609357.0,4773.0,3,Somewhat bikeable,10,Car-dependent,Minimal,Extreme,Moderate,Minimal,"Places3 groceries, 17 restaurants, 10 parksTransit68, 84, 85, 86, Express 121, L1, L2, L3, L4, L5, L6, Rapid 568, School 287","Sep 14, 2023",Relisted (Active)MLSListings #ML81890491,NA,"Sep 14, 2023",Price ChangedMLSListings #ML81890491,675000.0,"Aug 18, 2023",NA,https://www.redfin.com/CA/Gilroy/9820-Burchell-Rd-95020/home/23468356,Pending (Pending (Do Not Show))MLSListings #ML81890491,"Jul 13, 2023",ContingentMLSListings #ML81890491,NA,"May 9, 2023",Price ChangedMLSListings #ML81890491,849000.0,"Nov 2, 2022",Price ChangedMLSListings #ML81890491,950000.0,"May 6, 2022",Listed (Active)MLSListings #ML81890491,1090000.0,"Sep 5, 2000",Listing RemovedMLSListings #ML80006099,NA,"Feb 22, 2000",ListedMLSListings #ML80006099,650000.0,,,,,,,,,
MLS Listing,,Other,1080 Sunrise Dr,Gilroy,CA,95020,1999999,,,GILROY,,40045.0,,545.0,,,Active,,,https://www.redfin.com/CA/Gilroy/1080-Sunrise-Dr-95020/home/1694507,MLSListings,ML81885246,N,Y,37.0327722,-121.6023467,,,,,,,,,"Electricity (Available at Street), Gas (Available at Street), Public Utilities",,,,,4,5,6,2.5,,,14141.0,51,Bikeable,18,Car-dependent,Minimal,Extreme,Moderate,Minimal,"Places8 groceries, 27 restaurants, 4 parksTransit68, 84, 85, 86, Express 121, Intercounty, L1, L2, L3, L4, L5, L6, Rapid 568","Apr 29, 2023",Price ChangedMLSListings #ML81885246,1999999.0,"Jun 23, 2022",Price ChangedMLSListings #ML81885246,1495000.0,"Apr 3, 2022",1999888.0,https://www.redfin.com/CA/Gilroy/1080-Sunrise-Dr-95020/home/1694507,Price ChangedMLSListings #ML81885246,"Apr 3, 2022",Listed (Active)MLSListings #ML81885246,199888.0,,,,,,,,,,,,,,,,,,,,,,,,
MLS Listing,,Other,00 Murphy Canyon Rd,Gilroy,CA,95020,374000,,,GILROY,,435600.0,,730.0,,,Active,,,https://www.redfin.com/CA/Gilroy/Canyon-Ct-95020/home/21840387,MLSListings,ML81864860,N,Y,37.0311016,-121.6024806,,,,,,,,,"Electricity (LESS than 500 feet away), Gas (TBD), Other (See Remarks)",,,,,NA,NA,NA,2.5,,,2644.0,55,Bikeable,20,Car-dependent,NA,NA,NA,NA,"Places7 groceries, 27 restaurants, 4 parksTransit68, 84, 85, 86, Express 121, Intercounty, L1, L2, L3, L4, L5, L6, Rapid 568","Aug 2, 2023",Price ChangedMLSListings #ML81864860,374000.0,"May 27, 2023",Price ChangedMLSListings #ML81864860,379000.0,"Apr 8, 2023",380000.0,https://www.redfin.com/CA/Gilroy/Canyon-Ct-95020/home/21840387,Price ChangedMLSListings #ML81864860,"Nov 19, 2022",Price ChangedMLSListings #ML81864860,399000.0,"Sep 1, 2022",Price ChangedMLSListings #ML81864860,449000.0,"Sep 1, 2022",Price ChangedMLSListings #ML81864860,450000.0,"Jun 15, 2022",Price ChangedMLSListings #ML81864860,499000.0,"May 12, 2022",Price ChangedMLSListings #ML81864860,599000.0,"Jan 12, 2022",Price ChangedMLSListings #ML81864860,749000.0,"Sep 30, 2021",Listed (Active)MLSListings #ML81864860,750000.0,"Jan 19, 2021",Pending (Pending (Do Not Show))MLSListings #ML81825686,NA,"Jan 13, 2021",Listed (Active)MLSListings #ML81825686,250000.0
MLS Listing,,Single Family Residential,2025 Pacheco Pass Hwy,Gilroy,CA,95020,995000,3.0,1.0,GILROY,2682.0,84680.0,1940.0,2576.0,371.0,,Active,,,https://www.redfin.com/CA/Gilroy/2035-Pacheco-Pass-Hwy-95020/home/619491,MLSListings,ML81613873,N,Y,37.0002682,-121.5265405,"Attached Garage, Guest/Visitor Parking, Off-Street Parking",1.0,,Eat in Kitchen,,,Central Forced Air,Central Forced Air,Public Utilities,,,,,4,5,4,2.5,371.0,1021811.0,7035.0,31,Somewhat bikeable,13,Car-dependent,Minimal,Major,Moderate,Minimal,"Places6 groceries, 33 restaurants, 1 parkTransit68, 84, 85, 86, Express 121, Intercounty, L1, L2, L3, L4, L5, L6, Rapid 568","Oct 1, 2020",Listing RemovedSDMLS #301362800,NA,"Jun 24, 2018",Relisted (Active)MLSListings #ML81613619,NA,"Jun 15, 2018",NA,https://www.redfin.com/CA/Gilroy/2035-Pacheco-Pass-Hwy-95020/home/619491,ContingentMLSListings #ML81613619,"Aug 22, 2017",Price ChangedMLSListings #ML81613619,995000.0,"Sep 9, 2016",Price ChangedMLSListings #ML81613619,1150000.0,"Sep 9, 2016",Listed (Active)MLSListings #ML81613619,1100000.0,,,,,,,,,,,,,,,,,,
New Construction Plan,,Townhouse,Plan 1178 Modeled,Gilroy,CA,95020,756500,2.0,2.0,Ascent at Glen Loma Ranch,1178.0,,,,642.0,,Active,,,https://www.redfin.com/CA/Gilroy/Ascent-at-Glen-Loma-Ranch/Plan-1178-Modeled/home/187647441,NewHomeSource.com,Plan-242486788,N,Y,36.9882331,-121.587924,,,,,,,,,,1.0,,,,5,5,4,,642.0,,5349.0,26,Somewhat bikeable,3,Car-dependent,Minimal,Severe,Moderate,Minimal,"Places3 groceries, 29 restaurants, 8 parksTransit68, 84, 85, 86, Express 121, Intercounty, L1, L2, L3, L4, L5, L6, Rapid 568",,,,,,,,,https://www.redfin.com/CA/Gilroy/Ascent-at-Glen-Loma-Ranch/Plan-1178-Modeled/home/187647441,,,,,,,,,,,,,,,,,,,,,,,,,,,,
New Construction Plan,,Single Family Residential,Plan 1,Gilroy,CA,95020,1292900,4.0,3.0,Brix at Glen Loma Ranch,2848.0,,,,454.0,,Active,,,https://www.redfin.com/CA/Gilroy/Brix-at-Glen-Loma-Ranch/Plan-1/home/185249571,NewHomeSource.com,Plan-242543197,N,Y,36.9958983,-121.5902914,,,,,,,,,,,,,,5,5,4,,454.0,,9142.0,41,Somewhat bikeable,4,Car-dependent,Minimal,Severe,Moderate,Minimal,"Places6 groceries, 33 restaurants, 5 parksTransit68, 84, 85, 86, Express 121, Intercounty, L1, L2, L3, L4, L5, L6, Rapid 568",,,,,,,,,https://www.redfin.com/CA/Gilroy/Brix-at-Glen-Loma-Ranch/Plan-1/home/185249571,,,,,,,,,,,,,,,,,,,,,,,,,,,,
New Construction Plan,,Single Family Residential,Plan 2,Gilroy,CA,95020,1220900,4.0,3.0,Brix at Glen Loma Ranch,3045.0,,,,401.0,,Active,,,https://www.redfin.com/CA/Gilroy/Brix-at-Glen-Loma-Ranch/Plan-2/home/185249587,NewHomeSource.com,Plan-242543196,N,Y,36.9958983,-121.5902914,,,,,,,,,,,,,,5,5,4,,401.0,,8633.0,41,Somewhat bikeable,4,Car-dependent,Minimal,Severe,Moderate,Minimal,"Places6 groceries, 33 restaurants, 5 parksTransit68, 84, 85, 86, Express 121, Intercounty, L1, L2, L3, L4, L5, L6, Rapid 568",,,,,,,,,https://www.redfin.com/CA/Gilroy/Brix-at-Glen-Loma-Ranch/Plan-2/home/185249587,,,,,,,,,,,,,,,,,,,,,,,,,,,,
New Construction Plan,,Single Family Residential,Plan 3,Gilroy,CA,95020,1324900,4.0,3.5,Brix at Glen Loma Ranch,3335.0,,,,397.0,,Active,,,https://www.redfin.com/CA/Gilroy/Brix-at-Glen-Loma-Ranch/Plan-3/home/185249593,NewHomeSource.com,Plan-242543195,N,Y,36.9958983,-121.5902914,,,,,,,,,,,,,,5,5,4,,397.0,,9368.0,41,Somewhat bikeable,4,Car-dependent,Minimal,Severe,Moderate,Minimal,"Places6 groceries, 33 restaurants, 5 parksTransit68, 84, 85, 86, Express 121, Intercounty, L1, L2, L3, L4, L5, L6, Rapid 568",,,,,,,,,https://www.redfin.com/CA/Gilroy/Brix-at-Glen-Loma-Ranch/Plan-3/home/185249593,,,,,,,,,,,,,,,,,,,,,,,,,,,,
