SALE TYPE,SOLD DATE,PROPERTY TYPE,ADDRESS,CITY,STATE OR PROVINCE,ZIP OR POSTAL CODE,PRICE,BEDS,BATHS,LOCATION,SQUARE FEET,LOT SIZE,YEAR BUILT,DAYS ON MARKET,$/SQUARE FEET,HOA/MONTH,STATUS,NEXT OPEN HOUSE START TIME,NEXT OPEN HOUSE END TIME,URL,SOURCE,MLS#,FAVORITE,INTERESTED,LATITUDE,LONGITUDE,HAS_GARAGE,FLOORING_FEATURES,UTILITIES,HEATING_FEATURES,COOLING_FEATURES,ELEMENTARY_SCHOOL_RATING,MIDDLE_SCHOOL_RATING,HIGH_SCHOOL_RATING,BUYER_AGENCY_COMPENSATION,PRICE_PR_SQFT,REDFIN_ESTIMATE,EST_MONTHLY_PAY,Bike Score,Bike Score_type,Walk Score,Walk Score_type,Flood Factor,Fire Factor,Heat Factor,Wind Factor,OVERALL_NEARBY_PLACES,PRICE_HISTORY1_EVENT_DATE,PRICE_HISTORY1_EVENT_TYPE,PRICE_HISTORY1_PRICE,PRICE_HISTORY2_EVENT_DATE,PRICE_HISTORY2_EVENT_TYPE,PRICE_HISTORY2_PRICE,PRICE_HISTORY3_EVENT_DATE,PRICE_HISTORY3_EVENT_TYPE,PRICE_HISTORY3_PRICE,url,PRICE_HISTORY4_EVENT_DATE,PRICE_HISTORY4_EVENT_TYPE,PRICE_HISTORY4_PRICE,PRICE_HISTORY5_EVENT_DATE,PRICE_HISTORY5_EVENT_TYPE,PRICE_HISTORY5_PRICE,PRICE_HISTORY6_EVENT_DATE,PRICE_HISTORY6_EVENT_TYPE,PRICE_HISTORY6_PRICE,PARK_DESCRIPTION,BATH_DESCRIPTION,DINNING_DESC,LAUNDARY_FEATURES,NUM_STORIES,PRICE_HISTORY7_EVENT_DATE,PRICE_HISTORY7_EVENT_TYPE,PRICE_HISTORY7_PRICE,PRICE_HISTORY8_EVENT_DATE,PRICE_HISTORY8_EVENT_TYPE,PRICE_HISTORY8_PRICE,PRICE_HISTORY9_EVENT_DATE,PRICE_HISTORY9_EVENT_TYPE,PRICE_HISTORY9_PRICE,PRICE_HISTORY10_EVENT_DATE,PRICE_HISTORY10_EVENT_TYPE,PRICE_HISTORY10_PRICE,PRICE_HISTORY11_EVENT_DATE,PRICE_HISTORY11_EVENT_TYPE,PRICE_HISTORY11_PRICE,PRICE_HISTORY12_EVENT_DATE,PRICE_HISTORY12_EVENT_TYPE,PRICE_HISTORY12_PRICE
MLS Listing,,Single Family Residential,332 Michell Ct,Livermore,CA,94551,1250000,3.0,2.0,NORTH LIVERMORE,1350.0,6718.0,1956.0,4,926.0,,Active,,,https://www.redfin.com/CA/Livermore/332-Michell-Ct-94551/home/638229,"bridgeMLS, Bay East AOR, or Contra Costa AOR",41040395,N,Y,37.6900335,-121.7596776,2.0,"Hardwood, Tile, Carpet",All Public Utilities,Forced Air,Central Air,NA,NA,7,2.5,926.0,1255609.0,8838.0,59,Bikeable,44,Car-dependent,Minimal,Severe,Major,Minimal,"Places1 grocery, 25 restaurants, 1 parkTransit10R, 11, 14, 15, 20X, 30R, 580X, ACE, ACETrain, Route 6","Sep 27, 2023","Listed (Active)bridgeMLS, Bay East AOR, or Contra Costa AOR #41040395",1250000.0,"Aug 4, 2021","PendingbridgeMLS, Bay East AOR, or Contra Costa AOR #40959708",NA,"Jul 21, 2021","Listed (New)bridgeMLS, Bay East AOR, or Contra Costa AOR #40959708",899000.0,https://www.redfin.com/CA/Livermore/332-Michell-Ct-94551/home/638229,,,,,,,,,,,,,,,,,,,,,,,,,,,,,,,,
MLS Listing,,Townhouse,1013 Arrowhead Ave,Livermore,CA,94551,699000,2.0,1.5,Not Listed,972.0,4866.0,1985.0,1,719.0,,Active,,,https://www.redfin.com/CA/Livermore/1013-Arrowhead-Ave-94551/home/1424338,"bridgeMLS, Bay East AOR, or Contra Costa AOR",41040689,N,Y,37.7116514,-121.7301373,2.0,"Laminate, Tile",,Central,Central Air,7,6,7,3.0,719.0,719943.0,4942.0,66,Bikeable,51,Somewhat walkable,Minimal,Severe,Major,Minimal,"Places4 groceries, 28 restaurants, 5 parksTransit11, 14, 15, 20X, 30R, ACE, ACETrain","Sep 30, 2023","Listed (Active)bridgeMLS, Bay East AOR, or Contra Costa AOR #41040689",699000.0,,,,,,,https://www.redfin.com/CA/Livermore/1013-Arrowhead-Ave-94551/home/1424338,,,,,,,,,,,,,,,,,,,,,,,,,,,,,,,,
MLS Listing,,Single Family Residential,1117 Olivina Ave,Livermore,CA,94551,769999,3.0,1.0,,982.0,5000.0,1952.0,2,784.0,,Active,October-1-2023 12:00 PM,October-1-2023 03:00 PM,https://www.redfin.com/CA/Livermore/1117-Olivina-Ave-94551/home/580027,"bridgeMLS, Bay East AOR, or Contra Costa AOR",41040663,N,Y,37.6827628,-121.7825483,2.0,Wood,Other Water/Sewer,Natural Gas,Central Air,4,NA,7,2.5,784.0,792686.0,5444.0,80,Very bikeable,86,Very walkable,Minimal,Moderate,Major,Minimal,"Places7 groceries, 29 restaurants, 2 parksTransit10R, 11, 14, 15, 20X, 30R, 580X, 601, 611, ACE, ACETrain, Route 6","Sep 29, 2023","Listed (Active)bridgeMLS, Bay East AOR, or Contra Costa AOR #41040663",769999.0,"Feb 21, 2013","PendingbridgeMLS, Bay East AOR, or Contra Costa AOR #40603998",NA,"Feb 18, 2013","Listed (New)bridgeMLS, Bay East AOR, or Contra Costa AOR #40603998",279900.0,https://www.redfin.com/CA/Livermore/1117-Olivina-Ave-94551/home/580027,,,,,,,,,,,,,,,,,,,,,,,,,,,,,,,,
MLS Listing,,Single Family Residential,201 Flagstone Cmn,Livermore,CA,94550,1095000,3.0,3.0,CARLTON SQUARE,1933.0,2753.0,2004.0,2,566.0,170.0,Active,October-1-2023 02:00 PM,October-1-2023 04:30 PM,https://www.redfin.com/CA/Livermore/201-Flagstone-Cmn-94550/home/1647531,"bridgeMLS, Bay East AOR, or Contra Costa AOR",41038345,N,Y,37.676161,-121.800824,3.0,"Hardwood, Laminate, Carpet",,Central,Zoned,8,7,7,2.5,566.0,1125285.0,7912.0,59,Bikeable,15,Car-dependent,Major,Minor,Moderate,Minimal,"Places6 groceries, 25 restaurants, 9 parksTransit10R, 11, 14, 15, 20X, 30R, 580X, 601, 606, 611, ACE, ACETrain, Route 6","Sep 29, 2023","Listed (Active)bridgeMLS, Bay East AOR, or Contra Costa AOR #41038345",1095000.0,"May 15, 2006","DelistedbridgeMLS, Bay East AOR, or Contra Costa AOR #40164590",NA,"May 6, 2006","ListedbridgeMLS, Bay East AOR, or Contra Costa AOR #40164590",695000.0,https://www.redfin.com/CA/Livermore/201-Flagstone-Cmn-94550/home/1647531,,,,,,,,,,,,,,,,,,,,,,,,,,,,,,,,
MLS Listing,,Single Family Residential,1642 Hollyhock St,Livermore,CA,94551,700000,2.0,1.0,SPRINGTOWN,866.0,6377.0,1963.0,2,808.0,38.0,Active,October-1-2023 01:00 PM,October-1-2023 04:00 PM,https://www.redfin.com/CA/Livermore/1642-Hollyhock-St-94551/home/1675669,"bridgeMLS, Bay East AOR, or Contra Costa AOR",41040540,N,Y,37.714052,-121.7423656,2.0,"Vinyl, Carpet",,Forced Air,Central Air,7,6,7,2.5,808.0,701761.0,4987.0,60,Bikeable,28,Car-dependent,Minor,Extreme,Major,Minimal,"Places3 groceries, 26 restaurants, 5 parksTransit10R, 11, 14, 15, 20X, 30R, 580X, ACE, ACETrain, Route 6","Sep 29, 2023","Listed (Active)bridgeMLS, Bay East AOR, or Contra Costa AOR #41040540",700000.0,,,,,,,https://www.redfin.com/CA/Livermore/1642-Hollyhock-St-94551/home/1675669,,,,,,,,,,,,,,,,,,,,,,,,,,,,,,,,
MLS Listing,,Single Family Residential,137 Rincon Ave,Livermore,CA,94551,699000,4.0,2.0,NORTH LIVERMORE,1365.0,6395.0,1957.0,3,512.0,,Active,,,https://www.redfin.com/CA/Livermore/137-Rincon-Ave-94551/home/884520,"bridgeMLS, Bay East AOR, or Contra Costa AOR",41040519,N,Y,37.6810739,-121.7836978,2.0,Carpet,,Forced Air,,4,NA,7,1.43,512.0,720267.0,4942.0,84,Very bikeable,86,Very walkable,Minor,Moderate,Major,Minimal,"Places8 groceries, 28 restaurants, 2 parksTransit10R, 11, 14, 15, 20X, 30R, 580X, 601, 611, ACE, ACETrain, Route 6","Sep 28, 2023","Listed (Active)bridgeMLS, Bay East AOR, or Contra Costa AOR #41040519",699000.0,,,,,,,https://www.redfin.com/CA/Livermore/137-Rincon-Ave-94551/home/884520,,,,,,,,,,,,,,,,,,,,,,,,,,,,,,,,
MLS Listing,,Single Family Residential,6060 Autumn Leaf Cmn,Livermore,CA,94551,975000,3.0,2.5,Not Listed,1272.0,2567.0,2004.0,3,767.0,145.0,Active,October-1-2023 11:00 AM,October-1-2023 02:00 PM,https://www.redfin.com/CA/Livermore/6060-Autumn-Leaf-Cmn-94551/home/1234505,"bridgeMLS, Bay East AOR, or Contra Costa AOR",41040488,N,Y,37.717479,-121.7230293,2.0,"Laminate, Carpet",,Gravity,Central Air,7,6,7,2.5,767.0,987328.0,7039.0,72,Very bikeable,71,Very walkable,Moderate,Extreme,Major,Minimal,"Places5 groceries, 27 restaurants, 5 parksTransit11, 14, 15, 20X, 30R, ACE, ACETrain","Sep 28, 2023","Listed (Active)bridgeMLS, Bay East AOR, or Contra Costa AOR #41040488",975000.0,"Mar 27, 2019","Pending (Pending - Show for Backups)bridgeMLS, Bay East AOR, or Contra Costa AOR #40853319",NA,"Mar 21, 2019","Price ChangedbridgeMLS, Bay East AOR, or Contra Costa AOR #40853319",676000.0,https://www.redfin.com/CA/Livermore/6060-Autumn-Leaf-Cmn-94551/home/1234505,"Mar 7, 2019","Price ChangedbridgeMLS, Bay East AOR, or Contra Costa AOR #40853319",698000.0,"Feb 21, 2019","Price ChangedbridgeMLS, Bay East AOR, or Contra Costa AOR #40853319",699000.0,"Feb 13, 2019","Listed (New)bridgeMLS, Bay East AOR, or Contra Costa AOR #40853319",727000.0,,,,,,,,,,,,,,,,,,,,,,,
MLS Listing,,Single Family Residential,1122 Batavia Ave,Livermore,CA,94550,1399000,6.0,4.0,SUNSET EAST,3517.0,6200.0,1957.0,3,398.0,,Active,October-1-2023 01:00 PM,October-1-2023 04:00 PM,https://www.redfin.com/CA/Livermore/1122-Batavia-Ave-94550/home/1206659,"bridgeMLS, Bay East AOR, or Contra Costa AOR",41040438,N,Y,37.6693205,-121.7786154,2.0,"Hardwood, Tile, Carpet",,Forced Air,Central Air,8,7,7,2.5,398.0,1428762.0,9892.0,65,Bikeable,47,Car-dependent,Minimal,Moderate,Major,Minimal,"Places7 groceries, 23 restaurants, 4 parksTransit10R, 11, 14, 15, 20X, 30R, 580X, 601, 611, ACE, ACETrain, Route 6","Sep 28, 2023","Listed (Active)bridgeMLS, Bay East AOR, or Contra Costa AOR #41040438",1399000.0,"Oct 15, 2002","DelistedbridgeMLS, Bay East AOR, or Contra Costa AOR #11158376",NA,"Sep 22, 2002","ListedbridgeMLS, Bay East AOR, or Contra Costa AOR #11158376",519000.0,https://www.redfin.com/CA/Livermore/1122-Batavia-Ave-94550/home/1206659,,,,,,,,,,,,,,,,,,,,,,,,,,,,,,,,
MLS Listing,,Single Family Residential,621 Ridgecrest Cir,Livermore,CA,94551,1350000,3.0,2.0,LIVERMORE,1912.0,7280.0,1999.0,3,706.0,,Active,October-1-2023 01:00 PM,October-1-2023 04:00 PM,https://www.redfin.com/CA/Livermore/621-Ridgecrest-Cir-94551/home/580236,MLSListings,ML81943377,N,Y,37.6901654,-121.7555656,2.0,"Hardwood, Laminate",Public Utilities,Central Forced Air,Central Forced Air,NA,5,7,2.5,706.0,1363829.0,9545.0,63,Bikeable,50,Somewhat walkable,Minimal,Severe,Major,Minimal,"Places2 groceries, 26 restaurants, 1 parkTransit10R, 11, 14, 15, 20X, 30R, 580X, ACE, ACETrain, Route 6","Sep 28, 2023",Listed (Active)MLSListings #ML81943377,1350000.0,"Jul 19, 2008","DelistedbridgeMLS, Bay East AOR, or Contra Costa AOR #40353538",NA,"Jul 3, 2008","ListedbridgeMLS, Bay East AOR, or Contra Costa AOR #40353538",620000.0,https://www.redfin.com/CA/Livermore/621-Ridgecrest-Cir-94551/home/580236,,,,,,,,,,"Attached Garage, Off-Street Parking",Double Sinks,Formal Dining Room,"In Utility Room, Washer/Dryer",1.0,,,,,,,,,,,,,,,,,,
MLS Listing,,Single Family Residential,660 Brighton Way,Livermore,CA,94551,1249950,4.0,3.0,SUMMERSET,2393.0,6200.0,1966.0,4,522.0,,Active,October-1-2023 01:00 PM,October-1-2023 04:00 PM,https://www.redfin.com/CA/Livermore/660-Brighton-Way-94551/home/1449342,"bridgeMLS, Bay East AOR, or Contra Costa AOR",41040325,N,Y,37.6897313,-121.7921782,2.0,"Laminate, Vinyl, Carpet",,Zoned,Zoned,7,NA,7,2.5,522.0,1264494.0,8838.0,65,Bikeable,57,Somewhat walkable,Minimal,Severe,Major,Minimal,"Places6 groceries, 24 restaurants, 6 parksTransit10R, 11, 14, 15, 20X, 30R, 580X, 601, 611, ACE, ACETrain, Route 6","Sep 27, 2023","Listed (Active)bridgeMLS, Bay East AOR, or Contra Costa AOR #41040325",1249950.0,,,,,,,https://www.redfin.com/CA/Livermore/660-Brighton-Way-94551/home/1449342,,,,,,,,,,,,,,,,,,,,,,,,,,,,,,,,
MLS Listing,,Single Family Residential,2042 Mars Rd,Livermore,CA,94550,1598000,3.0,2.0,THREE FOUNTAINS,2160.0,10424.0,1971.0,4,740.0,,Active,October-1-2023 01:00 PM,October-1-2023 04:00 PM,https://www.redfin.com/CA/Livermore/2042-Mars-Rd-94550/home/1314290,"bridgeMLS, Bay East AOR, or Contra Costa AOR",41040061,N,Y,37.658829,-121.7839858,2.0,"Tile, Vinyl",,Forced Air,Central Air,8,7,7,2.5,740.0,1677158.0,11299.0,71,Very bikeable,52,Somewhat walkable,Minimal,Moderate,Moderate,Minimal,"Places4 groceries, 25 restaurants, 14 parksTransit10R, 11, 14, 15, 20X, 30R, 580X, 601, 611, ACE, ACETrain, Route 6","Sep 27, 2023","Listed (Active)bridgeMLS, Bay East AOR, or Contra Costa AOR #41040061",1598000.0,"Oct 31, 2012","PendingbridgeMLS, Bay East AOR, or Contra Costa AOR #40592505",NA,"Oct 11, 2012","Listed (New)bridgeMLS, Bay East AOR, or Contra Costa AOR #40592505",720000.0,https://www.redfin.com/CA/Livermore/2042-Mars-Rd-94550/home/1314290,,,,,,,,,,,,,,,,,,,,,,,,,,,,,,,,
MLS Listing,,Single Family Residential,2009 Helsinki Way,Livermore,CA,94550,1295000,3.0,2.0,SUNSET EAST,1493.0,8065.0,1972.0,4,867.0,,Active,October-1-2023 01:00 PM,October-1-2023 04:00 PM,https://www.redfin.com/CA/Livermore/2009-Helsinki-Way-94550/home/880417,"bridgeMLS, Bay East AOR, or Contra Costa AOR",41040320,N,Y,37.6617235,-121.7690755,2.0,Laminate,All Public Utilities,"Forced Air, Natural Gas","Ceiling Fan(s), Central Air",8,7,7,2.5,867.0,1330552.0,9156.0,60,Bikeable,40,Car-dependent,Minimal,Extreme,Major,Minimal,"Places3 groceries, 14 restaurants, 11 parksTransit10R, 11, 14, 15, 20X, 30R, 580X, 601, 611, ACE, ACETrain, Route 6","Sep 27, 2023","Listed (Active)bridgeMLS, Bay East AOR, or Contra Costa AOR #41040320",1295000.0,"Oct 4, 2017","PendingbridgeMLS, Bay East AOR, or Contra Costa AOR #40798526",NA,"Sep 27, 2017","Listed (New)bridgeMLS, Bay East AOR, or Contra Costa AOR #40798526",749888.0,https://www.redfin.com/CA/Livermore/2009-Helsinki-Way-94550/home/880417,,,,,,,,,,,,,,,,,,,,,,,,,,,,,,,,
MLS Listing,,Single Family Residential,1516 College Ave,Livermore,CA,94550,1175000,3.0,3.0,OLD SOUTH SIDE,1846.0,8442.0,1952.0,4,637.0,,Active,October-1-2023 01:00 PM,October-1-2023 04:00 PM,https://www.redfin.com/CA/Livermore/1516-College-Ave-94550/home/1514367,"bridgeMLS, Bay East AOR, or Contra Costa AOR",41040314,N,Y,37.6751205,-121.7750173,2.0,"Hardwood, Linoleum, Carpet",,Forced Air,Central Air,NA,NA,7,2.5,637.0,1192793.0,8308.0,78,Very bikeable,83,Very walkable,Minimal,Minor,Moderate,Minimal,"Places2 groceries, 20 restaurants, 4 parksTransit10R, 11, 14, 15, 20X, 30R, 580X, ACE, ACETrain, Route 6","Sep 27, 2023","Listed (Active)bridgeMLS, Bay East AOR, or Contra Costa AOR #41040314",1175000.0,,,,,,,https://www.redfin.com/CA/Livermore/1516-College-Ave-94550/home/1514367,,,,,,,,,,,,,,,,,,,,,,,,,,,,,,,,
MLS Listing,,Single Family Residential,3145 Caldeira Dr,Livermore,CA,94551,2129950,5.0,4.0,VINSANTO,3687.0,11138.0,2005.0,4,578.0,,Active,October-1-2023 01:00 PM,October-1-2023 04:00 PM,https://www.redfin.com/CA/Livermore/3145-Caldeira-Dr-94550/home/2112268,"bridgeMLS, Bay East AOR, or Contra Costa AOR",41040233,N,Y,37.6647291,-121.7547865,3.0,Carpet,,Zoned,Zoned,8,7,7,2.5,578.0,2213927.0,15060.0,61,Bikeable,14,Car-dependent,Minimal,Severe,Major,Minimal,"Places3 groceries, 14 restaurants, 9 parksTransit10R, 11, 14, 15, 20X, 30R, 580X, ACE, ACETrain, Route 6","Sep 27, 2023","Listed (Active)bridgeMLS, Bay East AOR, or Contra Costa AOR #41040233",2129950.0,,,,,,,https://www.redfin.com/CA/Livermore/3145-Caldeira-Dr-94550/home/2112268,,,,,,,,,,,,,,,,,,,,,,,,,,,,,,,,
MLS Listing,,Single Family Residential,4482 Guilford Pl,Livermore,CA,94550,1795000,5.0,3.0,ESTATE COLLECT.,3261.0,14666.0,1991.0,6,550.0,,Active,October-1-2023 01:30 PM,October-1-2023 04:30 PM,https://www.redfin.com/CA/Livermore/4482-Guilford-Pl-94550/home/911994,"bridgeMLS, Bay East AOR, or Contra Costa AOR",41040127,N,Y,37.6745927,-121.7408519,3.0,"Tile, Carpet, Wood","All Public Utilities, Cable Available",Zoned,Zoned,7,5,7,2.5,550.0,1934078.0,12692.0,60,Bikeable,29,Car-dependent,Minimal,Major,Major,Minimal,"Places2 groceries, 20 restaurants, 8 parksTransit10R, 11, 14, 15, 20X, 30R, 580X, ACE, ACETrain, Route 6","Sep 25, 2023","Listed (New)bridgeMLS, Bay East AOR, or Contra Costa AOR #41040127",1795000.0,"Jul 5, 2007","DelistedbridgeMLS, Bay East AOR, or Contra Costa AOR #40268102",NA,"Jul 4, 2007","ContingentbridgeMLS, Bay East AOR, or Contra Costa AOR #40268102",NA,https://www.redfin.com/CA/Livermore/4482-Guilford-Pl-94550/home/911994,"Jun 29, 2007","Price ChangedbridgeMLS, Bay East AOR, or Contra Costa AOR #40268102",1099950.0,"May 18, 2007","ListedbridgeMLS, Bay East AOR, or Contra Costa AOR #40268102",1124950.0,,,,,,,,,,,,,,,,,,,,,,,,,,
MLS Listing,,Single Family Residential,1449 4th St,Livermore,CA,94550,995000,3.0,2.0,OLD TOWN LIVERMO,1878.0,5500.0,1955.0,7,530.0,,Active,,,https://www.redfin.com/CA/Livermore/1449-4th-St-94550/home/874311,"bridgeMLS, Bay East AOR, or Contra Costa AOR",41040094,N,Y,37.6764185,-121.7771237,1.0,"Tile, Vinyl, Carpet",,Forced Air,"Ceiling Fan(s), Central Air",NA,NA,7,2.5,530.0,1016991.0,7035.0,78,Very bikeable,89,Very walkable,Minor,Minor,Major,Minimal,"Places5 groceries, 24 restaurants, 3 parksTransit10R, 11, 14, 15, 20X, 30R, 580X, ACE, ACETrain, Route 6","Sep 24, 2023","Listed (New)bridgeMLS, Bay East AOR, or Contra Costa AOR #41040094",995000.0,,,,,,,https://www.redfin.com/CA/Livermore/1449-4th-St-94550/home/874311,,,,,,,,,,,,,,,,,,,,,,,,,,,,,,,,
MLS Listing,,Single Family Residential,2248 5th St,Livermore,CA,94550,1100000,4.0,2.5,OLD SOUTH SIDE,1296.0,5000.0,1914.0,8,849.0,,Active,,,https://www.redfin.com/CA/Livermore/2248-5th-St-94550/home/1783358,"bridgeMLS, Bay East AOR, or Contra Costa AOR",41040044,N,Y,37.6791088,-121.7670311,2.0,"Carpet, Engineered Wood",,Forced Air,"Ceiling Fan(s), Central Air",NA,5,7,2.5,849.0,1122728.0,7778.0,80,Very bikeable,97,Walker's paradise,Minimal,Minimal,Major,Minimal,"Places3 groceries, 28 restaurants, 1 parkTransit10R, 11, 14, 15, 20X, 30R, 580X, ACE, ACETrain, Route 6","Sep 23, 2023","Listed (New)bridgeMLS, Bay East AOR, or Contra Costa AOR #41040044",1100000.0,"Jun 3, 2004","DelistedbridgeMLS, Bay East AOR, or Contra Costa AOR #40017850",NA,"May 28, 2004","ListedbridgeMLS, Bay East AOR, or Contra Costa AOR #40017850",444900.0,https://www.redfin.com/CA/Livermore/2248-5th-St-94550/home/1783358,,,,,,,,,,,,,,,,,,,,,,,,,,,,,,,,
MLS Listing,,Single Family Residential,275 Wall St,Livermore,CA,94550,1398000,4.0,2.5,GRANADA,2040.0,6000.0,1964.0,10,685.0,,Active,,,https://www.redfin.com/CA/Livermore/275-Wall-St-94550/home/905639,"bridgeMLS, Bay East AOR, or Contra Costa AOR",41039584,N,Y,37.6760175,-121.7903498,2.0,"Carpet, Engineered Wood",,Forced Air,Central Air,NA,7,7,2.5,685.0,1408899.0,9885.0,72,Very bikeable,53,Somewhat walkable,Minimal,Minimal,Major,Minimal,"Places7 groceries, 26 restaurants, 7 parksTransit10R, 11, 14, 15, 20X, 30R, 580X, 601, 611, ACE, ACETrain, Route 6","Sep 21, 2023","Listed (New)bridgeMLS, Bay East AOR, or Contra Costa AOR #41039584",1398000.0,"Jun 6, 2012","PendingbridgeMLS, Bay East AOR, or Contra Costa AOR #40573633",NA,"May 29, 2012","Price Changed (Price Change)bridgeMLS, Bay East AOR, or Contra Costa AOR #40573633",495000.0,https://www.redfin.com/CA/Livermore/275-Wall-St-94550/home/905639,"May 11, 2012","Listed (New)bridgeMLS, Bay East AOR, or Contra Costa AOR #40573633",510000.0,,,,,,,,,,,,,,,,,,,,,,,,,,,,,
MLS Listing,,Townhouse,1928 De Vaca Way,Livermore,CA,94550,850000,3.0,2.0,IVANHOE VILLAS,1496.0,3725.0,1970.0,11,568.0,,Active,October-1-2023 01:00 PM,October-1-2023 05:00 PM,https://www.redfin.com/CA/Livermore/1928-De-Vaca-Way-94550/home/1750106,"bridgeMLS, Bay East AOR, or Contra Costa AOR",41039721,N,Y,37.6705263,-121.7689624,2.0,"Laminate, Tile","All Public Utilities, Individual Gas Meter","Forced Air, Natural Gas",Central Air,8,7,7,2.5,568.0,883179.0,6010.0,68,Bikeable,48,Car-dependent,Moderate,Moderate,Major,Minimal,"Places3 groceries, 16 restaurants, 5 parksTransit10R, 11, 14, 15, 20X, 30R, 580X, ACE, ACETrain, Route 6","Sep 20, 2023","Listed (New)bridgeMLS, Bay East AOR, or Contra Costa AOR #41039721",850000.0,,,,,,,https://www.redfin.com/CA/Livermore/1928-De-Vaca-Way-94550/home/1750106,,,,,,,,,,,,,,,,,,,,,,,,,,,,,,,,
MLS Listing,,Condo/Co-op,700 Tranquility Cir #2,Livermore,CA,94551,1015000,3.0,3.0,SAGE,2169.0,,2017.0,11,468.0,415.0,Active,October-1-2023 01:00 PM,October-1-2023 04:00 PM,https://www.redfin.com/CA/Livermore/700-Tranquility-Cir-94551/unit-2/home/143115642,"bridgeMLS, Bay East AOR, or Contra Costa AOR",41038875,N,Y,37.7024885,-121.794444,2.0,"Hardwood, Carpet",,Zoned,Zoned,7,NA,7,2.5,468.0,1017758.0,7592.0,49,Somewhat bikeable,2,Car-dependent,Minimal,Extreme,Moderate,Minimal,"Places6 groceries, 25 restaurants, 7 parksTransit10R, 11, 14, 15, 20X, 30R, 580X, ACE, ACETrain, Route 6","Sep 20, 2023","Listed (New)bridgeMLS, Bay East AOR, or Contra Costa AOR #41038875",1015000.0,,,,,,,https://www.redfin.com/CA/Livermore/700-Tranquility-Cir-94551/unit-2/home/143115642,,,,,,,,,,,,,,,,,,,,,,,,,,,,,,,,
MLS Listing,,Condo/Co-op,1087 Murrieta Blvd #234,Livermore,CA,94550,469000,2.0,2.0,,955.0,184754.0,1974.0,14,491.0,540.0,Active,,,https://www.redfin.com/CA/Livermore/1087-Murrieta-Blvd-94550/unit-234/home/2042066,"bridgeMLS, Bay East AOR, or Contra Costa AOR",41039444,N,Y,37.6755971,-121.7807925,,"Laminate, Linoleum, Carpet",,Baseboard,,NA,7,7,2.5,491.0,470079.0,3856.0,79,Very bikeable,82,Very walkable,Minor,Minor,Major,Minimal,"Places7 groceries, 28 restaurants, 2 parksTransit10R, 11, 14, 15, 20X, 30R, 580X, 601, 611, ACE, ACETrain, Route 6","Sep 17, 2023","Listed (New)bridgeMLS, Bay East AOR, or Contra Costa AOR #41039444",469000.0,"Feb 23, 2016","PendingbridgeMLS, Bay East AOR, or Contra Costa AOR #40724893",NA,"Feb 19, 2016","Pending (Pending - Show for Backups)bridgeMLS, Bay East AOR, or Contra Costa AOR #40724893",NA,https://www.redfin.com/CA/Livermore/1087-Murrieta-Blvd-94550/unit-234/home/2042066,"Jan 22, 2016","PendingbridgeMLS, Bay East AOR, or Contra Costa AOR #40724893",NA,"Dec 28, 2015","Listed (Active)bridgeMLS, Bay East AOR, or Contra Costa AOR #40724893",300000.0,,,,,,,,,,,,,,,,,,,,,,,,,,
MLS Listing,,Single Family Residential,2872 Kalapaki Cmn,Livermore,CA,94550,1095990,4.0,3.5,BRIGHTON,1830.0,1404.0,2023.0,16,599.0,209.0,Active,October-1-2023 12:00 PM,October-1-2023 03:00 PM,https://www.redfin.com/CA/Livermore/2872-Kalapaki-CMN-Unknown/home/187530136,"bridgeMLS, Bay East AOR, or Contra Costa AOR",41039346,N,Y,37.685808,-121.762868,2.0,"Concrete, Laminate, Tile, Carpet","Water/Sewer Meter Available, Water/Sewer Meter on Site, Irrigation Connected, Cable Available, Internet Available, Natural Gas Connected, Individual Electric Meter, Individual Gas Meter","Zoned, Natural Gas",Zoned,7,5,7,2.5,599.0,1100389.0,7958.0,77,Very bikeable,87,Very walkable,Minimal,Major,Major,Minimal,"Places1 grocery, 33 restaurants, 0 parksTransit10R, 11, 14, 15, 20X, 30R, 580X, ACE, ACETrain, Route 6","Sep 28, 2023","Price ChangedbridgeMLS, Bay East AOR, or Contra Costa AOR #41039346",1095990.0,"Sep 15, 2023","Listed (New)bridgeMLS, Bay East AOR, or Contra Costa AOR #41039346",1135990.0,,,,https://www.redfin.com/CA/Livermore/2872-Kalapaki-CMN-Unknown/home/187530136,,,,,,,,,,,,,,,,,,,,,,,,,,,,,,,,
MLS Listing,,Vacant Land,21810 Mines Rd,Livermore,CA,94550,550000,,,Livermore,506300.0,506300.0,,17,1.0,,Active,,,https://www.redfin.com/CA/Livermore/21810-Mines-Rd-94550/home/11913238,"bridgeMLS, Bay East AOR, or Contra Costa AOR",41039241,N,Y,37.520426,-121.5457271,,,Water/Sewer See Remarks,,,7,5,7,2.5,1.0,530008.0,3889.0,,,0,Car-dependent,NA,NA,NA,NA,"Places1 grocery, 17 restaurants, 13 parksTransit100, 20X, 30R, 90, ACE, ACETrain","Sep 14, 2023","Listed (New)bridgeMLS, Bay East AOR, or Contra Costa AOR #41039241",550000.0,"Jan 15, 2016","ContingentbridgeMLS, Bay East AOR, or Contra Costa AOR #40700872",NA,"Dec 18, 2015","Price ChangedbridgeMLS, Bay East AOR, or Contra Costa AOR #40700872",375888.0,https://www.redfin.com/CA/Livermore/21810-Mines-Rd-94550/home/11913238,"Oct 9, 2015","Price ChangedbridgeMLS, Bay East AOR, or Contra Costa AOR #40700872",376888.0,"Sep 22, 2015","Price ChangedbridgeMLS, Bay East AOR, or Contra Costa AOR #40700872",379888.0,"Aug 30, 2015","Price ChangedbridgeMLS, Bay East AOR, or Contra Costa AOR #40700872",386888.0,,,,,,"Aug 22, 2015","Price ChangedbridgeMLS, Bay East AOR, or Contra Costa AOR #40700872",388888.0,"Aug 14, 2015","Price ChangedbridgeMLS, Bay East AOR, or Contra Costa AOR #40700872",389888.0,"Jul 16, 2015","Price ChangedbridgeMLS, Bay East AOR, or Contra Costa AOR #40700872",389999.0,"May 28, 2015","Listed (New)bridgeMLS, Bay East AOR, or Contra Costa AOR #40700872",399999.0,,,,,,
MLS Listing,,Single Family Residential,1593 Sunset Dr,Livermore,CA,94551,999950,3.0,2.0,LIVERMORE DOWNS,1064.0,5035.0,1954.0,17,940.0,,Active,October-1-2023 01:00 PM,October-1-2023 04:00 PM,https://www.redfin.com/CA/Livermore/1593-Sunset-Dr-94551/home/884443,"bridgeMLS, Bay East AOR, or Contra Costa AOR",41039138,N,Y,37.6911723,-121.7806593,1.0,Vinyl,,,,4,NA,7,2.25,940.0,1014057.0,7070.0,86,Very bikeable,68,Somewhat walkable,Minimal,Severe,Major,Minimal,"Places6 groceries, 29 restaurants, 6 parksTransit10R, 11, 14, 15, 20X, 30R, 580X, ACE, ACETrain, Route 6","Sep 29, 2023","Price ChangedbridgeMLS, Bay East AOR, or Contra Costa AOR #41039138",999950.0,"Sep 14, 2023","Listed (New)bridgeMLS, Bay East AOR, or Contra Costa AOR #41039138",1038850.0,,,,https://www.redfin.com/CA/Livermore/1593-Sunset-Dr-94551/home/884443,,,,,,,,,,,,,,,,,,,,,,,,,,,,,,,,
MLS Listing,,Single Family Residential,1042 Lomitas Ave,Livermore,CA,94550,1579900,5.0,2.5,WHISPERING PINES,2172.0,8800.0,1971.0,17,727.0,,Active,October-1-2023 01:00 PM,October-1-2023 03:30 PM,https://www.redfin.com/CA/Livermore/1042-Lomitas-Ave-94550/home/541743,"bridgeMLS, Bay East AOR, or Contra Costa AOR",41038082,N,Y,37.657466,-121.7825304,3.0,"Tile, Carpet, Engineered Wood","Individual Electric Meter, Individual Gas Meter","Forced Air, Natural Gas, Fireplace(s)","Ceiling Fan(s), Central Air",8,7,7,2.5,727.0,1613803.0,11171.0,61,Bikeable,52,Somewhat walkable,Minimal,Major,Moderate,Minimal,"Places4 groceries, 24 restaurants, 14 parksTransit10R, 11, 14, 15, 20X, 30R, 580X, 601, 611, ACE, ACETrain, Route 6","Sep 14, 2023","Listed (New)bridgeMLS, Bay East AOR, or Contra Costa AOR #41038082",1579900.0,"Feb 23, 2022","ListedbridgeMLS, Bay East AOR, or Contra Costa AOR #40982354",1600000.0,"Feb 23, 2022","DelistedbridgeMLS, Bay East AOR, or Contra Costa AOR #40982354",NA,https://www.redfin.com/CA/Livermore/1042-Lomitas-Ave-94550/home/541743,,,,,,,,,,,,,,,,,,,,,,,,,,,,,,,,
MLS Listing,,Single Family Residential,526 Caliente Ave,Livermore,CA,94550,1175000,3.0,2.0,699 - Not Defined,1484.0,6000.0,1964.0,17,792.0,,Active,,,https://www.redfin.com/CA/Livermore/526-Caliente-Ave-94550/home/1847367,CRMLS,OC23168293,N,Y,37.670388,-121.7926604,2.0,,,,,NA,7,7,2.5,792.0,1194238.0,8308.0,67,Bikeable,23,Car-dependent,Moderate,Minor,Major,Minimal,"Places6 groceries, 25 restaurants, 9 parksTransit10R, 11, 14, 15, 20X, 30R, 580X, 601, 611, ACE, ACETrain, Route 6","Sep 29, 2023",Price ChangedCRMLS #OC23168293,1175000.0,"Sep 14, 2023",Listed (Active)CRMLS #OC23168293,1199000.0,"Jan 17, 2018","PendingbridgeMLS, Bay East AOR, or Contra Costa AOR #40807188",NA,https://www.redfin.com/CA/Livermore/526-Caliente-Ave-94550/home/1847367,"Jan 11, 2018","Listed (New)bridgeMLS, Bay East AOR, or Contra Costa AOR #40807188",719950.0,,,,,,,,,,,1.0,,,,,,,,,,,,,,,,,,
MLS Listing,,Condo/Co-op,214 Windward Cmn #1,Livermore,CA,94551,725000,2.0,2.0,COPPERHILL,947.0,,1999.0,18,766.0,335.0,Active,October-1-2023 01:00 PM,October-1-2023 03:00 PM,https://www.redfin.com/CA/Livermore/214-Windward-Cmn-94551/unit-1/home/1212223,"bridgeMLS, Bay East AOR, or Contra Costa AOR",41039067,N,Y,37.7094858,-121.8064809,1.0,Laminate,,"Forced Air, Fireplace(s)",Central Air,7,NA,7,2.5,766.0,723434.0,5461.0,43,Somewhat bikeable,12,Car-dependent,Minimal,Extreme,Major,Minimal,"Places5 groceries, 21 restaurants, 7 parksTransit10R, 11, 14, 15, 2, 20X, 30R, 501, 502, 504, 580X, 604, 605, 608, 610, ACE, ACETrain, Route 6","Sep 13, 2023","Listed (New)bridgeMLS, Bay East AOR, or Contra Costa AOR #41039067",725000.0,"Jul 30, 2014","PendingbridgeMLS, Bay East AOR, or Contra Costa AOR #40662486",NA,"Jul 26, 2014","Price Changed (Price Change)bridgeMLS, Bay East AOR, or Contra Costa AOR #40662486",388000.0,https://www.redfin.com/CA/Livermore/214-Windward-Cmn-94551/unit-1/home/1212223,"Jun 19, 2014","Listed (New)bridgeMLS, Bay East AOR, or Contra Costa AOR #40662486",399000.0,,,,,,,,,,,,,,,,,,,,,,,,,,,,,
MLS Listing,,Townhouse,3949 Portola Cmn #3,Livermore,CA,94551,799000,2.0,2.5,Not Listed,1594.0,,2015.0,18,501.0,216.0,Active,October-1-2023 01:00 PM,October-1-2023 04:00 PM,https://www.redfin.com/CA/Livermore/3949-Portola-Cmn-94551/unit-3/home/112886078,"bridgeMLS, Bay East AOR, or Contra Costa AOR",41039004,N,Y,37.690493,-121.754509,2.0,"Tile, Carpet",,Forced Air,Central Air,NA,5,7,2.5,501.0,800048.0,5865.0,63,Bikeable,50,Somewhat walkable,Minimal,Severe,Major,Minimal,"Places2 groceries, 25 restaurants, 2 parksTransit10R, 11, 14, 15, 20X, 30R, 580X, ACE, ACETrain, Route 6","Sep 26, 2023","Price ChangedbridgeMLS, Bay East AOR, or Contra Costa AOR #41039004",799000.0,"Sep 13, 2023","Listed (New)bridgeMLS, Bay East AOR, or Contra Costa AOR #41039004",849000.0,"Jul 22, 2019","Pending (Pending - Show for Backups)bridgeMLS, Bay East AOR, or Contra Costa AOR #40867384",NA,https://www.redfin.com/CA/Livermore/3949-Portola-Cmn-94551/unit-3/home/112886078,"Jul 19, 2019","Price ChangedbridgeMLS, Bay East AOR, or Contra Costa AOR #40867384",599900.0,"Jul 13, 2019","Price ChangedbridgeMLS, Bay East AOR, or Contra Costa AOR #40867384",610000.0,"Jun 19, 2019","Price ChangedbridgeMLS, Bay East AOR, or Contra Costa AOR #40867384",620000.0,,,,,,"May 27, 2019","Listed (New)bridgeMLS, Bay East AOR, or Contra Costa AOR #40867384",624900.0,,,,,,,,,,,,,,,
MLS Listing,,Single Family Residential,220 Yosemite Dr,Livermore,CA,94551,1275000,4.0,2.0,,1561.0,7500.0,1972.0,18,817.0,,Active,,,https://www.redfin.com/CA/Livermore/220-Yosemite-Dr-94551/home/1383926,"bridgeMLS, Bay East AOR, or Contra Costa AOR",41038702,N,Y,37.6811818,-121.8019644,2.0,Laminate,,Central,Central Air,7,7,7,2.5,817.0,1292918.0,9015.0,61,Bikeable,31,Car-dependent,Minimal,Moderate,Moderate,Minimal,"Places6 groceries, 23 restaurants, 8 parksTransit10R, 11, 14, 15, 20X, 30R, 580X, 601, 606, 611, ACE, ACETrain, Route 6","Sep 13, 2023","Listed (New)bridgeMLS, Bay East AOR, or Contra Costa AOR #41038702",1275000.0,"Jun 8, 2018",ListedCCAR #1801401,830000.0,,,,https://www.redfin.com/CA/Livermore/220-Yosemite-Dr-94551/home/1383926,,,,,,,,,,,,,,,,,,,,,,,,,,,,,,,,
MLS Listing,,Single Family Residential,1605 Juniper St,Livermore,CA,94551,974990,3.0,2.0,Not Listed,1620.0,6214.0,1955.0,18,602.0,,Active,,,https://www.redfin.com/CA/Livermore/1605-Juniper-St-94551/home/1347362,"bridgeMLS, Bay East AOR, or Contra Costa AOR",41038955,N,Y,37.6903444,-121.7809264,2.0,"Hardwood Flrs Throughout, Laminate, Tile, Wood",,Forced Air,Central Air,4,NA,7,2.5,602.0,1039327.0,6894.0,86,Very bikeable,68,Somewhat walkable,Moderate,Severe,Major,Minimal,"Places6 groceries, 30 restaurants, 5 parksTransit10R, 11, 14, 15, 20X, 30R, 580X, ACE, ACETrain, Route 6","Sep 13, 2023","Listed (New)bridgeMLS, Bay East AOR, or Contra Costa AOR #41038955",974990.0,,,,,,,https://www.redfin.com/CA/Livermore/1605-Juniper-St-94551/home/1347362,,,,,,,,,,,,,,,,,,,,,,,,,,,,,,,,
MLS Listing,,Single Family Residential,971 Mocho St,Livermore,CA,94550,1099000,4.0,3.0,LIVERMORE,2230.0,6922.0,1964.0,19,493.0,,Active,,,https://www.redfin.com/CA/Livermore/971-Mocho-St-94550/home/900837,MLSListings,ML81933593,N,Y,37.672693,-121.7841474,1.0,"Carpet, Hardwood, Laminate, Tile",Public Utilities,"Central Forced Air (Gas), Wall Furnace",Central Forced Air,NA,7,7,2.5,493.0,1101101.0,7771.0,69,Bikeable,51,Somewhat walkable,Moderate,Minor,Major,Minimal,"Places7 groceries, 27 restaurants, 3 parksTransit10R, 11, 14, 15, 20X, 30R, 580X, 601, 611, ACE, ACETrain, Route 6","Sep 25, 2023",Relisted (Active)MLSListings #ML81933593,NA,"Jul 13, 2023",Pending (Pending (Do Not Show))MLSListings #ML81933593,NA,"Jun 30, 2023",Listed (Active)MLSListings #ML81933593,1099000.0,https://www.redfin.com/CA/Livermore/971-Mocho-St-94550/home/900837,,,,,,,,,,"Attached Garage, Gate/Door Opener, On Street","Primary (Stall Shower(s)), Shower Over Tub, Stall Shower",Dining Area,"Dryer, In Garage, Washer",1.0,,,,,,,,,,,,,,,,,,
MLS Listing,,Single Family Residential,2023 Linden St,Livermore,CA,94551,775000,3.0,1.0,NORTHSIDE,1058.0,5000.0,1954.0,22,733.0,,Active,,,https://www.redfin.com/CA/Livermore/2023-Linden-St-94551/home/124056520,"bridgeMLS, Bay East AOR, or Contra Costa AOR",41038648,N,Y,37.6875248,-121.7739782,,Laminate,,Forced Air,Central Air,NA,NA,7,2.5,733.0,781291.0,5480.0,83,Very bikeable,79,Very walkable,Moderate,Severe,Major,Minimal,"Places5 groceries, 35 restaurants, 0 parksTransit10R, 11, 14, 15, 20X, 30R, 580X, ACE, ACETrain, Route 6","Sep 9, 2023","Listed (New)bridgeMLS, Bay East AOR, or Contra Costa AOR #41038648",775000.0,"Jun 5, 2006","ListedbridgeMLS, Bay East AOR, or Contra Costa AOR #40173939",620000.0,"Jun 5, 2006","DelistedbridgeMLS, Bay East AOR, or Contra Costa AOR #40173939",NA,https://www.redfin.com/CA/Livermore/2023-Linden-St-94551/home/124056520,,,,,,,,,,,,,,,,,,,,,,,,,,,,,,,,
MLS Listing,,Single Family Residential,671 Poplar Ct,Livermore,CA,94551,1849000,4.0,3.0,AMBER RIDGE,2861.0,11180.0,1993.0,23,646.0,,Active,October-1-2023 01:00 PM,October-1-2023 03:30 PM,https://www.redfin.com/CA/Livermore/671-Poplar-Ct-94551/home/1989215,"bridgeMLS, Bay East AOR, or Contra Costa AOR",41038490,N,Y,37.6947028,-121.7532284,3.0,"Hardwood, Engineered Wood","All Public Utilities, Individual Gas Meter","Zoned, Natural Gas",Zoned,NA,5,7,2.5,646.0,1858888.0,13074.0,57,Bikeable,44,Car-dependent,Minimal,Severe,Major,Minimal,"Places3 groceries, 24 restaurants, 2 parksTransit10R, 11, 14, 15, 20X, 30R, 580X, ACE, ACETrain, Route 6","Sep 8, 2023","Listed (New)bridgeMLS, Bay East AOR, or Contra Costa AOR #41038490",1849000.0,"Jun 1, 2022","PendingbridgeMLS, Bay East AOR, or Contra Costa AOR #40994695",NA,"May 25, 2022","Listed (New)bridgeMLS, Bay East AOR, or Contra Costa AOR #40994695",1698000.0,https://www.redfin.com/CA/Livermore/671-Poplar-Ct-94551/home/1989215,,,,,,,,,,,,,,,,,,,,,,,,,,,,,,,,
MLS Listing,,Single Family Residential,1137 Caroline Ct,Livermore,CA,94551,1300000,3.0,2.0,SUMMERSET,1559.0,6091.0,1966.0,24,834.0,,Active,,,https://www.redfin.com/CA/Livermore/1137-Caroline-Ct-94551/home/884831,"bridgeMLS, Bay East AOR, or Contra Costa AOR",41038293,N,Y,37.6900466,-121.7961354,2.0,"Hardwood, Tile, Carpet",,Forced Air,"Ceiling Fan(s), Central Air",7,NA,7,2.5,834.0,1303517.0,9192.0,73,Very bikeable,46,Car-dependent,Moderate,Severe,Major,Minimal,"Places5 groceries, 23 restaurants, 8 parksTransit10R, 11, 14, 15, 20X, 30R, 580X, 601, 611, ACE, ACETrain, Route 6","Sep 7, 2023","Listed (New)bridgeMLS, Bay East AOR, or Contra Costa AOR #41038293",1300000.0,"Jan 13, 2022","PendingbridgeMLS, Bay East AOR, or Contra Costa AOR #40977365",NA,"Jan 7, 2022","Listed (New)bridgeMLS, Bay East AOR, or Contra Costa AOR #40977365",1059000.0,https://www.redfin.com/CA/Livermore/1137-Caroline-Ct-94551/home/884831,,,,,,,,,,,,,,,,,,,,,,,,,,,,,,,,
MLS Listing,,Townhouse,4114 Sugar Pine Way,Livermore,CA,94551,950000,3.0,2.0,SPRINGTOWN,1305.0,6282.0,1986.0,25,728.0,78.0,Active,,,https://www.redfin.com/CA/Livermore/4114-Sugar-Pine-Way-94551/home/1503460,"bridgeMLS, Bay East AOR, or Contra Costa AOR",41038154,N,Y,37.7115919,-121.7510037,2.0,"Laminate, Tile, Carpet","Natural Gas Connected, Individual Gas Meter",Forced Air,Central Air,7,6,7,2.5,728.0,969931.0,6795.0,50,Bikeable,19,Car-dependent,Moderate,Extreme,Major,Minimal,"Places3 groceries, 24 restaurants, 4 parksTransit10R, 11, 14, 15, 20X, 30R, 580X, ACE, ACETrain, Route 6","Sep 6, 2023","Listed (New)bridgeMLS, Bay East AOR, or Contra Costa AOR #41038154",950000.0,,,,,,,https://www.redfin.com/CA/Livermore/4114-Sugar-Pine-Way-94551/home/1503460,,,,,,,,,,,,,,,,,,,,,,,,,,,,,,,,
MLS Listing,,Single Family Residential,1626 4th St,Livermore,CA,94551,1895000,4.0,3.0,OLD SOUTH SIDE,2916.0,5000.0,2022.0,26,650.0,,Active,,,https://www.redfin.com/CA/Livermore/1626-4th-St-94550/home/22685328,"bridgeMLS, Bay East AOR, or Contra Costa AOR",41037918,N,Y,37.67761,-121.774882,1.0,Vinyl,"All Electric, All Public Utilities",Forced Air,Central Air,NA,NA,7,2.5,650.0,1856608.0,13399.0,78,Very bikeable,91,Walker's paradise,Minimal,Minor,Major,Minimal,"Places2 groceries, 23 restaurants, 2 parksTransit10R, 11, 14, 15, 20X, 30R, 580X, ACE, ACETrain, Route 6","Sep 28, 2023","Price ChangedbridgeMLS, Bay East AOR, or Contra Costa AOR #41037920",1895000.0,"Sep 5, 2023","Listed (New)bridgeMLS, Bay East AOR, or Contra Costa AOR #41037920",1995000.0,"Sep 28, 2023","Price ChangedbridgeMLS, Bay East AOR, or Contra Costa AOR #41037918",1895000.0,https://www.redfin.com/CA/Livermore/1626-4th-St-94550/home/22685328,"Sep 5, 2023","Listed (New)bridgeMLS, Bay East AOR, or Contra Costa AOR #41037918",1995000.0,,,,,,,,,,,,,,,,,,,,,,,,,,,,,
MLS Listing,,Single Family Residential,2817 Pardee Pl,Livermore,CA,94550,1599950,4.0,2.5,SHADOWBROOK,2172.0,17641.0,1973.0,26,737.0,,Active,,,https://www.redfin.com/CA/Livermore/2817-Pardee-Pl-94550/home/1847449,"bridgeMLS, Bay East AOR, or Contra Costa AOR",41037580,N,Y,37.6509991,-121.7723693,3.0,Carpet,,Forced Air,Central Air,8,7,7,2.5,737.0,1599526.0,11313.0,48,Somewhat bikeable,12,Car-dependent,Minimal,Extreme,Moderate,Minimal,"Places3 groceries, 13 restaurants, 18 parksTransit10R, 11, 14, 15, 20X, 30R, 580X, 601, 611, ACE, ACETrain, Route 6","Sep 28, 2023","Price ChangedbridgeMLS, Bay East AOR, or Contra Costa AOR #41037580",1599950.0,"Sep 5, 2023","Listed (New)bridgeMLS, Bay East AOR, or Contra Costa AOR #41037580",1699950.0,,,,https://www.redfin.com/CA/Livermore/2817-Pardee-Pl-94550/home/1847449,,,,,,,,,,,,,,,,,,,,,,,,,,,,,,,,
MLS Listing,,Condo/Co-op,188 Heligan Ln #9,Livermore,CA,94551,749000,2.0,2.0,MONTAGE,1180.0,,2010.0,26,635.0,332.0,Active,October-1-2023 01:00 PM,October-1-2023 03:00 PM,https://www.redfin.com/CA/Livermore/188-Heligan-Ln-94551/unit-9/home/22961677,"bridgeMLS, Bay East AOR, or Contra Costa AOR",41038011,N,Y,37.7081082,-121.8021808,1.0,"Laminate, Tile, Carpet","Cable Available, Internet Available",Zoned,Zoned,7,NA,7,2.5,635.0,747695.0,5628.0,60,Bikeable,9,Car-dependent,Minimal,Extreme,Moderate,Minimal,"Places5 groceries, 22 restaurants, 7 parksTransit10R, 11, 14, 15, 2, 20X, 30R, 501, 580X, ACE, ACETrain, Route 6","Sep 5, 2023","Listed (New)bridgeMLS, Bay East AOR, or Contra Costa AOR #41038011",749000.0,"Aug 20, 2020","PendingbridgeMLS, Bay East AOR, or Contra Costa AOR #40916491",NA,"Aug 19, 2020","Price ChangedbridgeMLS, Bay East AOR, or Contra Costa AOR #40916491",584950.0,https://www.redfin.com/CA/Livermore/188-Heligan-Ln-94551/unit-9/home/22961677,"Aug 13, 2020","Listed (New)bridgeMLS, Bay East AOR, or Contra Costa AOR #40916491",599950.0,,,,,,,,,,,,,,,,,,,,,,,,,,,,,
MLS Listing,,Single Family Residential,3036 Bresso Dr,Livermore,CA,94550,1899000,5.0,3.0,Livermore,2890.0,11526.0,2002.0,31,657.0,,Active,,,https://www.redfin.com/CA/Livermore/3036-Bresso-Dr-94550/home/1223521,CRMLS,CV23155850,N,Y,37.6475998,-121.7849649,4.0,,,,,8,7,7,2.0,657.0,1902029.0,13427.0,50,Bikeable,13,Car-dependent,Minimal,Extreme,Major,Minimal,"Places4 groceries, 20 restaurants, 16 parksTransit10R, 11, 14, 15, 20X, 30R, 580X, 601, 606, 611, ACE, ACETrain, Route 6","Sep 6, 2023",Relisted (Active)CRMLS #CV23155850,NA,"Aug 30, 2023",Listed (Active)CRMLS #CV23155850,1899000.0,"Jan 3, 2012","PendingbridgeMLS, Bay East AOR, or Contra Costa AOR #40553162",NA,https://www.redfin.com/CA/Livermore/3036-Bresso-Dr-94550/home/1223521,"Dec 1, 2011","Listed (New)bridgeMLS, Bay East AOR, or Contra Costa AOR #40553162",714900.0,,,,,,,,,,,2.0,,,,,,,,,,,,,,,,,,
MLS Listing,,Vacant Land,18 E Greenville Rd,Livermore,CA,94551,2400000,,,Livermore,5466780.0,5466780.0,,32,0.0,,Active,,,https://www.redfin.com/CA/Livermore/18-Greenville-Rd-94551/home/22695183,"bridgeMLS, Bay East AOR, or Contra Costa AOR",41037604,N,Y,37.7169167,-121.6909313,,,"No Water/Sewer, Sewer Not Available, Water Not Available",,,7,6,7,5.0,,2196620.0,16969.0,5,Somewhat bikeable,0,Car-dependent,Severe,Extreme,Major,Minimal,"Places5 groceries, 23 restaurants, 7 parksTransit11, 14, 15, 20X, 30R, ACE, ACETrain","Aug 30, 2023","Listed (New)bridgeMLS, Bay East AOR, or Contra Costa AOR #41037604",2400000.0,,,,,,,https://www.redfin.com/CA/Livermore/18-Greenville-Rd-94551/home/22695183,,,,,,,,,,,,,,,,,,,,,,,,,,,,,,,,
MLS Listing,,Vacant Land,5625 Greenville Rd,Livermore,CA,94550,8400000,,,Livermore,9557450.0,9557450.0,,34,1.0,,Active,,,https://www.redfin.com/CA/Livermore/5625-Greenville-Rd-94550/home/183938859,"bridgeMLS, Bay East AOR, or Contra Costa AOR",41037401,N,Y,37.6493353,-121.6967426,,,"Water/Sewer Meter on Site, Water/Sewer Meter Paid, Water/Sewer See Remarks, Irrigation Connected, Electricity Connected, Propane, Water Connected, Utilities Underground, Internet Available, Natural Gas Not Available",,,7,5,7,2.0,1.0,7592552.0,59393.0,9,Somewhat bikeable,9,Car-dependent,NA,NA,NA,NA,"Places1 grocery, 19 restaurants, 6 parksTransit10R, 11, 14, 15, 20X, 30R, 580X, ACE, ACETrain, Route 6","Aug 28, 2023","Listed (New)bridgeMLS, Bay East AOR, or Contra Costa AOR #41037401",8400000.0,,,,,,,https://www.redfin.com/CA/Livermore/5625-Greenville-Rd-94550/home/183938859,,,,,,,,,,,,,,,,,,,,,,,,,,,,,,,,
MLS Listing,,Vacant Land,10 Storybook Ln,Livermore,CA,94551,1198000,,,Livermore,347609.0,347609.0,,37,3.0,,Active,,,https://www.redfin.com/CA/Livermore/10-Storybook-Ln-94551/home/17519285,"bridgeMLS, Bay East AOR, or Contra Costa AOR",41037232,N,Y,37.809176,-121.7940109,,,"Water Connected, Electric TBD",,,7,6,7,3.0,3.0,1157649.0,8471.0,,,0,Car-dependent,Minimal,Extreme,Moderate,Minimal,"Places2 groceries, 7 restaurants, 17 parksTransit15, 2, 30R, 335, 35, 385, 501, 504, 623, 635","Aug 25, 2023","Listed (New)bridgeMLS, Bay East AOR, or Contra Costa AOR #41037232",1198000.0,,,,,,,https://www.redfin.com/CA/Livermore/10-Storybook-Ln-94551/home/17519285,,,,,,,,,,,,,,,,,,,,,,,,,,,,,,,,
MLS Listing,,Single Family Residential,1352 Kathy Ct,Livermore,CA,94550,1299000,4.0,2.5,WAGNER FARMS,2102.0,7896.0,1963.0,39,618.0,,Active,,,https://www.redfin.com/CA/Livermore/1352-Kathy-Ct-94550/home/559536,"bridgeMLS, Bay East AOR, or Contra Costa AOR",41036927,N,Y,37.6819725,-121.7287078,2.0,"Hardwood, Laminate, Tile, Carpet",All Public Utilities,Forced Air,"Ceiling Fan(s), Central Air",7,5,7,2.5,618.0,1298011.0,9185.0,73,Very bikeable,37,Car-dependent,Major,Moderate,Major,Minimal,"Places1 grocery, 19 restaurants, 9 parksTransit10R, 11, 14, 15, 20X, 30R, 580X, ACE, ACETrain, Route 6","Sep 14, 2023","Price ChangedbridgeMLS, Bay East AOR, or Contra Costa AOR #41036927",1299000.0,"Aug 23, 2023","Listed (New)bridgeMLS, Bay East AOR, or Contra Costa AOR #41036927",1350000.0,"Mar 21, 2016","Pending (Pending - Show for Backups)bridgeMLS, Bay East AOR, or Contra Costa AOR #40729180",NA,https://www.redfin.com/CA/Livermore/1352-Kathy-Ct-94550/home/559536,"Mar 11, 2016","Price ChangedbridgeMLS, Bay East AOR, or Contra Costa AOR #40729180",759000.0,"Feb 16, 2016","Listed (New)bridgeMLS, Bay East AOR, or Contra Costa AOR #40729180",769000.0,,,,,,,,,,,,,,,,,,,,,,,,,,
MLS Listing,,Vacant Land,11077 Morgan Territory Rd,Livermore,CA,94551,625000,,,Livermore,463391.0,463391.0,,42,1.0,,Active,,,https://www.redfin.com/CA/Livermore/11077-Morgan-Territory-Rd-94551/home/160840017,"bridgeMLS, Bay East AOR, or Contra Costa AOR",41036670,N,Y,37.7949779,-121.7773037,,,,,,7,6,7,2.5,1.0,616862.0,4419.0,,,0,Car-dependent,NA,NA,NA,NA,"Places2 groceries, 22 restaurants, 12 parksTransit10R, 11, 14, 15, 2, 20X, 30R, 501, 580X, 623, ACE, ACETrain, Route 6","Aug 20, 2023","Listed (New)bridgeMLS, Bay East AOR, or Contra Costa AOR #41036670",625000.0,,,,,,,https://www.redfin.com/CA/Livermore/11077-Morgan-Territory-Rd-94551/home/160840017,,,,,,,,,,,,,,,,,,,,,,,,,,,,,,,,
MLS Listing,,Single Family Residential,2438 Cowan Way,Livermore,CA,94550,1725000,3.0,2.5,LIVERMORE,3277.0,10195.0,2006.0,51,526.0,,Active,October-1-2023 02:00 PM,October-1-2023 04:00 PM,https://www.redfin.com/CA/Livermore/2438-Cowan-Way-94550/home/12115374,MLSListings,ML81938075,N,Y,37.6755763,-121.7162364,3.0,Carpet,Public Utilities,Central Forced Air,Central Forced Air,7,5,7,2.5,526.0,,12197.0,53,Bikeable,39,Car-dependent,Moderate,Extreme,Major,Minimal,"Places1 grocery, 18 restaurants, 9 parksTransit10R, 11, 14, 15, 20X, 30R, 580X, ACE, ACETrain","Sep 19, 2023",Price ChangedMLSListings #ML81938075,1725000.0,"Aug 11, 2023",Listed (Active)MLSListings #ML81938075,1850000.0,,,,https://www.redfin.com/CA/Livermore/2438-Cowan-Way-94550/home/12115374,,,,,,,,,,"Attached Garage, Off-Street Parking","Double Sinks, Full on Ground Floor, Half on Ground Floor, Primary - Oversized Tub, Primary (Stall Shower(s)), Shower Over Tub, Tile, Tub in Master Bedroom","Eat in Kitchen, Formal Dining Room","In Utility Room, Washer/Dryer",1.0,,,,,,,,,,,,,,,,,,
MLS Listing,,Mobile/Manufactured Home,1240 Via Jose #96,Livermore,CA,94551,218888,2.0,2.0,LIVERMORE,920.0,,1995.0,56,238.0,,Active,,,https://www.redfin.com/CA/Livermore/1240-Via-Jose-94551/unit-96/home/21854738,MLSListings,ML81937454,N,Y,37.6978563,-121.7895488,,"Laminate, Vinyl/Linoleum, Other (See Remarks)","Individual Electric Meters, Individual Gas Meters",Central Forced Air,"Central Forced Air, Other (See Remarks)",7,NA,7,3.0,238.0,213574.0,1548.0,55,Bikeable,29,Car-dependent,Minimal,Extreme,Moderate,Minimal,"Places3 groceries, 28 restaurants, 7 parksTransit10R, 11, 14, 15, 20X, 30R, 580X, ACE, ACETrain, Route 6","Sep 18, 2023",Relisted (Active)MLSListings #ML81937454,NA,"Sep 8, 2023",ContingentMLSListings #ML81937454,NA,"Aug 6, 2023",Listed (Active)MLSListings #ML81937454,218888.0,https://www.redfin.com/CA/Livermore/1240-Via-Jose-94551/unit-96/home/21854738,"May 4, 2022","Pending (Pending - Show for Backups)bridgeMLS, Bay East AOR, or Contra Costa AOR #40986329",NA,"May 1, 2022","Relisted (Back On Market)bridgeMLS, Bay East AOR, or Contra Costa AOR #40986329",NA,"Apr 26, 2022","PendingbridgeMLS, Bay East AOR, or Contra Costa AOR #40986329",NA,"Carport, Guest/Visitor Parking, Tandem Parking, Other",,"Breakfast Bar, Eat in Kitchen, Other (See Remarks)",Washer/Dryer,,"Apr 20, 2022","Relisted (Back On Market)bridgeMLS, Bay East AOR, or Contra Costa AOR #40986329",NA,"Apr 13, 2022","Pending (Pending - Show for Backups)bridgeMLS, Bay East AOR, or Contra Costa AOR #40986329",NA,"Apr 6, 2022","Relisted (Back On Market)bridgeMLS, Bay East AOR, or Contra Costa AOR #40986329",NA,"Mar 30, 2022","Pending (Pending - Show for Backups)bridgeMLS, Bay East AOR, or Contra Costa AOR #40986329",NA,"Mar 30, 2022","PendingbridgeMLS, Bay East AOR, or Contra Costa AOR #40986329",NA,"Mar 25, 2022","Listed (New)bridgeMLS, Bay East AOR, or Contra Costa AOR #40986329",159900.0
MLS Listing,,Single Family Residential,9325 Lupin Way,Livermore,CA,94550,2290000,3.0,2.0,RuralRanch,2696.0,257004.0,1989.0,59,849.0,,Active,October-1-2023 01:00 PM,October-1-2023 03:30 PM,https://www.redfin.com/CA/Livermore/9325-Lupin-Way-94550/home/970449,"bridgeMLS, Bay East AOR, or Contra Costa AOR",41035038,N,Y,37.685956,-121.678636,3.0,"Hardwood, Tile, Carpet",,"Forced Air, Propane",Central Air,7,5,7,2.5,849.0,2217860.0,16192.0,5,Somewhat bikeable,2,Car-dependent,Minimal,Extreme,Major,Minimal,"Places4 groceries, 19 restaurants, 2 parksTransit11, 14, 15, 20X, 30R, ACE, ACETrain","Sep 1, 2023","Price ChangedbridgeMLS, Bay East AOR, or Contra Costa AOR #41035038",2290000.0,"Aug 3, 2023","Listed (New)bridgeMLS, Bay East AOR, or Contra Costa AOR #41035038",2450000.0,,,,https://www.redfin.com/CA/Livermore/9325-Lupin-Way-94550/home/970449,,,,,,,,,,,,,,,,,,,,,,,,,,,,,,,,
MLS Listing,,Single Family Residential,2157 Zinfandel Ct,Livermore,CA,94550,2399000,4.0,3.0,SOUTH LIVERMORE,4164.0,21362.0,1991.0,76,576.0,,Active,,,https://www.redfin.com/CA/Livermore/2157-Zinfandel-Ct-94550/home/1990393,"bridgeMLS, Bay East AOR, or Contra Costa AOR",41033358,N,Y,37.6643458,-121.7670725,3.0,"Hardwood, Tile, Carpet",Natural Gas Connected,Zoned,Zoned,8,7,7,2.5,576.0,2363280.0,16962.0,61,Bikeable,28,Car-dependent,Minimal,Extreme,Major,Minimal,"Places3 groceries, 15 restaurants, 6 parksTransit10R, 11, 14, 15, 20X, 30R, 580X, 601, 611, ACE, ACETrain, Route 6","Aug 23, 2023","Price ChangedbridgeMLS, Bay East AOR, or Contra Costa AOR #41033358",2399000.0,"Jul 17, 2023","Listed (New)bridgeMLS, Bay East AOR, or Contra Costa AOR #41033358",2599000.0,,,,https://www.redfin.com/CA/Livermore/2157-Zinfandel-Ct-94550/home/1990393,,,,,,,,,,,,,,,,,,,,,,,,,,,,,,,,
MLS Listing,,Single Family Residential,,Livermore,CA,94550,765000,2.0,1.0,,800.0,10058.0,1961.0,77,956.0,,Active,,,https://www.redfin.com/CA/Livermore/Undisclosed-address-94550/home/1895957,"bridgeMLS, Bay East AOR, or Contra Costa AOR",41031319,N,Y,37.6834726,-121.759661,2.0,Hardwood,,Gravity,Central Air,7,5,7,1.0,956.0,,5409.0,72,Very bikeable,58,Somewhat walkable,NA,NA,NA,NA,"Places1 grocery, 27 restaurants, 1 parkTransit10R, 11, 14, 15, 20X, 30R, 580X, ACE, ACETrain, Route 6","Sep 16, 2023","Price ChangedbridgeMLS, Bay East AOR, or Contra Costa AOR #41031319",765000.0,"Sep 15, 2023","Price ChangedbridgeMLS, Bay East AOR, or Contra Costa AOR #41031319",389000.0,"Sep 15, 2023","Relisted (Back On Market)bridgeMLS, Bay East AOR, or Contra Costa AOR #41031319",NA,https://www.redfin.com/CA/Livermore/Undisclosed-address-94550/home/1895957,"Aug 25, 2023","PendingbridgeMLS, Bay East AOR, or Contra Costa AOR #41031319",NA,"Aug 24, 2023","Pending (Pend-REO)bridgeMLS, Bay East AOR, or Contra Costa AOR #41031319",NA,"Jul 22, 2023","Price ChangedbridgeMLS, Bay East AOR, or Contra Costa AOR #41031319",765000.0,,,,,,"Jun 24, 2023","Listed (Active-REO)bridgeMLS, Bay East AOR, or Contra Costa AOR #41031319",799000.0,"Mar 20, 2014","Pending (Pending - Show for Backups)bridgeMLS, Bay East AOR, or Contra Costa AOR #40649626",NA,"Mar 17, 2014","Listed (New)bridgeMLS, Bay East AOR, or Contra Costa AOR #40649626",800000.0,,,,,,,,,
MLS Listing,,Single Family Residential,12400 Morgan Territory Rd,Livermore,CA,94551,4388000,5.0,5.5,NORTH LIVERMORE,5992.0,874685.0,1975.0,83,732.0,,Active,October-1-2023 01:00 PM,October-1-2023 04:00 PM,https://www.redfin.com/CA/Livermore/12400-Morgan-Territory-Rd-94551/home/12166467,"bridgeMLS, Bay East AOR, or Contra Costa AOR",41032665,N,Y,37.774888,-121.781083,5.0,"Tile, Engineered Wood","Internet Available, Propane Tank Leased, Individual Electric Meter","Electric, Heat Pump, Propane",Zoned,7,6,7,2.5,732.0,4320859.0,31026.0,,,0,Car-dependent,Minimal,Severe,Moderate,Minimal,"Places2 groceries, 23 restaurants, 12 parksTransit10R, 11, 14, 15, 2, 20X, 30R, 501, 580X, ACE, ACETrain, Route 6","Jul 10, 2023","Listed (New)bridgeMLS, Bay East AOR, or Contra Costa AOR #41032665",4388000.0,"Dec 14, 2019","PendingbridgeMLS, Bay East AOR, or Contra Costa AOR #40886759",NA,"Nov 22, 2019","Price ChangedbridgeMLS, Bay East AOR, or Contra Costa AOR #40886759",2098000.0,https://www.redfin.com/CA/Livermore/12400-Morgan-Territory-Rd-94551/home/12166467,"Oct 23, 2019","Listed (New)bridgeMLS, Bay East AOR, or Contra Costa AOR #40886759",2348000.0,,,,,,,,,,,,,,,,,,,,,,,,,,,,,
MLS Listing,,Vacant Land,1 San Antonio Valley Rd,Livermore,CA,94550,399000,,,Livermore,,12153676.0,,83,,,Active,,,https://www.redfin.com/CA/Livermore/1-San-Antonio-Valley-Rd-94550/home/186057046,MetroList,223064464,N,Y,37.3544802,-121.5587979,,,Off Grid,,,NA,NA,NA,,,,2821.0,,,0,Car-dependent,Minimal,Moderate,Moderate,Minimal,"Places4 groceries, 25 restaurants, 13 parksTransit31, 39, 42, 68, 87, Express 121, Rapid 568, School 287",,,,,,,,,,https://www.redfin.com/CA/Livermore/1-San-Antonio-Valley-Rd-94550/home/186057046,,,,,,,,,,,,,,,,,,,,,,,,,,,,,,,,
MLS Listing,,Vacant Land,57 San Antonio Valley Rd,Livermore,CA,94550,399000,,,Livermore,,18585745.0,,83,,,Active,,,https://www.redfin.com/CA/Livermore/57-San-Antonio-Valley-Rd-94550/home/186057025,MetroList,223064460,N,Y,37.3544802,-121.5587979,,,Off Grid,,,NA,NA,NA,,,,2821.0,,,0,Car-dependent,Minimal,Moderate,Moderate,Minimal,"Places4 groceries, 25 restaurants, 13 parksTransit31, 39, 42, 68, 87, Express 121, Rapid 568, School 287",,,,,,,,,,https://www.redfin.com/CA/Livermore/57-San-Antonio-Valley-Rd-94550/home/186057025,,,,,,,,,,,,,,,,,,,,,,,,,,,,,,,,
MLS Listing,,Vacant Land,33 San Antonio Valley Rd,Livermore,CA,94550,499000,,,Livermore,,18585745.0,,83,,,Active,,,https://www.redfin.com/CA/Livermore/33-San-Antonio-Valley-Rd-94550/home/186057001,MetroList,223064457,N,Y,37.3544802,-121.5587979,,,Off Grid,,,NA,NA,NA,,,,3528.0,,,0,Car-dependent,Minimal,Moderate,Moderate,Minimal,"Places4 groceries, 25 restaurants, 13 parksTransit31, 39, 42, 68, 87, Express 121, Rapid 568, School 287",,,,,,,,,,https://www.redfin.com/CA/Livermore/33-San-Antonio-Valley-Rd-94550/home/186057001,,,,,,,,,,,,,,,,,,,,,,,,,,,,,,,,
MLS Listing,,Vacant Land,31 San Antonio Valley Rd,Livermore,CA,94550,499000,,,Livermore,,17312486.0,,83,,,Active,,,https://www.redfin.com/CA/Livermore/31-San-Antonio-Valley-Rd-94550/home/186056982,MetroList,223064441,N,Y,37.3544802,-121.5587979,,,Off Grid,,,NA,NA,NA,,,,3528.0,,,0,Car-dependent,Minimal,Moderate,Moderate,Minimal,"Places4 groceries, 25 restaurants, 13 parksTransit31, 39, 42, 68, 87, Express 121, Rapid 568, School 287",,,,,,,,,,https://www.redfin.com/CA/Livermore/31-San-Antonio-Valley-Rd-94550/home/186056982,,,,,,,,,,,,,,,,,,,,,,,,,,,,,,,,
MLS Listing,,Condo/Co-op,1085 Murrieta Blvd #206,Livermore,CA,94550,439000,1.0,1.0,MURRIETA,758.0,184754.0,1974.0,84,579.0,483.0,Active,,,https://www.redfin.com/CA/Livermore/1085-Murrieta-Blvd-94550/unit-206/home/11925843,"bridgeMLS, Bay East AOR, or Contra Costa AOR",41032368,N,Y,37.6754698,-121.7812487,,Linoleum,,Baseboard,Wall/Window Unit(s),NA,7,7,2.5,579.0,436018.0,3587.0,79,Very bikeable,82,Very walkable,Major,Minor,Moderate,Minimal,"Places7 groceries, 28 restaurants, 2 parksTransit10R, 11, 14, 15, 20X, 30R, 580X, 601, 611, ACE, ACETrain, Route 6","Sep 1, 2023","Listed (Active)bridgeMLS, Bay East AOR, or Contra Costa AOR #41032368",439000.0,"Sep 1, 2023","Relisted (Active)bridgeMLS, Bay East AOR, or Contra Costa AOR #41032368",NA,"Aug 31, 2023","DelistedbridgeMLS, Bay East AOR, or Contra Costa AOR #41032368",NA,https://www.redfin.com/CA/Livermore/1085-Murrieta-Blvd-94550/unit-206/home/11925843,"Jul 24, 2023","Price ChangedbridgeMLS, Bay East AOR, or Contra Costa AOR #41032368",439000.0,"Jul 7, 2023","Listed (New)bridgeMLS, Bay East AOR, or Contra Costa AOR #41032368",449000.0,,,,,,,,,,,,,,,,,,,,,,,,,,
MLS Listing,,Townhouse,149 Ganesha Cmn,Livermore,CA,94551,849000,3.0,3.5,,1568.0,1272.0,2017.0,100,541.0,240.0,Active,,,https://www.redfin.com/CA/Livermore/149-Ganesha-Cmn-94551/home/143119421,"bridgeMLS, Bay East AOR, or Contra Costa AOR",41031173,N,Y,37.687067,-121.7615557,2.0,"Laminate, Tile",,Forced Air,Central Air,7,5,7,3.0,541.0,837971.0,6243.0,76,Very bikeable,59,Somewhat walkable,Minimal,Major,Major,Minimal,"Places1 grocery, 29 restaurants, 0 parksTransit10R, 11, 14, 15, 20X, 30R, 580X, ACE, ACETrain, Route 6","Jul 24, 2023","Price ChangedbridgeMLS, Bay East AOR, or Contra Costa AOR #41031173",849000.0,"Jun 23, 2023","Listed (New)bridgeMLS, Bay East AOR, or Contra Costa AOR #41031173",860000.0,"Oct 14, 2019",ContingentMLSListings #ML81762865,NA,https://www.redfin.com/CA/Livermore/149-Ganesha-Cmn-94551/home/143119421,"Aug 26, 2019",Price ChangedMLSListings #ML81762865,709000.0,"Aug 1, 2019",Listed (Active)MLSListings #ML81762865,715000.0,,,,,,,,,,,,,,,,,,,,,,,,,,
MLS Listing,,Single Family Residential,3726 May School Rd,Livermore,CA,94551,2300000,3.0,1.5,NORTH LIVERMORE,1402.0,925138.0,1930.0,108,1641.0,,Active,,,https://www.redfin.com/CA/Livermore/3726-May-School-Rd-94551/home/175029858,"bridgeMLS, Bay East AOR, or Contra Costa AOR",41030455,N,Y,37.7394477,-121.7548816,2.0,"Vinyl, Carpet",Individual Electric Meter,Propane,Wall/Window Unit(s),7,6,7,2.5,1641.0,2219013.0,16262.0,34,Somewhat bikeable,1,Car-dependent,Minimal,Severe,Major,Minimal,"Places3 groceries, 20 restaurants, 6 parksTransit10R, 11, 14, 15, 20X, 30R, 580X, ACE, ACETrain, Route 6","Jun 15, 2023","Listed (New)bridgeMLS, Bay East AOR, or Contra Costa AOR #41030455",2300000.0,,,,,,,https://www.redfin.com/CA/Livermore/3726-May-School-Rd-94551/home/175029858,,,,,,,,,,,,,,,,,,,,,,,,,,,,,,,,
MLS Listing,,Multi-Family (2-4 Unit),2160-2164 7th St,Livermore,CA,94550,1328000,4.0,2.0,LIVERMORE,1704.0,5475.0,1918.0,109,779.0,,Active,,,https://www.redfin.com/CA/Livermore/2160-7th-St-94550/home/1423484,MLSListings,ML81931742,N,Y,37.6767896,-121.7671675,,"Carpet, Vinyl/Linoleum","Individual Electric Meters, Individual Gas Meters, Natural Gas, Public Utilities",Central Forced Air (Gas),Central Forced Air,NA,NA,7,2.5,779.0,,9390.0,80,Very bikeable,92,Walker's paradise,Minimal,Minor,Major,Minimal,"Places4 groceries, 22 restaurants, 2 parksTransit10R, 11, 14, 15, 20X, 30R, 580X, ACE, ACETrain, Route 6","Jul 27, 2023",Price ChangedMLSListings #ML81931742,1328000.0,"Jun 14, 2023",Listed (Active)MLSListings #ML81931742,1350000.0,"Mar 15, 2022","PendingbridgeMLS, Bay East AOR, or Contra Costa AOR #40983552",NA,https://www.redfin.com/CA/Livermore/2160-7th-St-94550/home/1423484,"Mar 4, 2022","Listed (New)bridgeMLS, Bay East AOR, or Contra Costa AOR #40983552",1199000.0,,,,,,,"Assigned Spaces, Carport, Covered Parking, On Street, Varies by Unit",,,"Hookups Only, Washer/Dryer",1.0,,,,,,,,,,,,,,,,,,
MLS Listing,,Single Family Residential,1576 4th St,Livermore,CA,94551,1290000,2.0,2.0,OLD SOUTH SIDE,1846.0,7000.0,1952.0,114,699.0,,Active,,,https://www.redfin.com/CA/Livermore/1576-4th-St-94550/home/1733643,"bridgeMLS, Bay East AOR, or Contra Costa AOR",41007815,N,Y,37.6773627,-121.7756755,2.0,"Vinyl, Carpet",,Forced Air,"Ceiling Fan(s), Central Air, Whole House Fan",NA,NA,7,2.5,699.0,1261471.0,9121.0,78,Very bikeable,90,Walker's paradise,Minimal,Minor,Major,Minimal,"Places3 groceries, 22 restaurants, 1 parkTransit10R, 11, 14, 15, 20X, 30R, 580X, ACE, ACETrain, Route 6","Aug 11, 2023","Price ChangedbridgeMLS, Bay East AOR, or Contra Costa AOR #41007815",1290000.0,"Aug 11, 2023","Relisted (Back On Market)bridgeMLS, Bay East AOR, or Contra Costa AOR #41007815",NA,"Nov 10, 2022","DelistedbridgeMLS, Bay East AOR, or Contra Costa AOR #41007815",NA,https://www.redfin.com/CA/Livermore/1576-4th-St-94550/home/1733643,"Oct 16, 2022","Price ChangedbridgeMLS, Bay East AOR, or Contra Costa AOR #41007815",1338888.0,"Sep 8, 2022","Listed (New)bridgeMLS, Bay East AOR, or Contra Costa AOR #41007815",1388888.0,"Feb 24, 2022","PendingbridgeMLS, Bay East AOR, or Contra Costa AOR #40979731",NA,,,,,,"Feb 15, 2022","Listed (New)bridgeMLS, Bay East AOR, or Contra Costa AOR #40979731",1088000.0,,,,,,,,,,,,,,,
MLS Listing,,Single Family Residential,40805 San Antonio Valley Rd,Livermore,CA,94550,948000,4.0,1.0,RuralRanch,1500.0,10454400.0,1957.0,116,632.0,,Active,,,https://www.redfin.com/CA/Livermore/40805-San-Antonio-Valley-Rd-94550/home/178326308,"bridgeMLS, Bay East AOR, or Contra Costa AOR",41029595,N,Y,37.336925,-121.492833,,"Laminate, Carpet",Internet Available,Forced Air,"Ceiling Fan(s), Central Air, Whole House Fan",4,4,4,2.5,632.0,960491.0,6703.0,,,0,Car-dependent,Moderate,Moderate,Moderate,Minimal,"Places3 groceries, 33 restaurants, 10 parksTransit31, 39, 42, 68, 87, Express 121, L1, L2, L3, L4, L5, L6, Rapid 568, School 287","Sep 28, 2023","Price ChangedbridgeMLS, Bay East AOR, or Contra Costa AOR #41029595",948000.0,"Jul 7, 2023","Price ChangedbridgeMLS, Bay East AOR, or Contra Costa AOR #41029595",965000.0,"Jun 7, 2023","Listed (New)bridgeMLS, Bay East AOR, or Contra Costa AOR #41029595",1095000.0,https://www.redfin.com/CA/Livermore/40805-San-Antonio-Valley-Rd-94550/home/178326308,,,,,,,,,,,,,,,,,,,,,,,,,,,,,,,,
MLS Listing,,Vacant Land,7023008 San Antonio Rd,San Jose,CA,95140,126990,,,699 - Not Defined,,2646581.0,,117,,,Active,,,https://www.redfin.com/CA/Mt-Hamilton/7023008-San-Antonio-RD-95140/home/184217812,CRMLS,HD23023747,N,Y,37.391527,-121.555658,,,,,,4,4,4,5.0,,121157.0,898.0,,,0,Car-dependent,Minimal,Major,Moderate,Minimal,"Places2 groceries, 16 restaurants, 16 parksTransit31, 39, 42, 71, 87","Sep 29, 2023",Relisted (Active)CRMLS #HD23023747,NA,"Jul 10, 2023",Listing RemovedCRMLS #HD23023747,NA,"Jun 20, 2023",Relisted (Active)CRMLS #HD23023747,NA,https://www.redfin.com/CA/Mt-Hamilton/7023008-San-Antonio-RD-95140/home/184217812,"May 16, 2023",Pending (Pending Sale)CRMLS #HD23023747,NA,"Apr 4, 2023",Price ChangedCRMLS #HD23023747,126990.0,"Mar 6, 2023",Price ChangedCRMLS #HD23023747,139999.0,,,,,,"Feb 10, 2023",Listed (Active)CRMLS #HD23023747,150000.0,,,,,,,,,,,,,,,
MLS Listing,,Single Family Residential,20200 Del Puerto Canyon Rd,Livermore,CA,94550,999999,1.0,1.0,LIVERMORE,1092.0,15855840.0,1950.0,123,916.0,,Active,,,https://www.redfin.com/CA/Livermore/20200-Del-Puerto-Canyon-Rd-94550/home/185572880,MLSListings,ML81930081,N,Y,37.3946938,-121.4478932,1.0,"Carpet, Hardwood, Vinyl/Linoleum","Generator, Propane On Site, Solar Panels - Owned",Wall Furnace,Other (See Remarks),4,4,4,3.25,916.0,,7071.0,,,0,Car-dependent,Extreme,Moderate,Moderate,Minimal,"Places5 groceries, 30 restaurants, 17 parksTransit100, 39, 40, 45, 45W, 87, 90, ACE, ACETrain, C - Bart, Express 121, School 287","May 31, 2023",Listed (Active)MLSListings #ML81930081,999999.0,,,,,,,https://www.redfin.com/CA/Livermore/20200-Del-Puerto-Canyon-Rd-94550/home/185572880,,,,,,,,,,Attached Garage,,Dining Area,Inside,1.0,,,,,,,,,,,,,,,,,,
MLS Listing,,Single Family Residential,2020 Victorine Rd,Livermore,CA,94551,14998800,5.0,6.0,Not Listed,8144.0,4645674.0,2008.0,137,1842.0,,Active,,,https://www.redfin.com/CA/Livermore/2020-Victorine-Rd-94551/home/181101896,"bridgeMLS, Bay East AOR, or Contra Costa AOR",41027582,N,Y,37.7882363,-121.7951115,13.0,"Hardwood, Tile, Carpet","Irrigation Available, Individual Electric Meter","Zoned, Propane, Hot Water, Fireplace(s)","Ceiling Fan(s), Zoned, ENERGY STAR Qualified Equipment",7,6,7,2.5,1842.0,13805043.0,106051.0,,,0,Car-dependent,Minimal,Extreme,Moderate,Minimal,"Places3 groceries, 17 restaurants, 10 parksTransit14, 15, 2, 30R, 35, 501, 504, 623","May 17, 2023","Listed (New)bridgeMLS, Bay East AOR, or Contra Costa AOR #41027582",14998800.0,,,,,,,https://www.redfin.com/CA/Livermore/2020-Victorine-Rd-94551/home/181101896,,,,,,,,,,,,,,,,,,,,,,,,,,,,,,,,
MLS Listing,,Single Family Residential,7033 Collier Canyon Rd,Livermore,CA,94551,2887000,3.0,2.0,RuralRanch,2522.0,1524460.0,1968.0,138,1145.0,,Active,,,https://www.redfin.com/CA/Livermore/7033-Collier-Canyon-Rd-94551/home/185122422,"bridgeMLS, Bay East AOR, or Contra Costa AOR",41024347,N,Y,37.7517651,-121.8106513,3.0,"Linoleum, Carpet",,Forced Air,"Ceiling Fan(s), Central Air",7,6,7,2.5,1145.0,2802793.0,20413.0,6,Somewhat bikeable,6,Car-dependent,Major,Extreme,Moderate,Minimal,"Places4 groceries, 19 restaurants, 7 parksTransit14, 15, 2, 30R, 501, 502, 504, 604, 605, 610","May 25, 2023","Relisted (Back On Market)bridgeMLS, Bay East AOR, or Contra Costa AOR #41024347",NA,"Apr 24, 2023","Pending (Pending - Show for Backups)bridgeMLS, Bay East AOR, or Contra Costa AOR #41024347",NA,"Apr 15, 2023","Listed (New)bridgeMLS, Bay East AOR, or Contra Costa AOR #41024347",2887000.0,https://www.redfin.com/CA/Livermore/7033-Collier-Canyon-Rd-94551/home/185122422,,,,,,,,,,,,,,,,,,,,,,,,,,,,,,,,
MLS Listing,,Single Family Residential,2203 Hillstone Dr,Livermore,CA,94551,1799999,5.0,3.0,THE BLUFFS,3584.0,13228.0,2000.0,140,502.0,89.0,Active,October-1-2023 12:00 PM,October-1-2023 03:00 PM,https://www.redfin.com/CA/Livermore/2203-Hillstone-Dr-94551/home/1909524,"bridgeMLS, Bay East AOR, or Contra Costa AOR",41027027,N,Y,37.7294509,-121.7120422,4.0,"Hardwood, Tile, Carpet",,Forced Air,Central Air,7,6,7,2.5,502.0,1746160.0,12816.0,30,Somewhat bikeable,4,Car-dependent,Minimal,Extreme,Major,Minimal,"Places5 groceries, 23 restaurants, 6 parksTransit11, 14, 15, 20X, 30R, ACE, ACETrain","Sep 11, 2023","Price ChangedbridgeMLS, Bay East AOR, or Contra Costa AOR #41027027",1799999.0,"Aug 18, 2023","Relisted (Back On Market)bridgeMLS, Bay East AOR, or Contra Costa AOR #41027027",NA,"Aug 15, 2023","DelistedbridgeMLS, Bay East AOR, or Contra Costa AOR #41027027",NA,https://www.redfin.com/CA/Livermore/2203-Hillstone-Dr-94551/home/1909524,"Jul 28, 2023","Price ChangedbridgeMLS, Bay East AOR, or Contra Costa AOR #41027027",1849999.0,"Jul 14, 2023","Price ChangedbridgeMLS, Bay East AOR, or Contra Costa AOR #41027027",1874999.0,"May 11, 2023","Listed (New)bridgeMLS, Bay East AOR, or Contra Costa AOR #41027027",1899000.0,,,,,,,,,,,,,,,,,,,,,,,
MLS Listing,,Vacant Land,0 Mines Rd,Livermore,CA,94551,129000,,,Livermore,131115.0,131115.0,,152,1.0,,Active,,,https://www.redfin.com/CA/Livermore/0-N-Mines-Rd-94550/home/183979223,"bridgeMLS, Bay East AOR, or Contra Costa AOR",41025956,N,Y,37.6926476,-121.7456535,,,"Sewer Not Available, Water Not Available",,,NA,5,7,2.0,1.0,120031.0,912.0,67,Bikeable,60,Somewhat walkable,NA,NA,NA,NA,"Places2 groceries, 25 restaurants, 4 parksTransit10R, 11, 14, 15, 20X, 30R, 580X, ACE, ACETrain, Route 6","Aug 10, 2023","ContingentbridgeMLS, Bay East AOR, or Contra Costa AOR #41017571",NA,"Jul 28, 2023","Price ChangedbridgeMLS, Bay East AOR, or Contra Costa AOR #41017571",200000.0,"Jan 26, 2023","Listed (New)bridgeMLS, Bay East AOR, or Contra Costa AOR #41017571",250000.0,https://www.redfin.com/CA/Livermore/0-N-Mines-Rd-94550/home/183979223,"May 2, 2023","Listed (New)bridgeMLS, Bay East AOR, or Contra Costa AOR #41025956",129000.0,,,,,,,,,,,,,,,,,,,,,,,,,,,,,
MLS Listing,,Single Family Residential,2406 Pyramid St,Livermore,CA,94550,2550000,3.0,3.0,SOUTH LIVERMORE,4168.0,20423.0,1987.0,166,612.0,38.0,Active,,,https://www.redfin.com/CA/Livermore/2406-Pyramid-St-94550/home/1886160,"bridgeMLS, Bay East AOR, or Contra Costa AOR",41024511,N,Y,37.6557042,-121.7718415,3.0,"Tile, Carpet","All Public Utilities, Internet Available, Individual Electric Meter, Individual Gas Meter",Forced Air,"Ceiling Fan(s), Central Air",8,7,7,2.0,612.0,2544364.0,18068.0,39,Somewhat bikeable,19,Car-dependent,Minimal,Extreme,Moderate,Minimal,"Places4 groceries, 14 restaurants, 17 parksTransit10R, 11, 14, 15, 20X, 30R, 580X, 601, 611, ACE, ACETrain, Route 6","Jun 20, 2023","Price ChangedbridgeMLS, Bay East AOR, or Contra Costa AOR #41024511",2550000.0,"Apr 18, 2023","Listed (New)bridgeMLS, Bay East AOR, or Contra Costa AOR #41024511",2650000.0,"Jun 19, 2020","PendingbridgeMLS, Bay East AOR, or Contra Costa AOR #40906170",NA,https://www.redfin.com/CA/Livermore/2406-Pyramid-St-94550/home/1886160,"May 27, 2020","Listed (New)bridgeMLS, Bay East AOR, or Contra Costa AOR #40906170",1550000.0,,,,,,,,,,,,,,,,,,,,,,,,,,,,,
MLS Listing,,Vacant Land,0 Reuss Rd,Livermore,CA,94550,5000000,,,Livermore,,6354968.0,,174,,,Active,,,https://www.redfin.com/CA/Unknown/Reuss-Rd-94550/home/22695793,MetroList,223028389,N,Y,37.6615489,-121.6604043,,,"Cable TBD, Gas TBD, Generator Permited, Other, See Remarks",,,NA,NA,NA,,,,35353.0,17,Somewhat bikeable,3,Car-dependent,NA,NA,NA,NA,"Places3 groceries, 15 restaurants, 6 parksTransit11, 14, 15, 20X, 30R, ACE, ACETrain","Sep 5, 2018","ContingentbridgeMLS, Bay East AOR, or Contra Costa AOR #40825373",NA,"Jun 8, 2018","Listed (New)bridgeMLS, Bay East AOR, or Contra Costa AOR #40825373",3950000.0,"Dec 22, 2017",Delisted (Off-Market)BAREIS #21714224,NA,https://www.redfin.com/CA/Unknown/Reuss-Rd-94550/home/22695793,"Jun 22, 2017",,NA,,,,,,,,,,,,,,,,,,,,,,,,,,,,,
MLS Listing,,Vacant Land,0000 US Highway 50 E,Livermore,CA,94550,1500000,,,Livermore,1399583.0,1399583.0,,209,1.0,,Active,,,https://www.redfin.com/CA/Livermore/US-Highway-50-94550/home/177462676,"bridgeMLS, Bay East AOR, or Contra Costa AOR",41020873,N,Y,37.721611,-121.693242,,,No Water/Sewer,,,7,6,7,2.0,1.0,1359081.0,10606.0,,,5,Car-dependent,Minimal,Major,Major,Minimal,"Places5 groceries, 23 restaurants, 7 parksTransit11, 14, 15, 20X, 30R, ACE, ACETrain","May 23, 2023","Price ChangedbridgeMLS, Bay East AOR, or Contra Costa AOR #41020873",1500000.0,"Mar 6, 2023","Listed (New)bridgeMLS, Bay East AOR, or Contra Costa AOR #41020873",1350000.0,,,,https://www.redfin.com/CA/Livermore/US-Highway-50-94550/home/177462676,,,,,,,,,,,,,,,,,,,,,,,,,,,,,,,,
MLS Listing,,Vacant Land,Mines Rd,Livermore,CA,94550,129000,,,Livermore,130500.0,130500.0,,272,1.0,,Active,,,https://www.redfin.com/CA/Livermore/Mines-Rd-94550/home/917914,"bridgeMLS, Bay East AOR, or Contra Costa AOR",41016272,N,Y,37.686047,-121.736531,,,No Water/Sewer,,,7,5,7,2.0,1.0,115658.0,912.0,55,Bikeable,36,Car-dependent,Major,Moderate,Major,Minimal,"Places1 grocery, 25 restaurants, 7 parksTransit10R, 11, 14, 15, 20X, 30R, 580X, ACE, ACETrain, Route 6","Jan 2, 2023","Listed (New)bridgeMLS, Bay East AOR, or Contra Costa AOR #41016272",129000.0,"Jan 16, 2019",Listing RemovedSDMLS #301868893,NA,"Mar 16, 2018",,NA,https://www.redfin.com/CA/Livermore/Mines-Rd-94550/home/917914,,,,,,,,,,,,,,,,,,,,,,,,,,,,,,,,
MLS Listing,,Vacant Land,0 San Antonio Valley Rd,San Jose,CA,95140,125000,,,San Jose,,3473522.0,,300,,,Active,,,https://www.redfin.com/CA/Mt-Hamilton/San-Antonio-Valley-Rd-95140/home/22511013,MetroList,222146501,N,Y,37.298402,-121.46161,,,None,,,4,4,4,,,112219.0,884.0,11,Somewhat bikeable,0,Car-dependent,Minimal,Major,Moderate,Minimal,"Places5 groceries, 26 restaurants, 11 parksTransit68, 87, Express 121, L1, L2, L3, L4, L5, L6, Rapid 568, School 287","May 12, 2023",Pending (Pending (Do Not Show))MLSListings #ML81914106,NA,"Apr 12, 2023",ContingentMLSListings #ML81914106,NA,"Dec 1, 2022",Listed (Active)MLSListings #ML81914106,1395000.0,https://www.redfin.com/CA/Mt-Hamilton/San-Antonio-Valley-Rd-95140/home/22511013,"Jun 7, 2023",Relisted (Active)MLSListings #ML81865726,NA,"Jun 1, 2023",Listing RemovedMLSListings #ML81865726,NA,"Oct 6, 2021",Listed (Active)MLSListings #ML81865726,649950.0,,,,,,,,,,,,,,,,,,,,,,,
MLS Listing,,Other,47300 Mines Rd,Livermore,CA,94550,879000,1.0,2.0,LIVERMORE,2190.0,5904258.0,1960.0,305,401.0,,Active,October-1-2023 12:00 PM,October-1-2023 02:00 PM,https://www.redfin.com/CA/Livermore/47300-Mines-Rd-94550/home/17518759,MLSListings,ML81913948,N,Y,37.3923534,-121.4896895,1.0,,Propane On Site,Propane,Central Forced Air,4,4,4,3.0,401.0,,6215.0,8,Somewhat bikeable,7,Car-dependent,Minimal,Major,Moderate,Minimal,"Places2 groceries, 23 restaurants, 17 parksTransit100, 31, 39, 42, 87, 90, Express 121, Rapid 568, School 287","Sep 19, 2023",Price ChangedMLSListings #ML81913948,879000.0,"Apr 24, 2023",Price ChangedMLSListings #ML81913948,899000.0,"Feb 22, 2023",Relisted (Active)MLSListings #ML81913948,NA,https://www.redfin.com/CA/Livermore/47300-Mines-Rd-94550/home/17518759,"Feb 19, 2023",ContingentMLSListings #ML81913948,NA,"Nov 30, 2022",Listed (Active)MLSListings #ML81913948,950000.0,,,,Detached,,Eat in Kitchen,,1.0,,,,,,,,,,,,,,,,,,
MLS Listing,,Vacant Land,3200 Dyer Rd,Livermore,CA,94551,4500000,,,Livermore,344000000.0,344000000.0,,347,0.0,,Active,,,https://www.redfin.com/CA/Livermore/3200-Dyer-Rd-94551/home/182381838,"bridgeMLS, Bay East AOR, or Contra Costa AOR",41012085,N,Y,37.7500501,-121.6777915,,,"Other Water/Sewer, Electricity Connected, Natural Gas Connected, Other On Site",,,7,6,7,2.0,,3627118.0,31818.0,18,Somewhat bikeable,0,Car-dependent,NA,NA,NA,NA,"Places5 groceries, 23 restaurants, 6 parksTransit11, 14, 15, 20X, 30R, ACE, ACETrain","Aug 19, 2023","Price ChangedbridgeMLS, Bay East AOR, or Contra Costa AOR #41012085",4500000.0,"Jun 16, 2023","Price ChangedbridgeMLS, Bay East AOR, or Contra Costa AOR #41012085",5495000.0,"Apr 5, 2023","Price ChangedbridgeMLS, Bay East AOR, or Contra Costa AOR #41012085",6195000.0,https://www.redfin.com/CA/Livermore/3200-Dyer-Rd-94551/home/182381838,"Feb 22, 2023","Price ChangedbridgeMLS, Bay East AOR, or Contra Costa AOR #41012085",6698000.0,"Jan 26, 2023","Price ChangedbridgeMLS, Bay East AOR, or Contra Costa AOR #41012085",7400000.0,"Oct 19, 2022","Listed (New)bridgeMLS, Bay East AOR, or Contra Costa AOR #41012085",7900000.0,,,,,,,,,,,,,,,,,,,,,,,
MLS Listing,,Single Family Residential,7777 Del Valle Rd,Livermore,CA,94550,1500000,3.0,2.0,,2800.0,217156.0,1938.0,360,536.0,,Active,,,https://www.redfin.com/CA/Livermore/7777-Del-Valle-Rd-94550/home/182177623,"bridgeMLS, Bay East AOR, or Contra Costa AOR",41010860,N,Y,37.5738921,-121.6924187,,"Laminate, Tile, Carpet",,Wood Stove,"Ceiling Fan(s), Central Air, Wall/Window Unit(s)",7,5,7,2.5,536.0,1481492.0,10606.0,,,0,Car-dependent,NA,NA,NA,NA,"Places0 groceries, 24 restaurants, 8 parksTransit10R, 11, 14, 15, 20X, 30R, 580X, 601, 611, ACE, ACETrain, Route 6","Oct 6, 2022","Listed (New)bridgeMLS, Bay East AOR, or Contra Costa AOR #41010860",1500000.0,,,,,,,https://www.redfin.com/CA/Livermore/7777-Del-Valle-Rd-94550/home/182177623,,,,,,,,,,,,,,,,,,,,,,,,,,,,,,,,
MLS Listing,,Vacant Land,2301 Concannon Blvd,Livermore,CA,94550,725000,,,SOUTH LIVERMORE,90564.0,90564.0,,1320,8.0,,Active,,,https://www.redfin.com/CA/Livermore/2301-Concannon-Blvd-94550/home/113106213,"bridgeMLS, Bay East AOR, or Contra Costa AOR",40896060,N,Y,37.662783,-121.750492,,,"Other Water/Sewer, Other On Site",,,NA,7,7,3.0,8.0,670365.0,5126.0,57,Bikeable,13,Car-dependent,NA,NA,NA,NA,"Places1 grocery, 16 restaurants, 9 parksTransit10R, 11, 14, 15, 20X, 30R, 580X, ACE, ACETrain, Route 6","Nov 6, 2020","Price ChangedbridgeMLS, Bay East AOR, or Contra Costa AOR #40896060",725000.0,"Feb 19, 2020","Listed (New)bridgeMLS, Bay East AOR, or Contra Costa AOR #40896060",625000.0,"Jan 14, 2019","PendingbridgeMLS, Bay East AOR, or Contra Costa AOR #40770269",NA,https://www.redfin.com/CA/Livermore/2301-Concannon-Blvd-94550/home/113106213,"Jul 6, 2018","Relisted (Active)bridgeMLS, Bay East AOR, or Contra Costa AOR #40770269",NA,"Jul 1, 2018","DelistedbridgeMLS, Bay East AOR, or Contra Costa AOR #40770269",NA,"Jun 22, 2017","Price ChangedbridgeMLS, Bay East AOR, or Contra Costa AOR #40770269",599000.0,,,,,,"Feb 14, 2017","Listed (New)bridgeMLS, Bay East AOR, or Contra Costa AOR #40770269",675000.0,,,,,,,,,,,,,,,
MLS Listing,,Single Family Residential,34360 San Antonio Valley Rd,San Jose,CA,94550,4399000,3.0,2.0,San Jose,1400.0,,1970.0,1763,3142.0,,Active,,,https://www.redfin.com/CA/San-Jose/34360-San-Antonio-Valley-Rd-94550/home/145836698,BAREIS,21813356,N,Y,37.293427,-121.46283,,,Generator,Wall Furnace,"Central, Wall Unit(s)",4,4,4,,3142.0,4122159.0,31104.0,,,0,Car-dependent,Minimal,Major,Moderate,Minimal,"Places4 groceries, 26 restaurants, 11 parksTransit68, 87, Express 121, L1, L2, L3, L4, L5, L6, Rapid 568, School 287","May 26, 2020",Delisted (Off-Market)BAREIS #21813356,NA,"Jun 19, 2019",Relisted (Active)BAREIS #21813356,NA,"May 26, 2019",Delisted (Off-Market)BAREIS #21813356,NA,https://www.redfin.com/CA/San-Jose/34360-San-Antonio-Valley-Rd-94550/home/145836698,"May 25, 2018",Listed (Active)BAREIS #21813356,4399000.0,,,,,,,,,,,1.0,,,,,,,,,,,,,,,,,,
